medium,mapping,stratum,y_true,score,host_seen,phage
LB,strict,near-identical,0,0.9910715,True,Roth37
LB,strict,near-identical,0,0.9910715,True,Roth37
LB,strict,near-identical,0,0.9910715,True,Roth37
LB,strict,near-identical,0,0.96503717,False,Roth37
LB,strict,near-identical,0,0.107115105,True,Roth37
LB,strict,near-identical,1,0.005278311,True,Roth37
LB,strict,near-identical,0,0.96503717,False,Roth37
LB,strict,near-identical,0,0.9976908,True,Roth37
LB,strict,near-identical,1,0.09816019,True,Roth37
LB,strict,near-identical,0,0.96503717,False,Roth37
LB,strict,near-identical,0,0.98464715,True,Roth37
LB,strict,near-identical,0,0.0054854387,True,Roth37
LB,strict,near-identical,0,0.060793724,True,Roth37
LB,strict,near-identical,0,0.060793724,True,Roth37
LB,strict,near-identical,0,0.062112898,True,Roth37
LB,strict,near-identical,0,0.062112898,True,Roth37
LB,strict,near-identical,0,0.070906356,True,Roth37
LB,strict,near-identical,0,0.062112898,True,Roth37
LB,strict,near-identical,0,0.96503717,False,Roth37
LB,strict,near-identical,0,0.96503717,False,Roth37
LB,strict,near-identical,0,0.20559052,True,Roth37
LB,strict,near-identical,0,0.96503717,False,Roth37
LB,strict,near-identical,0,0.96503717,False,Roth37
LB,strict,near-identical,0,0.20559052,True,Roth37
LB,strict,near-identical,0,0.20559052,True,Roth37
LB,strict,near-identical,1,0.96503717,False,Roth37
LB,strict,near-identical,0,0.96503717,False,Roth37
LB,strict,near-identical,0,0.17510408,True,Roth37
LB,strict,near-identical,0,0.10592663,True,Roth37
LB,strict,near-identical,0,0.18510178,True,Roth37
LB,strict,near-identical,0,0.28174847,True,Roth37
LB,strict,near-identical,0,0.031310443,True,Roth37
LB,strict,near-identical,0,0.96503717,False,Roth37
LB,strict,near-identical,0,0.96503717,False,Roth37
LB,strict,near-identical,0,0.96503717,False,Roth37
LB,strict,near-identical,1,0.060793724,True,Roth37
LB,strict,near-identical,0,0.107115105,True,Roth37
LB,strict,near-identical,0,0.107115105,True,Roth37
LB,strict,near-identical,0,0.068529956,True,Roth37
LB,strict,near-identical,0,0.96503717,False,Roth37
LB,strict,near-identical,0,0.008859678,True,Roth37
LB,strict,near-identical,1,0.09211443,True,Roth37
LB,strict,near-identical,0,0.09211443,True,Roth37
LB,strict,near-identical,0,0.09816019,True,Roth37
LB,strict,near-identical,0,0.060793724,True,Roth37
LB,strict,near-identical,0,0.062112898,True,Roth37
LB,strict,near-identical,0,0.5265235,True,Roth37
LB,strict,near-identical,0,0.96503717,False,Roth37
LB,strict,near-identical,0,0.09816019,True,Roth37
LB,strict,near-identical,0,0.03894771,True,Roth37
LB,strict,near-identical,0,0.03894771,True,Roth37
LB,strict,near-identical,0,0.27197737,True,Roth37
LB,strict,near-identical,0,0.17510408,True,Roth37
LB,strict,near-identical,0,0.17510408,True,Roth37
LB,strict,near-identical,0,0.96503717,False,Roth37
LB,strict,near-identical,0,0.96503717,False,Roth37
LB,strict,near-identical,0,0.1767996,True,Roth37
LB,strict,near-identical,0,0.035517957,True,Roth37
LB,strict,near-identical,0,0.035517957,True,Roth37
LB,strict,near-identical,0,0.035517957,True,Roth37
LB,strict,near-identical,0,0.035517957,True,Roth37
LB,strict,near-identical,0,0.035517957,True,Roth37
LB,strict,near-identical,0,0.07446387,True,Roth37
LB,strict,near-identical,0,0.060793724,True,Roth37
LB,strict,near-identical,1,0.060793724,True,Roth37
LB,strict,near-identical,0,0.07446387,True,Roth37
LB,strict,near-identical,0,0.09211443,True,Roth37
LB,strict,near-identical,0,0.09211443,True,Roth37
LB,strict,near-identical,0,0.09211443,True,Roth37
LB,strict,near-identical,0,0.09211443,True,Roth37
LB,strict,near-identical,0,0.09211443,True,Roth37
LB,strict,near-identical,0,0.09211443,True,Roth37
LB,strict,near-identical,0,0.09211443,True,Roth37
LB,strict,near-identical,0,0.09211443,True,Roth37
LB,strict,near-identical,0,0.9910715,True,Roth39
LB,strict,near-identical,0,0.9910715,True,Roth39
LB,strict,near-identical,0,0.9910715,True,Roth39
LB,strict,near-identical,0,0.96503717,False,Roth39
LB,strict,near-identical,0,0.107115105,True,Roth39
LB,strict,near-identical,1,0.005278311,True,Roth39
LB,strict,near-identical,0,0.96503717,False,Roth39
LB,strict,near-identical,0,0.9976908,True,Roth39
LB,strict,near-identical,0,0.96503717,False,Roth39
LB,strict,near-identical,0,0.98464715,True,Roth39
LB,strict,near-identical,0,0.0054854387,True,Roth39
LB,strict,near-identical,0,0.060793724,True,Roth39
LB,strict,near-identical,0,0.060793724,True,Roth39
LB,strict,near-identical,0,0.062112898,True,Roth39
LB,strict,near-identical,0,0.062112898,True,Roth39
LB,strict,near-identical,1,0.070906356,True,Roth39
LB,strict,near-identical,0,0.062112898,True,Roth39
LB,strict,near-identical,0,0.96503717,False,Roth39
LB,strict,near-identical,0,0.96503717,False,Roth39
LB,strict,near-identical,0,0.20559052,True,Roth39
LB,strict,near-identical,0,0.96503717,False,Roth39
LB,strict,near-identical,0,0.96503717,False,Roth39
LB,strict,near-identical,0,0.20559052,True,Roth39
LB,strict,near-identical,0,0.20559052,True,Roth39
LB,strict,near-identical,1,0.96503717,False,Roth39
LB,strict,near-identical,0,0.96503717,False,Roth39
LB,strict,near-identical,0,0.17510408,True,Roth39
LB,strict,near-identical,0,0.10592663,True,Roth39
LB,strict,near-identical,0,0.18510178,True,Roth39
LB,strict,near-identical,0,0.28174847,True,Roth39
LB,strict,near-identical,0,0.031310443,True,Roth39
LB,strict,near-identical,0,0.96503717,False,Roth39
LB,strict,near-identical,0,0.96503717,False,Roth39
LB,strict,near-identical,0,0.96503717,False,Roth39
LB,strict,near-identical,1,0.060793724,True,Roth39
LB,strict,near-identical,0,0.107115105,True,Roth39
LB,strict,near-identical,0,0.107115105,True,Roth39
LB,strict,near-identical,0,0.068529956,True,Roth39
LB,strict,near-identical,0,0.96503717,False,Roth39
LB,strict,near-identical,0,0.008859678,True,Roth39
LB,strict,near-identical,1,0.09211443,True,Roth39
LB,strict,near-identical,0,0.09211443,True,Roth39
LB,strict,near-identical,0,0.09816019,True,Roth39
LB,strict,near-identical,0,0.060793724,True,Roth39
LB,strict,near-identical,0,0.062112898,True,Roth39
LB,strict,near-identical,0,0.5265235,True,Roth39
LB,strict,near-identical,0,0.96503717,False,Roth39
LB,strict,near-identical,0,0.09816019,True,Roth39
LB,strict,near-identical,0,0.03894771,True,Roth39
LB,strict,near-identical,0,0.03894771,True,Roth39
LB,strict,near-identical,0,0.27197737,True,Roth39
LB,strict,near-identical,0,0.17510408,True,Roth39
LB,strict,near-identical,0,0.17510408,True,Roth39
LB,strict,near-identical,0,0.96503717,False,Roth39
LB,strict,near-identical,0,0.96503717,False,Roth39
LB,strict,near-identical,0,0.1767996,True,Roth39
LB,strict,near-identical,0,0.035517957,True,Roth39
LB,strict,near-identical,0,0.035517957,True,Roth39
LB,strict,near-identical,0,0.035517957,True,Roth39
LB,strict,near-identical,0,0.035517957,True,Roth39
LB,strict,near-identical,0,0.035517957,True,Roth39
LB,strict,near-identical,0,0.07446387,True,Roth39
LB,strict,near-identical,0,0.060793724,True,Roth39
LB,strict,near-identical,1,0.060793724,True,Roth39
LB,strict,near-identical,0,0.07446387,True,Roth39
LB,strict,near-identical,0,0.09211443,True,Roth39
LB,strict,near-identical,0,0.09211443,True,Roth39
LB,strict,near-identical,0,0.09211443,True,Roth39
LB,strict,near-identical,0,0.09211443,True,Roth39
LB,strict,near-identical,0,0.09211443,True,Roth39
LB,strict,near-identical,0,0.09211443,True,Roth39
LB,strict,near-identical,0,0.09211443,True,Roth39
LB,strict,near-identical,0,0.09211443,True,Roth39
LB,strict,near-identical,0,0.9910715,True,Roth49
LB,strict,near-identical,0,0.9910715,True,Roth49
LB,strict,near-identical,0,0.9910715,True,Roth49
LB,strict,near-identical,0,0.96503717,False,Roth49
LB,strict,near-identical,0,0.107115105,True,Roth49
LB,strict,near-identical,1,0.005278311,True,Roth49
LB,strict,near-identical,0,0.96503717,False,Roth49
LB,strict,near-identical,0,0.9976908,True,Roth49
LB,strict,near-identical,0,0.09816019,True,Roth49
LB,strict,near-identical,0,0.96503717,False,Roth49
LB,strict,near-identical,0,0.98464715,True,Roth49
LB,strict,near-identical,0,0.0054854387,True,Roth49
LB,strict,near-identical,0,0.060793724,True,Roth49
LB,strict,near-identical,0,0.060793724,True,Roth49
LB,strict,near-identical,0,0.062112898,True,Roth49
LB,strict,near-identical,0,0.062112898,True,Roth49
LB,strict,near-identical,0,0.070906356,True,Roth49
LB,strict,near-identical,0,0.062112898,True,Roth49
LB,strict,near-identical,0,0.96503717,False,Roth49
LB,strict,near-identical,0,0.96503717,False,Roth49
LB,strict,near-identical,0,0.20559052,True,Roth49
LB,strict,near-identical,0,0.96503717,False,Roth49
LB,strict,near-identical,0,0.96503717,False,Roth49
LB,strict,near-identical,0,0.20559052,True,Roth49
LB,strict,near-identical,0,0.20559052,True,Roth49
LB,strict,near-identical,1,0.96503717,False,Roth49
LB,strict,near-identical,0,0.96503717,False,Roth49
LB,strict,near-identical,0,0.17510408,True,Roth49
LB,strict,near-identical,0,0.10592663,True,Roth49
LB,strict,near-identical,0,0.18510178,True,Roth49
LB,strict,near-identical,1,0.28174847,True,Roth49
LB,strict,near-identical,0,0.031310443,True,Roth49
LB,strict,near-identical,0,0.96503717,False,Roth49
LB,strict,near-identical,0,0.96503717,False,Roth49
LB,strict,near-identical,0,0.96503717,False,Roth49
LB,strict,near-identical,1,0.060793724,True,Roth49
LB,strict,near-identical,0,0.107115105,True,Roth49
LB,strict,near-identical,0,0.107115105,True,Roth49
LB,strict,near-identical,0,0.068529956,True,Roth49
LB,strict,near-identical,0,0.96503717,False,Roth49
LB,strict,near-identical,0,0.008859678,True,Roth49
LB,strict,near-identical,1,0.09211443,True,Roth49
LB,strict,near-identical,0,0.09211443,True,Roth49
LB,strict,near-identical,0,0.09816019,True,Roth49
LB,strict,near-identical,0,0.060793724,True,Roth49
LB,strict,near-identical,0,0.062112898,True,Roth49
LB,strict,near-identical,0,0.5265235,True,Roth49
LB,strict,near-identical,0,0.96503717,False,Roth49
LB,strict,near-identical,0,0.09816019,True,Roth49
LB,strict,near-identical,0,0.03894771,True,Roth49
LB,strict,near-identical,0,0.03894771,True,Roth49
LB,strict,near-identical,0,0.27197737,True,Roth49
LB,strict,near-identical,0,0.17510408,True,Roth49
LB,strict,near-identical,0,0.17510408,True,Roth49
LB,strict,near-identical,0,0.96503717,False,Roth49
LB,strict,near-identical,0,0.96503717,False,Roth49
LB,strict,near-identical,0,0.1767996,True,Roth49
LB,strict,near-identical,0,0.035517957,True,Roth49
LB,strict,near-identical,0,0.035517957,True,Roth49
LB,strict,near-identical,0,0.035517957,True,Roth49
LB,strict,near-identical,0,0.035517957,True,Roth49
LB,strict,near-identical,0,0.035517957,True,Roth49
LB,strict,near-identical,0,0.07446387,True,Roth49
LB,strict,near-identical,0,0.060793724,True,Roth49
LB,strict,near-identical,1,0.060793724,True,Roth49
LB,strict,near-identical,0,0.07446387,True,Roth49
LB,strict,near-identical,0,0.09211443,True,Roth49
LB,strict,near-identical,0,0.09211443,True,Roth49
LB,strict,near-identical,0,0.09211443,True,Roth49
LB,strict,near-identical,0,0.09211443,True,Roth49
LB,strict,near-identical,0,0.09211443,True,Roth49
LB,strict,near-identical,0,0.09211443,True,Roth49
LB,strict,near-identical,0,0.09211443,True,Roth49
LB,strict,near-identical,0,0.09211443,True,Roth49
LB,strict,near-identical,0,0.9910715,True,Roth50
LB,strict,near-identical,0,0.9910715,True,Roth50
LB,strict,near-identical,0,0.9910715,True,Roth50
LB,strict,near-identical,0,0.96503717,False,Roth50
LB,strict,near-identical,0,0.107115105,True,Roth50
LB,strict,near-identical,1,0.005278311,True,Roth50
LB,strict,near-identical,0,0.96503717,False,Roth50
LB,strict,near-identical,0,0.9976908,True,Roth50
LB,strict,near-identical,0,0.09816019,True,Roth50
LB,strict,near-identical,0,0.96503717,False,Roth50
LB,strict,near-identical,0,0.98464715,True,Roth50
LB,strict,near-identical,0,0.0054854387,True,Roth50
LB,strict,near-identical,0,0.060793724,True,Roth50
LB,strict,near-identical,0,0.060793724,True,Roth50
LB,strict,near-identical,0,0.062112898,True,Roth50
LB,strict,near-identical,0,0.062112898,True,Roth50
LB,strict,near-identical,0,0.070906356,True,Roth50
LB,strict,near-identical,0,0.062112898,True,Roth50
LB,strict,near-identical,0,0.96503717,False,Roth50
LB,strict,near-identical,0,0.96503717,False,Roth50
LB,strict,near-identical,0,0.20559052,True,Roth50
LB,strict,near-identical,0,0.96503717,False,Roth50
LB,strict,near-identical,0,0.96503717,False,Roth50
LB,strict,near-identical,0,0.20559052,True,Roth50
LB,strict,near-identical,0,0.20559052,True,Roth50
LB,strict,near-identical,1,0.96503717,False,Roth50
LB,strict,near-identical,0,0.96503717,False,Roth50
LB,strict,near-identical,0,0.17510408,True,Roth50
LB,strict,near-identical,0,0.10592663,True,Roth50
LB,strict,near-identical,0,0.18510178,True,Roth50
LB,strict,near-identical,1,0.28174847,True,Roth50
LB,strict,near-identical,0,0.031310443,True,Roth50
LB,strict,near-identical,0,0.96503717,False,Roth50
LB,strict,near-identical,0,0.96503717,False,Roth50
LB,strict,near-identical,0,0.96503717,False,Roth50
LB,strict,near-identical,1,0.060793724,True,Roth50
LB,strict,near-identical,0,0.107115105,True,Roth50
LB,strict,near-identical,0,0.107115105,True,Roth50
LB,strict,near-identical,0,0.068529956,True,Roth50
LB,strict,near-identical,0,0.96503717,False,Roth50
LB,strict,near-identical,0,0.008859678,True,Roth50
LB,strict,near-identical,1,0.09211443,True,Roth50
LB,strict,near-identical,0,0.09211443,True,Roth50
LB,strict,near-identical,0,0.09816019,True,Roth50
LB,strict,near-identical,0,0.060793724,True,Roth50
LB,strict,near-identical,0,0.062112898,True,Roth50
LB,strict,near-identical,0,0.5265235,True,Roth50
LB,strict,near-identical,0,0.96503717,False,Roth50
LB,strict,near-identical,0,0.09816019,True,Roth50
LB,strict,near-identical,0,0.03894771,True,Roth50
LB,strict,near-identical,0,0.03894771,True,Roth50
LB,strict,near-identical,0,0.27197737,True,Roth50
LB,strict,near-identical,0,0.17510408,True,Roth50
LB,strict,near-identical,0,0.17510408,True,Roth50
LB,strict,near-identical,0,0.96503717,False,Roth50
LB,strict,near-identical,0,0.96503717,False,Roth50
LB,strict,near-identical,0,0.1767996,True,Roth50
LB,strict,near-identical,0,0.035517957,True,Roth50
LB,strict,near-identical,0,0.035517957,True,Roth50
LB,strict,near-identical,0,0.035517957,True,Roth50
LB,strict,near-identical,0,0.035517957,True,Roth50
LB,strict,near-identical,0,0.035517957,True,Roth50
LB,strict,near-identical,0,0.07446387,True,Roth50
LB,strict,near-identical,0,0.060793724,True,Roth50
LB,strict,near-identical,1,0.060793724,True,Roth50
LB,strict,near-identical,0,0.07446387,True,Roth50
LB,strict,near-identical,0,0.09211443,True,Roth50
LB,strict,near-identical,0,0.09211443,True,Roth50
LB,strict,near-identical,0,0.09211443,True,Roth50
LB,strict,near-identical,0,0.09211443,True,Roth50
LB,strict,near-identical,0,0.09211443,True,Roth50
LB,strict,near-identical,0,0.09211443,True,Roth50
LB,strict,near-identical,0,0.09211443,True,Roth50
LB,strict,near-identical,0,0.09211443,True,Roth50
LB,strict,near-identical,0,0.12893279,True,Roth08
LB,strict,near-identical,0,0.12893279,True,Roth08
LB,strict,near-identical,0,0.12893279,True,Roth08
LB,strict,near-identical,0,0.6538875,False,Roth08
LB,strict,near-identical,0,0.0022931383,True,Roth08
LB,strict,near-identical,1,0.0036131057,True,Roth08
LB,strict,near-identical,0,0.6538875,False,Roth08
LB,strict,near-identical,0,0.08881356,True,Roth08
LB,strict,near-identical,0,0.045079503,True,Roth08
LB,strict,near-identical,0,0.6538875,False,Roth08
LB,strict,near-identical,0,0.17566647,True,Roth08
LB,strict,near-identical,0,0.0027667521,True,Roth08
LB,strict,near-identical,0,0.015595933,True,Roth08
LB,strict,near-identical,0,0.015595933,True,Roth08
LB,strict,near-identical,0,0.0013232682,True,Roth08
LB,strict,near-identical,0,0.0013232682,True,Roth08
LB,strict,near-identical,1,0.0014827268,True,Roth08
LB,strict,near-identical,0,0.0013232682,True,Roth08
LB,strict,near-identical,0,0.6538875,False,Roth08
LB,strict,near-identical,0,0.6538875,False,Roth08
LB,strict,near-identical,0,0.004998313,True,Roth08
LB,strict,near-identical,0,0.6538875,False,Roth08
LB,strict,near-identical,0,0.6538875,False,Roth08
LB,strict,near-identical,0,0.004998313,True,Roth08
LB,strict,near-identical,0,0.004998313,True,Roth08
LB,strict,near-identical,1,0.6538875,False,Roth08
LB,strict,near-identical,0,0.6538875,False,Roth08
LB,strict,near-identical,0,0.0038635929,True,Roth08
LB,strict,near-identical,1,0.1589629,True,Roth08
LB,strict,near-identical,0,0.28602028,True,Roth08
LB,strict,near-identical,1,0.039947197,True,Roth08
LB,strict,near-identical,0,0.009815636,True,Roth08
LB,strict,near-identical,0,0.6538875,False,Roth08
LB,strict,near-identical,0,0.6538875,False,Roth08
LB,strict,near-identical,0,0.6538875,False,Roth08
LB,strict,near-identical,0,0.015595933,True,Roth08
LB,strict,near-identical,0,0.0022931383,True,Roth08
LB,strict,near-identical,0,0.0022931383,True,Roth08
LB,strict,near-identical,0,0.002682122,True,Roth08
LB,strict,near-identical,0,0.6538875,False,Roth08
LB,strict,near-identical,0,0.0025897191,True,Roth08
LB,strict,near-identical,1,0.037664518,True,Roth08
LB,strict,near-identical,0,0.037664518,True,Roth08
LB,strict,near-identical,0,0.045079503,True,Roth08
LB,strict,near-identical,0,0.015595933,True,Roth08
LB,strict,near-identical,0,0.0013232682,True,Roth08
LB,strict,near-identical,0,0.021000601,True,Roth08
LB,strict,near-identical,0,0.6538875,False,Roth08
LB,strict,near-identical,0,0.045079503,True,Roth08
LB,strict,near-identical,0,0.043542147,True,Roth08
LB,strict,near-identical,0,0.043542147,True,Roth08
LB,strict,near-identical,1,0.007795633,True,Roth08
LB,strict,near-identical,0,0.0038635929,True,Roth08
LB,strict,near-identical,0,0.0038635929,True,Roth08
LB,strict,near-identical,0,0.6538875,False,Roth08
LB,strict,near-identical,0,0.6538875,False,Roth08
LB,strict,near-identical,0,0.0037206037,True,Roth08
LB,strict,near-identical,0,0.051187694,True,Roth08
LB,strict,near-identical,0,0.051187694,True,Roth08
LB,strict,near-identical,0,0.051187694,True,Roth08
LB,strict,near-identical,0,0.051187694,True,Roth08
LB,strict,near-identical,0,0.051187694,True,Roth08
LB,strict,near-identical,0,0.0017972848,True,Roth08
LB,strict,near-identical,0,0.015595933,True,Roth08
LB,strict,near-identical,1,0.015595933,True,Roth08
LB,strict,near-identical,1,0.0017972848,True,Roth08
LB,strict,near-identical,0,0.037664518,True,Roth08
LB,strict,near-identical,0,0.037664518,True,Roth08
LB,strict,near-identical,0,0.037664518,True,Roth08
LB,strict,near-identical,0,0.037664518,True,Roth08
LB,strict,near-identical,0,0.037664518,True,Roth08
LB,strict,near-identical,0,0.037664518,True,Roth08
LB,strict,near-identical,0,0.037664518,True,Roth08
LB,strict,near-identical,0,0.037664518,True,Roth08
LB,strict,near-identical,0,0.02458451,True,Roth74
LB,strict,near-identical,0,0.02458451,True,Roth74
LB,strict,near-identical,0,0.02458451,True,Roth74
LB,strict,near-identical,0,0.36889198,False,Roth74
LB,strict,near-identical,0,0.00071060535,True,Roth74
LB,strict,near-identical,1,0.0007580204,True,Roth74
LB,strict,near-identical,0,0.36889198,False,Roth74
LB,strict,near-identical,0,0.03370811,True,Roth74
LB,strict,near-identical,0,0.029687654,True,Roth74
LB,strict,near-identical,0,0.36889198,False,Roth74
LB,strict,near-identical,0,0.03259833,True,Roth74
LB,strict,near-identical,0,0.00072860805,True,Roth74
LB,strict,near-identical,0,0.0067978115,True,Roth74
LB,strict,near-identical,0,0.0067978115,True,Roth74
LB,strict,near-identical,0,0.00040978382,True,Roth74
LB,strict,near-identical,0,0.00040978382,True,Roth74
LB,strict,near-identical,1,0.00053772336,True,Roth74
LB,strict,near-identical,0,0.00040978382,True,Roth74
LB,strict,near-identical,0,0.36889198,False,Roth74
LB,strict,near-identical,0,0.36889198,False,Roth74
LB,strict,near-identical,0,0.0015326367,True,Roth74
LB,strict,near-identical,0,0.36889198,False,Roth74
LB,strict,near-identical,0,0.36889198,False,Roth74
LB,strict,near-identical,0,0.0015326367,True,Roth74
LB,strict,near-identical,1,0.36889198,False,Roth74
LB,strict,near-identical,0,0.36889198,False,Roth74
LB,strict,near-identical,0,0.0011985627,True,Roth74
LB,strict,near-identical,1,0.05506273,True,Roth74
LB,strict,near-identical,0,0.07552204,True,Roth74
LB,strict,near-identical,0,0.0195148,True,Roth74
LB,strict,near-identical,0,0.0048041297,True,Roth74
LB,strict,near-identical,0,0.36889198,False,Roth74
LB,strict,near-identical,0,0.36889198,False,Roth74
LB,strict,near-identical,0,0.36889198,False,Roth74
LB,strict,near-identical,0,0.0067978115,True,Roth74
LB,strict,near-identical,0,0.00071060535,True,Roth74
LB,strict,near-identical,0,0.00071060535,True,Roth74
LB,strict,near-identical,0,0.0009734413,True,Roth74
LB,strict,near-identical,0,0.36889198,False,Roth74
LB,strict,near-identical,0,0.00064574,True,Roth74
LB,strict,near-identical,1,0.008870923,True,Roth74
LB,strict,near-identical,0,0.008870923,True,Roth74
LB,strict,near-identical,0,0.029687654,True,Roth74
LB,strict,near-identical,0,0.0067978115,True,Roth74
LB,strict,near-identical,0,0.00040978382,True,Roth74
LB,strict,near-identical,0,0.006593063,True,Roth74
LB,strict,near-identical,0,0.36889198,False,Roth74
LB,strict,near-identical,0,0.029687654,True,Roth74
LB,strict,near-identical,0,0.009729611,True,Roth74
LB,strict,near-identical,0,0.009729611,True,Roth74
LB,strict,near-identical,0,0.002424966,True,Roth74
LB,strict,near-identical,0,0.0011985627,True,Roth74
LB,strict,near-identical,0,0.0011985627,True,Roth74
LB,strict,near-identical,0,0.36889198,False,Roth74
LB,strict,near-identical,0,0.0011540916,True,Roth74
LB,strict,near-identical,0,0.008109103,True,Roth74
LB,strict,near-identical,0,0.008109103,True,Roth74
LB,strict,near-identical,0,0.008109103,True,Roth74
LB,strict,near-identical,0,0.008109103,True,Roth74
LB,strict,near-identical,1,0.0005567571,True,Roth74
LB,strict,near-identical,0,0.0067978115,True,Roth74
LB,strict,near-identical,1,0.0067978115,True,Roth74
LB,strict,near-identical,1,0.0005567571,True,Roth74
LB,strict,near-identical,0,0.008870923,True,Roth74
LB,strict,near-identical,0,0.008870923,True,Roth74
LB,strict,near-identical,0,0.008870923,True,Roth74
LB,strict,near-identical,0,0.008870923,True,Roth74
LB,strict,near-identical,1,0.008870923,True,Roth74
LB,strict,near-identical,0,0.008870923,True,Roth74
LB,strict,near-identical,0,0.008870923,True,Roth74
LB,strict,near-identical,0,0.008870923,True,Roth74
LB,strict,near-identical,0,0.02458451,True,Roth75
LB,strict,near-identical,0,0.02458451,True,Roth75
LB,strict,near-identical,0,0.02458451,True,Roth75
LB,strict,near-identical,0,0.36889198,False,Roth75
LB,strict,near-identical,0,0.00071060535,True,Roth75
LB,strict,near-identical,1,0.0007580204,True,Roth75
LB,strict,near-identical,0,0.36889198,False,Roth75
LB,strict,near-identical,0,0.03370811,True,Roth75
LB,strict,near-identical,0,0.029687654,True,Roth75
LB,strict,near-identical,0,0.36889198,False,Roth75
LB,strict,near-identical,0,0.03259833,True,Roth75
LB,strict,near-identical,0,0.00072860805,True,Roth75
LB,strict,near-identical,0,0.0067978115,True,Roth75
LB,strict,near-identical,0,0.0067978115,True,Roth75
LB,strict,near-identical,0,0.00040978382,True,Roth75
LB,strict,near-identical,0,0.00040978382,True,Roth75
LB,strict,near-identical,1,0.00053772336,True,Roth75
LB,strict,near-identical,0,0.00040978382,True,Roth75
LB,strict,near-identical,0,0.36889198,False,Roth75
LB,strict,near-identical,0,0.36889198,False,Roth75
LB,strict,near-identical,0,0.0015326367,True,Roth75
LB,strict,near-identical,0,0.36889198,False,Roth75
LB,strict,near-identical,0,0.36889198,False,Roth75
LB,strict,near-identical,0,0.0015326367,True,Roth75
LB,strict,near-identical,0,0.0015326367,True,Roth75
LB,strict,near-identical,1,0.36889198,False,Roth75
LB,strict,near-identical,0,0.36889198,False,Roth75
LB,strict,near-identical,0,0.0011985627,True,Roth75
LB,strict,near-identical,1,0.05506273,True,Roth75
LB,strict,near-identical,0,0.07552204,True,Roth75
LB,strict,near-identical,0,0.0195148,True,Roth75
LB,strict,near-identical,0,0.0048041297,True,Roth75
LB,strict,near-identical,0,0.36889198,False,Roth75
LB,strict,near-identical,0,0.36889198,False,Roth75
LB,strict,near-identical,0,0.36889198,False,Roth75
LB,strict,near-identical,0,0.0067978115,True,Roth75
LB,strict,near-identical,0,0.00071060535,True,Roth75
LB,strict,near-identical,0,0.00071060535,True,Roth75
LB,strict,near-identical,0,0.0009734413,True,Roth75
LB,strict,near-identical,0,0.36889198,False,Roth75
LB,strict,near-identical,0,0.00064574,True,Roth75
LB,strict,near-identical,1,0.008870923,True,Roth75
LB,strict,near-identical,0,0.008870923,True,Roth75
LB,strict,near-identical,0,0.029687654,True,Roth75
LB,strict,near-identical,0,0.0067978115,True,Roth75
LB,strict,near-identical,0,0.00040978382,True,Roth75
LB,strict,near-identical,0,0.006593063,True,Roth75
LB,strict,near-identical,0,0.36889198,False,Roth75
LB,strict,near-identical,0,0.029687654,True,Roth75
LB,strict,near-identical,0,0.009729611,True,Roth75
LB,strict,near-identical,0,0.009729611,True,Roth75
LB,strict,near-identical,0,0.002424966,True,Roth75
LB,strict,near-identical,0,0.0011985627,True,Roth75
LB,strict,near-identical,0,0.0011985627,True,Roth75
LB,strict,near-identical,0,0.36889198,False,Roth75
LB,strict,near-identical,0,0.0011540916,True,Roth75
LB,strict,near-identical,0,0.008109103,True,Roth75
LB,strict,near-identical,0,0.008109103,True,Roth75
LB,strict,near-identical,0,0.008109103,True,Roth75
LB,strict,near-identical,0,0.008109103,True,Roth75
LB,strict,near-identical,0,0.008109103,True,Roth75
LB,strict,near-identical,1,0.0005567571,True,Roth75
LB,strict,near-identical,0,0.0067978115,True,Roth75
LB,strict,near-identical,1,0.0067978115,True,Roth75
LB,strict,near-identical,1,0.0005567571,True,Roth75
LB,strict,near-identical,0,0.008870923,True,Roth75
LB,strict,near-identical,0,0.008870923,True,Roth75
LB,strict,near-identical,0,0.008870923,True,Roth75
LB,strict,near-identical,0,0.008870923,True,Roth75
LB,strict,near-identical,0,0.008870923,True,Roth75
LB,strict,near-identical,0,0.008870923,True,Roth75
LB,strict,near-identical,0,0.008870923,True,Roth75
LB,strict,near-identical,0,0.008870923,True,Roth75
LB,strict,near-identical,0,0.02458451,True,Roth42
LB,strict,near-identical,0,0.02458451,True,Roth42
LB,strict,near-identical,0,0.02458451,True,Roth42
LB,strict,near-identical,0,0.36889198,False,Roth42
LB,strict,near-identical,0,0.00071060535,True,Roth42
LB,strict,near-identical,1,0.0007580204,True,Roth42
LB,strict,near-identical,0,0.36889198,False,Roth42
LB,strict,near-identical,0,0.03370811,True,Roth42
LB,strict,near-identical,0,0.029687654,True,Roth42
LB,strict,near-identical,0,0.36889198,False,Roth42
LB,strict,near-identical,0,0.03259833,True,Roth42
LB,strict,near-identical,0,0.00072860805,True,Roth42
LB,strict,near-identical,0,0.0067978115,True,Roth42
LB,strict,near-identical,0,0.0067978115,True,Roth42
LB,strict,near-identical,0,0.00040978382,True,Roth42
LB,strict,near-identical,0,0.00040978382,True,Roth42
LB,strict,near-identical,1,0.00053772336,True,Roth42
LB,strict,near-identical,0,0.00040978382,True,Roth42
LB,strict,near-identical,0,0.36889198,False,Roth42
LB,strict,near-identical,0,0.36889198,False,Roth42
LB,strict,near-identical,0,0.0015326367,True,Roth42
LB,strict,near-identical,0,0.36889198,False,Roth42
LB,strict,near-identical,0,0.36889198,False,Roth42
LB,strict,near-identical,0,0.0015326367,True,Roth42
LB,strict,near-identical,0,0.0015326367,True,Roth42
LB,strict,near-identical,1,0.36889198,False,Roth42
LB,strict,near-identical,0,0.36889198,False,Roth42
LB,strict,near-identical,0,0.0011985627,True,Roth42
LB,strict,near-identical,1,0.05506273,True,Roth42
LB,strict,near-identical,0,0.07552204,True,Roth42
LB,strict,near-identical,1,0.0195148,True,Roth42
LB,strict,near-identical,0,0.0048041297,True,Roth42
LB,strict,near-identical,0,0.36889198,False,Roth42
LB,strict,near-identical,0,0.36889198,False,Roth42
LB,strict,near-identical,0,0.36889198,False,Roth42
LB,strict,near-identical,0,0.0067978115,True,Roth42
LB,strict,near-identical,0,0.00071060535,True,Roth42
LB,strict,near-identical,0,0.00071060535,True,Roth42
LB,strict,near-identical,0,0.0009734413,True,Roth42
LB,strict,near-identical,0,0.36889198,False,Roth42
LB,strict,near-identical,0,0.00064574,True,Roth42
LB,strict,near-identical,1,0.008870923,True,Roth42
LB,strict,near-identical,0,0.008870923,True,Roth42
LB,strict,near-identical,0,0.029687654,True,Roth42
LB,strict,near-identical,0,0.0067978115,True,Roth42
LB,strict,near-identical,0,0.00040978382,True,Roth42
LB,strict,near-identical,0,0.006593063,True,Roth42
LB,strict,near-identical,0,0.36889198,False,Roth42
LB,strict,near-identical,0,0.029687654,True,Roth42
LB,strict,near-identical,0,0.009729611,True,Roth42
LB,strict,near-identical,0,0.009729611,True,Roth42
LB,strict,near-identical,1,0.002424966,True,Roth42
LB,strict,near-identical,0,0.0011985627,True,Roth42
LB,strict,near-identical,0,0.0011985627,True,Roth42
LB,strict,near-identical,0,0.36889198,False,Roth42
LB,strict,near-identical,0,0.36889198,False,Roth42
LB,strict,near-identical,0,0.0011540916,True,Roth42
LB,strict,near-identical,0,0.008109103,True,Roth42
LB,strict,near-identical,0,0.008109103,True,Roth42
LB,strict,near-identical,0,0.008109103,True,Roth42
LB,strict,near-identical,0,0.008109103,True,Roth42
LB,strict,near-identical,0,0.008109103,True,Roth42
LB,strict,near-identical,1,0.0005567571,True,Roth42
LB,strict,near-identical,0,0.0067978115,True,Roth42
LB,strict,near-identical,1,0.0067978115,True,Roth42
LB,strict,near-identical,1,0.0005567571,True,Roth42
LB,strict,near-identical,0,0.008870923,True,Roth42
LB,strict,near-identical,0,0.008870923,True,Roth42
LB,strict,near-identical,0,0.008870923,True,Roth42
LB,strict,near-identical,0,0.008870923,True,Roth42
LB,strict,near-identical,0,0.008870923,True,Roth42
LB,strict,near-identical,0,0.008870923,True,Roth42
LB,strict,near-identical,0,0.008870923,True,Roth42
LB,strict,near-identical,0,0.008870923,True,Roth42
LB,strict,near-identical,0,0.02458451,True,Roth87
LB,strict,near-identical,0,0.02458451,True,Roth87
LB,strict,near-identical,0,0.02458451,True,Roth87
LB,strict,near-identical,0,0.36889198,False,Roth87
LB,strict,near-identical,0,0.00071060535,True,Roth87
LB,strict,near-identical,1,0.0007580204,True,Roth87
LB,strict,near-identical,0,0.36889198,False,Roth87
LB,strict,near-identical,0,0.03370811,True,Roth87
LB,strict,near-identical,0,0.029687654,True,Roth87
LB,strict,near-identical,0,0.36889198,False,Roth87
LB,strict,near-identical,0,0.03259833,True,Roth87
LB,strict,near-identical,0,0.00072860805,True,Roth87
LB,strict,near-identical,0,0.0067978115,True,Roth87
LB,strict,near-identical,0,0.0067978115,True,Roth87
LB,strict,near-identical,0,0.00040978382,True,Roth87
LB,strict,near-identical,0,0.00040978382,True,Roth87
LB,strict,near-identical,1,0.00053772336,True,Roth87
LB,strict,near-identical,0,0.00040978382,True,Roth87
LB,strict,near-identical,0,0.36889198,False,Roth87
LB,strict,near-identical,0,0.36889198,False,Roth87
LB,strict,near-identical,0,0.0015326367,True,Roth87
LB,strict,near-identical,0,0.36889198,False,Roth87
LB,strict,near-identical,0,0.36889198,False,Roth87
LB,strict,near-identical,0,0.0015326367,True,Roth87
LB,strict,near-identical,0,0.0015326367,True,Roth87
LB,strict,near-identical,1,0.36889198,False,Roth87
LB,strict,near-identical,0,0.36889198,False,Roth87
LB,strict,near-identical,0,0.0011985627,True,Roth87
LB,strict,near-identical,1,0.05506273,True,Roth87
LB,strict,near-identical,0,0.07552204,True,Roth87
LB,strict,near-identical,0,0.0195148,True,Roth87
LB,strict,near-identical,0,0.0048041297,True,Roth87
LB,strict,near-identical,0,0.36889198,False,Roth87
LB,strict,near-identical,0,0.36889198,False,Roth87
LB,strict,near-identical,0,0.36889198,False,Roth87
LB,strict,near-identical,0,0.0067978115,True,Roth87
LB,strict,near-identical,0,0.00071060535,True,Roth87
LB,strict,near-identical,0,0.00071060535,True,Roth87
LB,strict,near-identical,0,0.0009734413,True,Roth87
LB,strict,near-identical,0,0.36889198,False,Roth87
LB,strict,near-identical,0,0.00064574,True,Roth87
LB,strict,near-identical,1,0.008870923,True,Roth87
LB,strict,near-identical,0,0.008870923,True,Roth87
LB,strict,near-identical,0,0.029687654,True,Roth87
LB,strict,near-identical,0,0.0067978115,True,Roth87
LB,strict,near-identical,0,0.00040978382,True,Roth87
LB,strict,near-identical,0,0.006593063,True,Roth87
LB,strict,near-identical,0,0.36889198,False,Roth87
LB,strict,near-identical,0,0.029687654,True,Roth87
LB,strict,near-identical,0,0.009729611,True,Roth87
LB,strict,near-identical,0,0.009729611,True,Roth87
LB,strict,near-identical,0,0.002424966,True,Roth87
LB,strict,near-identical,0,0.0011985627,True,Roth87
LB,strict,near-identical,0,0.0011985627,True,Roth87
LB,strict,near-identical,0,0.36889198,False,Roth87
LB,strict,near-identical,0,0.0011540916,True,Roth87
LB,strict,near-identical,0,0.008109103,True,Roth87
LB,strict,near-identical,0,0.008109103,True,Roth87
LB,strict,near-identical,0,0.008109103,True,Roth87
LB,strict,near-identical,0,0.008109103,True,Roth87
LB,strict,near-identical,0,0.008109103,True,Roth87
LB,strict,near-identical,1,0.0005567571,True,Roth87
LB,strict,near-identical,0,0.0067978115,True,Roth87
LB,strict,near-identical,1,0.0067978115,True,Roth87
LB,strict,near-identical,1,0.0005567571,True,Roth87
LB,strict,near-identical,0,0.008870923,True,Roth87
LB,strict,near-identical,0,0.008870923,True,Roth87
LB,strict,near-identical,0,0.008870923,True,Roth87
LB,strict,near-identical,0,0.008870923,True,Roth87
LB,strict,near-identical,1,0.008870923,True,Roth87
LB,strict,near-identical,0,0.008870923,True,Roth87
LB,strict,near-identical,0,0.008870923,True,Roth87
LB,strict,near-identical,0,0.008870923,True,Roth87
LB,strict,near-identical,0,0.02458451,True,Roth24
LB,strict,near-identical,0,0.02458451,True,Roth24
LB,strict,near-identical,0,0.02458451,True,Roth24
LB,strict,near-identical,0,0.36889198,False,Roth24
LB,strict,near-identical,0,0.00071060535,True,Roth24
LB,strict,near-identical,1,0.0007580204,True,Roth24
LB,strict,near-identical,0,0.36889198,False,Roth24
LB,strict,near-identical,0,0.03370811,True,Roth24
LB,strict,near-identical,0,0.029687654,True,Roth24
LB,strict,near-identical,0,0.36889198,False,Roth24
LB,strict,near-identical,0,0.03259833,True,Roth24
LB,strict,near-identical,0,0.00072860805,True,Roth24
LB,strict,near-identical,0,0.0067978115,True,Roth24
LB,strict,near-identical,0,0.0067978115,True,Roth24
LB,strict,near-identical,0,0.00040978382,True,Roth24
LB,strict,near-identical,0,0.00040978382,True,Roth24
LB,strict,near-identical,1,0.00053772336,True,Roth24
LB,strict,near-identical,0,0.00040978382,True,Roth24
LB,strict,near-identical,0,0.36889198,False,Roth24
LB,strict,near-identical,0,0.36889198,False,Roth24
LB,strict,near-identical,0,0.0015326367,True,Roth24
LB,strict,near-identical,0,0.36889198,False,Roth24
LB,strict,near-identical,0,0.36889198,False,Roth24
LB,strict,near-identical,0,0.0015326367,True,Roth24
LB,strict,near-identical,0,0.0015326367,True,Roth24
LB,strict,near-identical,1,0.36889198,False,Roth24
LB,strict,near-identical,0,0.36889198,False,Roth24
LB,strict,near-identical,0,0.0011985627,True,Roth24
LB,strict,near-identical,1,0.05506273,True,Roth24
LB,strict,near-identical,0,0.07552204,True,Roth24
LB,strict,near-identical,1,0.0195148,True,Roth24
LB,strict,near-identical,0,0.0048041297,True,Roth24
LB,strict,near-identical,0,0.36889198,False,Roth24
LB,strict,near-identical,0,0.36889198,False,Roth24
LB,strict,near-identical,0,0.36889198,False,Roth24
LB,strict,near-identical,0,0.0067978115,True,Roth24
LB,strict,near-identical,0,0.00071060535,True,Roth24
LB,strict,near-identical,0,0.00071060535,True,Roth24
LB,strict,near-identical,0,0.0009734413,True,Roth24
LB,strict,near-identical,0,0.36889198,False,Roth24
LB,strict,near-identical,0,0.00064574,True,Roth24
LB,strict,near-identical,1,0.008870923,True,Roth24
LB,strict,near-identical,0,0.008870923,True,Roth24
LB,strict,near-identical,0,0.029687654,True,Roth24
LB,strict,near-identical,0,0.0067978115,True,Roth24
LB,strict,near-identical,0,0.00040978382,True,Roth24
LB,strict,near-identical,0,0.006593063,True,Roth24
LB,strict,near-identical,0,0.36889198,False,Roth24
LB,strict,near-identical,0,0.029687654,True,Roth24
LB,strict,near-identical,0,0.009729611,True,Roth24
LB,strict,near-identical,0,0.009729611,True,Roth24
LB,strict,near-identical,0,0.002424966,True,Roth24
LB,strict,near-identical,0,0.0011985627,True,Roth24
LB,strict,near-identical,0,0.0011985627,True,Roth24
LB,strict,near-identical,0,0.36889198,False,Roth24
LB,strict,near-identical,0,0.0011540916,True,Roth24
LB,strict,near-identical,0,0.008109103,True,Roth24
LB,strict,near-identical,0,0.008109103,True,Roth24
LB,strict,near-identical,0,0.008109103,True,Roth24
LB,strict,near-identical,0,0.008109103,True,Roth24
LB,strict,near-identical,0,0.008109103,True,Roth24
LB,strict,near-identical,1,0.0005567571,True,Roth24
LB,strict,near-identical,0,0.0067978115,True,Roth24
LB,strict,near-identical,1,0.0067978115,True,Roth24
LB,strict,near-identical,1,0.0005567571,True,Roth24
LB,strict,near-identical,0,0.008870923,True,Roth24
LB,strict,near-identical,0,0.008870923,True,Roth24
LB,strict,near-identical,0,0.008870923,True,Roth24
LB,strict,near-identical,0,0.008870923,True,Roth24
LB,strict,near-identical,1,0.008870923,True,Roth24
LB,strict,near-identical,0,0.008870923,True,Roth24
LB,strict,near-identical,0,0.008870923,True,Roth24
LB,strict,near-identical,0,0.008870923,True,Roth24
LB,strict,near-identical,0,0.02458451,True,Roth30
LB,strict,near-identical,0,0.02458451,True,Roth30
LB,strict,near-identical,0,0.02458451,True,Roth30
LB,strict,near-identical,0,0.36889198,False,Roth30
LB,strict,near-identical,0,0.00071060535,True,Roth30
LB,strict,near-identical,1,0.0007580204,True,Roth30
LB,strict,near-identical,0,0.36889198,False,Roth30
LB,strict,near-identical,0,0.03370811,True,Roth30
LB,strict,near-identical,0,0.029687654,True,Roth30
LB,strict,near-identical,0,0.36889198,False,Roth30
LB,strict,near-identical,0,0.03259833,True,Roth30
LB,strict,near-identical,0,0.00072860805,True,Roth30
LB,strict,near-identical,0,0.0067978115,True,Roth30
LB,strict,near-identical,0,0.0067978115,True,Roth30
LB,strict,near-identical,0,0.00040978382,True,Roth30
LB,strict,near-identical,0,0.00040978382,True,Roth30
LB,strict,near-identical,1,0.00053772336,True,Roth30
LB,strict,near-identical,0,0.00040978382,True,Roth30
LB,strict,near-identical,0,0.36889198,False,Roth30
LB,strict,near-identical,0,0.36889198,False,Roth30
LB,strict,near-identical,0,0.0015326367,True,Roth30
LB,strict,near-identical,0,0.36889198,False,Roth30
LB,strict,near-identical,0,0.36889198,False,Roth30
LB,strict,near-identical,0,0.0015326367,True,Roth30
LB,strict,near-identical,0,0.0015326367,True,Roth30
LB,strict,near-identical,1,0.36889198,False,Roth30
LB,strict,near-identical,0,0.36889198,False,Roth30
LB,strict,near-identical,0,0.0011985627,True,Roth30
LB,strict,near-identical,1,0.05506273,True,Roth30
LB,strict,near-identical,0,0.07552204,True,Roth30
LB,strict,near-identical,0,0.0195148,True,Roth30
LB,strict,near-identical,0,0.0048041297,True,Roth30
LB,strict,near-identical,0,0.36889198,False,Roth30
LB,strict,near-identical,0,0.36889198,False,Roth30
LB,strict,near-identical,0,0.36889198,False,Roth30
LB,strict,near-identical,0,0.0067978115,True,Roth30
LB,strict,near-identical,0,0.00071060535,True,Roth30
LB,strict,near-identical,0,0.00071060535,True,Roth30
LB,strict,near-identical,0,0.0009734413,True,Roth30
LB,strict,near-identical,0,0.36889198,False,Roth30
LB,strict,near-identical,0,0.00064574,True,Roth30
LB,strict,near-identical,1,0.008870923,True,Roth30
LB,strict,near-identical,0,0.008870923,True,Roth30
LB,strict,near-identical,0,0.029687654,True,Roth30
LB,strict,near-identical,0,0.0067978115,True,Roth30
LB,strict,near-identical,0,0.00040978382,True,Roth30
LB,strict,near-identical,0,0.006593063,True,Roth30
LB,strict,near-identical,0,0.36889198,False,Roth30
LB,strict,near-identical,0,0.029687654,True,Roth30
LB,strict,near-identical,0,0.009729611,True,Roth30
LB,strict,near-identical,0,0.009729611,True,Roth30
LB,strict,near-identical,0,0.002424966,True,Roth30
LB,strict,near-identical,0,0.0011985627,True,Roth30
LB,strict,near-identical,0,0.0011985627,True,Roth30
LB,strict,near-identical,0,0.36889198,False,Roth30
LB,strict,near-identical,0,0.36889198,False,Roth30
LB,strict,near-identical,0,0.0011540916,True,Roth30
LB,strict,near-identical,0,0.008109103,True,Roth30
LB,strict,near-identical,0,0.008109103,True,Roth30
LB,strict,near-identical,0,0.008109103,True,Roth30
LB,strict,near-identical,0,0.008109103,True,Roth30
LB,strict,near-identical,0,0.008109103,True,Roth30
LB,strict,near-identical,0,0.0005567571,True,Roth30
LB,strict,near-identical,0,0.0067978115,True,Roth30
LB,strict,near-identical,1,0.0067978115,True,Roth30
LB,strict,near-identical,1,0.0005567571,True,Roth30
LB,strict,near-identical,0,0.008870923,True,Roth30
LB,strict,near-identical,0,0.008870923,True,Roth30
LB,strict,near-identical,0,0.008870923,True,Roth30
LB,strict,near-identical,0,0.008870923,True,Roth30
LB,strict,near-identical,0,0.008870923,True,Roth30
LB,strict,near-identical,0,0.008870923,True,Roth30
LB,strict,near-identical,0,0.008870923,True,Roth30
LB,strict,near-identical,0,0.008870923,True,Roth30
LB,strict,related,0,0.044979956,True,Roth44
LB,strict,related,0,0.044979956,True,Roth44
LB,strict,related,0,0.044979956,True,Roth44
LB,strict,related,0,0.46747172,False,Roth44
LB,strict,related,0,0.0011804732,True,Roth44
LB,strict,related,1,0.0012060141,True,Roth44
LB,strict,related,0,0.46747172,False,Roth44
LB,strict,related,0,0.041202337,True,Roth44
LB,strict,related,0,0.13266295,True,Roth44
LB,strict,related,0,0.46747172,False,Roth44
LB,strict,related,0,0.026348542,True,Roth44
LB,strict,related,0,0.00065310777,True,Roth44
LB,strict,related,0,0.054820973,True,Roth44
LB,strict,related,0,0.054820973,True,Roth44
LB,strict,related,0,0.0006620349,True,Roth44
LB,strict,related,0,0.0006620349,True,Roth44
LB,strict,related,1,0.00075716525,True,Roth44
LB,strict,related,0,0.0006620349,True,Roth44
LB,strict,related,0,0.46747172,False,Roth44
LB,strict,related,0,0.46747172,False,Roth44
LB,strict,related,0,0.0029654487,True,Roth44
LB,strict,related,0,0.46747172,False,Roth44
LB,strict,related,0,0.46747172,False,Roth44
LB,strict,related,0,0.0029654487,True,Roth44
LB,strict,related,0,0.0029654487,True,Roth44
LB,strict,related,1,0.46747172,False,Roth44
LB,strict,related,0,0.46747172,False,Roth44
LB,strict,related,0,0.0022113286,True,Roth44
LB,strict,related,0,0.5203018,True,Roth44
LB,strict,related,0,0.3618714,True,Roth44
LB,strict,related,0,0.015114203,True,Roth44
LB,strict,related,0,0.011126566,True,Roth44
LB,strict,related,0,0.46747172,False,Roth44
LB,strict,related,0,0.46747172,False,Roth44
LB,strict,related,0,0.46747172,False,Roth44
LB,strict,related,0,0.054820973,True,Roth44
LB,strict,related,0,0.0011804732,True,Roth44
LB,strict,related,0,0.0011804732,True,Roth44
LB,strict,related,0,0.00093506277,True,Roth44
LB,strict,related,0,0.46747172,False,Roth44
LB,strict,related,0,0.00082703977,True,Roth44
LB,strict,related,1,0.011743073,True,Roth44
LB,strict,related,0,0.011743073,True,Roth44
LB,strict,related,0,0.13266295,True,Roth44
LB,strict,related,0,0.054820973,True,Roth44
LB,strict,related,0,0.0006620349,True,Roth44
LB,strict,related,0,0.011099213,True,Roth44
LB,strict,related,0,0.46747172,False,Roth44
LB,strict,related,0,0.13266295,True,Roth44
LB,strict,related,0,0.013534944,True,Roth44
LB,strict,related,0,0.013534944,True,Roth44
LB,strict,related,1,0.00600833,True,Roth44
LB,strict,related,0,0.0022113286,True,Roth44
LB,strict,related,0,0.0022113286,True,Roth44
LB,strict,related,0,0.46747172,False,Roth44
LB,strict,related,0,0.46747172,False,Roth44
LB,strict,related,0,0.0021629876,True,Roth44
LB,strict,related,0,0.0063104792,True,Roth44
LB,strict,related,0,0.0063104792,True,Roth44
LB,strict,related,0,0.0063104792,True,Roth44
LB,strict,related,0,0.0063104792,True,Roth44
LB,strict,related,0,0.0063104792,True,Roth44
LB,strict,related,0,0.0009033994,True,Roth44
LB,strict,related,0,0.054820973,True,Roth44
LB,strict,related,1,0.054820973,True,Roth44
LB,strict,related,1,0.0009033994,True,Roth44
LB,strict,related,0,0.011743073,True,Roth44
LB,strict,related,0,0.011743073,True,Roth44
LB,strict,related,0,0.011743073,True,Roth44
LB,strict,related,0,0.011743073,True,Roth44
LB,strict,related,0,0.011743073,True,Roth44
LB,strict,related,0,0.011743073,True,Roth44
LB,strict,related,0,0.011743073,True,Roth44
LB,strict,related,0,0.011743073,True,Roth44
LB,strict,near-identical,0,0.03386829,True,Roth71
LB,strict,near-identical,0,0.03386829,True,Roth71
LB,strict,near-identical,0,0.03386829,True,Roth71
LB,strict,near-identical,0,0.38579807,False,Roth71
LB,strict,near-identical,0,0.0007635873,True,Roth71
LB,strict,near-identical,0,0.0008145355,True,Roth71
LB,strict,near-identical,0,0.38579807,False,Roth71
LB,strict,near-identical,0,0.021215886,True,Roth71
LB,strict,near-identical,0,0.011753392,True,Roth71
LB,strict,near-identical,0,0.38579807,False,Roth71
LB,strict,near-identical,0,0.027190072,True,Roth71
LB,strict,near-identical,0,0.0007829313,True,Roth71
LB,strict,near-identical,0,0.0052398606,True,Roth71
LB,strict,near-identical,0,0.0052398606,True,Roth71
LB,strict,near-identical,0,0.00044034634,True,Roth71
LB,strict,near-identical,0,0.00044034634,True,Roth71
LB,strict,near-identical,1,0.0005778229,True,Roth71
LB,strict,near-identical,0,0.00044034634,True,Roth71
LB,strict,near-identical,0,0.38579807,False,Roth71
LB,strict,near-identical,0,0.38579807,False,Roth71
LB,strict,near-identical,0,0.0016468059,True,Roth71
LB,strict,near-identical,0,0.38579807,False,Roth71
LB,strict,near-identical,0,0.38579807,False,Roth71
LB,strict,near-identical,0,0.0016468059,True,Roth71
LB,strict,near-identical,0,0.0016468059,True,Roth71
LB,strict,near-identical,1,0.38579807,False,Roth71
LB,strict,near-identical,0,0.38579807,False,Roth71
LB,strict,near-identical,0,0.0012878794,True,Roth71
LB,strict,near-identical,1,0.08346286,True,Roth71
LB,strict,near-identical,0,0.34110647,True,Roth71
LB,strict,near-identical,0,0.020940412,True,Roth71
LB,strict,near-identical,0,0.0051607396,True,Roth71
LB,strict,near-identical,0,0.38579807,False,Roth71
LB,strict,near-identical,0,0.38579807,False,Roth71
LB,strict,near-identical,0,0.38579807,False,Roth71
LB,strict,near-identical,0,0.0052398606,True,Roth71
LB,strict,near-identical,0,0.0007635873,True,Roth71
LB,strict,near-identical,0,0.0007635873,True,Roth71
LB,strict,near-identical,0,0.0010459996,True,Roth71
LB,strict,near-identical,0,0.38579807,False,Roth71
LB,strict,near-identical,0,0.00064574,True,Roth71
LB,strict,near-identical,1,0.00952653,True,Roth71
LB,strict,near-identical,0,0.00952653,True,Roth71
LB,strict,near-identical,0,0.011753392,True,Roth71
LB,strict,near-identical,0,0.0052398606,True,Roth71
LB,strict,near-identical,0,0.00044034634,True,Roth71
LB,strict,near-identical,0,0.0070815263,True,Roth71
LB,strict,near-identical,0,0.38579807,False,Roth71
LB,strict,near-identical,0,0.011753392,True,Roth71
LB,strict,near-identical,0,0.014910208,True,Roth71
LB,strict,near-identical,0,0.014910208,True,Roth71
LB,strict,near-identical,0,0.0026054357,True,Roth71
LB,strict,near-identical,0,0.0012878794,True,Roth71
LB,strict,near-identical,0,0.0012878794,True,Roth71
LB,strict,near-identical,0,0.38579807,False,Roth71
LB,strict,near-identical,0,0.38579807,False,Roth71
LB,strict,near-identical,0,0.0012400972,True,Roth71
LB,strict,near-identical,0,0.008708898,True,Roth71
LB,strict,near-identical,0,0.008708898,True,Roth71
LB,strict,near-identical,0,0.008708898,True,Roth71
LB,strict,near-identical,0,0.008708898,True,Roth71
LB,strict,near-identical,0,0.008708898,True,Roth71
LB,strict,near-identical,1,0.0005982752,True,Roth71
LB,strict,near-identical,0,0.0052398606,True,Roth71
LB,strict,near-identical,1,0.0052398606,True,Roth71
LB,strict,near-identical,0,0.0005982752,True,Roth71
LB,strict,near-identical,0,0.00952653,True,Roth71
LB,strict,near-identical,0,0.00952653,True,Roth71
LB,strict,near-identical,0,0.00952653,True,Roth71
LB,strict,near-identical,0,0.00952653,True,Roth71
LB,strict,near-identical,0,0.00952653,True,Roth71
LB,strict,near-identical,0,0.00952653,True,Roth71
LB,strict,near-identical,0,0.00952653,True,Roth71
LB,strict,near-identical,0,0.00952653,True,Roth71
LB,strict,near-identical,0,0.03386829,True,Roth84
LB,strict,near-identical,0,0.03386829,True,Roth84
LB,strict,near-identical,0,0.03386829,True,Roth84
LB,strict,near-identical,0,0.38579807,False,Roth84
LB,strict,near-identical,0,0.0007635873,True,Roth84
LB,strict,near-identical,0,0.0008145355,True,Roth84
LB,strict,near-identical,0,0.38579807,False,Roth84
LB,strict,near-identical,0,0.021215886,True,Roth84
LB,strict,near-identical,0,0.011753392,True,Roth84
LB,strict,near-identical,0,0.38579807,False,Roth84
LB,strict,near-identical,0,0.027190072,True,Roth84
LB,strict,near-identical,0,0.0007829313,True,Roth84
LB,strict,near-identical,0,0.0052398606,True,Roth84
LB,strict,near-identical,0,0.0052398606,True,Roth84
LB,strict,near-identical,0,0.00044034634,True,Roth84
LB,strict,near-identical,0,0.00044034634,True,Roth84
LB,strict,near-identical,1,0.0005778229,True,Roth84
LB,strict,near-identical,0,0.00044034634,True,Roth84
LB,strict,near-identical,0,0.38579807,False,Roth84
LB,strict,near-identical,0,0.38579807,False,Roth84
LB,strict,near-identical,0,0.0016468059,True,Roth84
LB,strict,near-identical,0,0.38579807,False,Roth84
LB,strict,near-identical,0,0.38579807,False,Roth84
LB,strict,near-identical,0,0.0016468059,True,Roth84
LB,strict,near-identical,0,0.0016468059,True,Roth84
LB,strict,near-identical,1,0.38579807,False,Roth84
LB,strict,near-identical,0,0.38579807,False,Roth84
LB,strict,near-identical,0,0.0012878794,True,Roth84
LB,strict,near-identical,1,0.08346286,True,Roth84
LB,strict,near-identical,0,0.34110647,True,Roth84
LB,strict,near-identical,0,0.020940412,True,Roth84
LB,strict,near-identical,0,0.0051607396,True,Roth84
LB,strict,near-identical,0,0.38579807,False,Roth84
LB,strict,near-identical,0,0.38579807,False,Roth84
LB,strict,near-identical,0,0.38579807,False,Roth84
LB,strict,near-identical,0,0.0052398606,True,Roth84
LB,strict,near-identical,0,0.0007635873,True,Roth84
LB,strict,near-identical,0,0.0007635873,True,Roth84
LB,strict,near-identical,0,0.0010459996,True,Roth84
LB,strict,near-identical,0,0.38579807,False,Roth84
LB,strict,near-identical,0,0.00064574,True,Roth84
LB,strict,near-identical,1,0.00952653,True,Roth84
LB,strict,near-identical,0,0.00952653,True,Roth84
LB,strict,near-identical,0,0.011753392,True,Roth84
LB,strict,near-identical,0,0.0052398606,True,Roth84
LB,strict,near-identical,0,0.00044034634,True,Roth84
LB,strict,near-identical,0,0.0070815263,True,Roth84
LB,strict,near-identical,0,0.38579807,False,Roth84
LB,strict,near-identical,0,0.011753392,True,Roth84
LB,strict,near-identical,0,0.014910208,True,Roth84
LB,strict,near-identical,0,0.014910208,True,Roth84
LB,strict,near-identical,1,0.0026054357,True,Roth84
LB,strict,near-identical,0,0.0012878794,True,Roth84
LB,strict,near-identical,0,0.0012878794,True,Roth84
LB,strict,near-identical,0,0.38579807,False,Roth84
LB,strict,near-identical,0,0.38579807,False,Roth84
LB,strict,near-identical,0,0.0012400972,True,Roth84
LB,strict,near-identical,0,0.008708898,True,Roth84
LB,strict,near-identical,0,0.008708898,True,Roth84
LB,strict,near-identical,0,0.008708898,True,Roth84
LB,strict,near-identical,0,0.008708898,True,Roth84
LB,strict,near-identical,0,0.008708898,True,Roth84
LB,strict,near-identical,1,0.0005982752,True,Roth84
LB,strict,near-identical,0,0.0052398606,True,Roth84
LB,strict,near-identical,0,0.0052398606,True,Roth84
LB,strict,near-identical,0,0.0005982752,True,Roth84
LB,strict,near-identical,0,0.00952653,True,Roth84
LB,strict,near-identical,0,0.00952653,True,Roth84
LB,strict,near-identical,0,0.00952653,True,Roth84
LB,strict,near-identical,0,0.00952653,True,Roth84
LB,strict,near-identical,0,0.00952653,True,Roth84
LB,strict,near-identical,0,0.00952653,True,Roth84
LB,strict,near-identical,0,0.00952653,True,Roth84
LB,strict,near-identical,0,0.00952653,True,Roth84
LB,strict,near-identical,0,0.03386829,True,Roth10
LB,strict,near-identical,0,0.03386829,True,Roth10
LB,strict,near-identical,0,0.03386829,True,Roth10
LB,strict,near-identical,0,0.38579807,False,Roth10
LB,strict,near-identical,0,0.0007635873,True,Roth10
LB,strict,near-identical,0,0.0008145355,True,Roth10
LB,strict,near-identical,0,0.38579807,False,Roth10
LB,strict,near-identical,0,0.021215886,True,Roth10
LB,strict,near-identical,0,0.011753392,True,Roth10
LB,strict,near-identical,0,0.38579807,False,Roth10
LB,strict,near-identical,0,0.027190072,True,Roth10
LB,strict,near-identical,0,0.0007829313,True,Roth10
LB,strict,near-identical,0,0.0052398606,True,Roth10
LB,strict,near-identical,0,0.0052398606,True,Roth10
LB,strict,near-identical,0,0.00044034634,True,Roth10
LB,strict,near-identical,0,0.00044034634,True,Roth10
LB,strict,near-identical,1,0.0005778229,True,Roth10
LB,strict,near-identical,0,0.00044034634,True,Roth10
LB,strict,near-identical,0,0.38579807,False,Roth10
LB,strict,near-identical,0,0.38579807,False,Roth10
LB,strict,near-identical,0,0.0016468059,True,Roth10
LB,strict,near-identical,0,0.38579807,False,Roth10
LB,strict,near-identical,0,0.38579807,False,Roth10
LB,strict,near-identical,0,0.0016468059,True,Roth10
LB,strict,near-identical,1,0.38579807,False,Roth10
LB,strict,near-identical,0,0.38579807,False,Roth10
LB,strict,near-identical,0,0.0012878794,True,Roth10
LB,strict,near-identical,1,0.08346286,True,Roth10
LB,strict,near-identical,0,0.34110647,True,Roth10
LB,strict,near-identical,0,0.020940412,True,Roth10
LB,strict,near-identical,0,0.0051607396,True,Roth10
LB,strict,near-identical,0,0.38579807,False,Roth10
LB,strict,near-identical,0,0.38579807,False,Roth10
LB,strict,near-identical,0,0.38579807,False,Roth10
LB,strict,near-identical,0,0.0052398606,True,Roth10
LB,strict,near-identical,0,0.0007635873,True,Roth10
LB,strict,near-identical,0,0.0007635873,True,Roth10
LB,strict,near-identical,0,0.0010459996,True,Roth10
LB,strict,near-identical,0,0.38579807,False,Roth10
LB,strict,near-identical,0,0.00064574,True,Roth10
LB,strict,near-identical,1,0.00952653,True,Roth10
LB,strict,near-identical,0,0.00952653,True,Roth10
LB,strict,near-identical,0,0.011753392,True,Roth10
LB,strict,near-identical,0,0.0052398606,True,Roth10
LB,strict,near-identical,0,0.00044034634,True,Roth10
LB,strict,near-identical,0,0.0070815263,True,Roth10
LB,strict,near-identical,0,0.38579807,False,Roth10
LB,strict,near-identical,0,0.011753392,True,Roth10
LB,strict,near-identical,0,0.014910208,True,Roth10
LB,strict,near-identical,0,0.014910208,True,Roth10
LB,strict,near-identical,1,0.0026054357,True,Roth10
LB,strict,near-identical,0,0.0012878794,True,Roth10
LB,strict,near-identical,0,0.0012878794,True,Roth10
LB,strict,near-identical,0,0.38579807,False,Roth10
LB,strict,near-identical,0,0.38579807,False,Roth10
LB,strict,near-identical,0,0.0012400972,True,Roth10
LB,strict,near-identical,0,0.008708898,True,Roth10
LB,strict,near-identical,0,0.008708898,True,Roth10
LB,strict,near-identical,0,0.008708898,True,Roth10
LB,strict,near-identical,0,0.008708898,True,Roth10
LB,strict,near-identical,0,0.008708898,True,Roth10
LB,strict,near-identical,1,0.0005982752,True,Roth10
LB,strict,near-identical,0,0.0052398606,True,Roth10
LB,strict,near-identical,1,0.0052398606,True,Roth10
LB,strict,near-identical,0,0.0005982752,True,Roth10
LB,strict,near-identical,0,0.00952653,True,Roth10
LB,strict,near-identical,0,0.00952653,True,Roth10
LB,strict,near-identical,0,0.00952653,True,Roth10
LB,strict,near-identical,0,0.00952653,True,Roth10
LB,strict,near-identical,1,0.00952653,True,Roth10
LB,strict,near-identical,0,0.00952653,True,Roth10
LB,strict,near-identical,0,0.00952653,True,Roth10
LB,strict,near-identical,0,0.00952653,True,Roth10
LB,strict,near-identical,0,0.03386829,True,Roth83
LB,strict,near-identical,0,0.03386829,True,Roth83
LB,strict,near-identical,0,0.03386829,True,Roth83
LB,strict,near-identical,0,0.38579807,False,Roth83
LB,strict,near-identical,0,0.0007635873,True,Roth83
LB,strict,near-identical,0,0.0008145355,True,Roth83
LB,strict,near-identical,0,0.38579807,False,Roth83
LB,strict,near-identical,0,0.021215886,True,Roth83
LB,strict,near-identical,0,0.011753392,True,Roth83
LB,strict,near-identical,0,0.38579807,False,Roth83
LB,strict,near-identical,0,0.027190072,True,Roth83
LB,strict,near-identical,0,0.0007829313,True,Roth83
LB,strict,near-identical,0,0.0052398606,True,Roth83
LB,strict,near-identical,0,0.0052398606,True,Roth83
LB,strict,near-identical,0,0.00044034634,True,Roth83
LB,strict,near-identical,0,0.00044034634,True,Roth83
LB,strict,near-identical,1,0.0005778229,True,Roth83
LB,strict,near-identical,0,0.00044034634,True,Roth83
LB,strict,near-identical,0,0.38579807,False,Roth83
LB,strict,near-identical,0,0.38579807,False,Roth83
LB,strict,near-identical,0,0.0016468059,True,Roth83
LB,strict,near-identical,0,0.38579807,False,Roth83
LB,strict,near-identical,0,0.38579807,False,Roth83
LB,strict,near-identical,0,0.0016468059,True,Roth83
LB,strict,near-identical,0,0.0016468059,True,Roth83
LB,strict,near-identical,1,0.38579807,False,Roth83
LB,strict,near-identical,0,0.38579807,False,Roth83
LB,strict,near-identical,0,0.0012878794,True,Roth83
LB,strict,near-identical,1,0.08346286,True,Roth83
LB,strict,near-identical,0,0.34110647,True,Roth83
LB,strict,near-identical,0,0.020940412,True,Roth83
LB,strict,near-identical,0,0.0051607396,True,Roth83
LB,strict,near-identical,0,0.38579807,False,Roth83
LB,strict,near-identical,0,0.38579807,False,Roth83
LB,strict,near-identical,0,0.38579807,False,Roth83
LB,strict,near-identical,0,0.0052398606,True,Roth83
LB,strict,near-identical,0,0.0007635873,True,Roth83
LB,strict,near-identical,0,0.0007635873,True,Roth83
LB,strict,near-identical,0,0.0010459996,True,Roth83
LB,strict,near-identical,0,0.38579807,False,Roth83
LB,strict,near-identical,0,0.00064574,True,Roth83
LB,strict,near-identical,1,0.00952653,True,Roth83
LB,strict,near-identical,0,0.00952653,True,Roth83
LB,strict,near-identical,0,0.011753392,True,Roth83
LB,strict,near-identical,0,0.0052398606,True,Roth83
LB,strict,near-identical,0,0.00044034634,True,Roth83
LB,strict,near-identical,0,0.0070815263,True,Roth83
LB,strict,near-identical,0,0.38579807,False,Roth83
LB,strict,near-identical,0,0.011753392,True,Roth83
LB,strict,near-identical,0,0.014910208,True,Roth83
LB,strict,near-identical,0,0.014910208,True,Roth83
LB,strict,near-identical,1,0.0026054357,True,Roth83
LB,strict,near-identical,0,0.0012878794,True,Roth83
LB,strict,near-identical,0,0.0012878794,True,Roth83
LB,strict,near-identical,0,0.38579807,False,Roth83
LB,strict,near-identical,0,0.38579807,False,Roth83
LB,strict,near-identical,0,0.0012400972,True,Roth83
LB,strict,near-identical,0,0.008708898,True,Roth83
LB,strict,near-identical,0,0.008708898,True,Roth83
LB,strict,near-identical,0,0.008708898,True,Roth83
LB,strict,near-identical,0,0.008708898,True,Roth83
LB,strict,near-identical,0,0.008708898,True,Roth83
LB,strict,near-identical,1,0.0005982752,True,Roth83
LB,strict,near-identical,0,0.0052398606,True,Roth83
LB,strict,near-identical,0,0.0052398606,True,Roth83
LB,strict,near-identical,0,0.0005982752,True,Roth83
LB,strict,near-identical,0,0.00952653,True,Roth83
LB,strict,near-identical,0,0.00952653,True,Roth83
LB,strict,near-identical,0,0.00952653,True,Roth83
LB,strict,near-identical,0,0.00952653,True,Roth83
LB,strict,near-identical,1,0.00952653,True,Roth83
LB,strict,near-identical,0,0.00952653,True,Roth83
LB,strict,near-identical,0,0.00952653,True,Roth83
LB,strict,near-identical,0,0.00952653,True,Roth83
LB,strict,near-identical,0,0.08693585,True,Roth09
LB,strict,near-identical,0,0.08693585,True,Roth09
LB,strict,near-identical,0,0.08693585,True,Roth09
LB,strict,near-identical,0,0.38579807,False,Roth09
LB,strict,near-identical,0,0.0007635873,True,Roth09
LB,strict,near-identical,0,0.0008145355,True,Roth09
LB,strict,near-identical,0,0.38579807,False,Roth09
LB,strict,near-identical,0,0.041040294,True,Roth09
LB,strict,near-identical,0,0.012625401,True,Roth09
LB,strict,near-identical,0,0.38579807,False,Roth09
LB,strict,near-identical,0,0.035658058,True,Roth09
LB,strict,near-identical,0,0.0007829313,True,Roth09
LB,strict,near-identical,0,0.005433639,True,Roth09
LB,strict,near-identical,0,0.005433639,True,Roth09
LB,strict,near-identical,0,0.0005131258,True,Roth09
LB,strict,near-identical,0,0.0005131258,True,Roth09
LB,strict,near-identical,1,0.0005778229,True,Roth09
LB,strict,near-identical,0,0.0005131258,True,Roth09
LB,strict,near-identical,0,0.38579807,False,Roth09
LB,strict,near-identical,0,0.38579807,False,Roth09
LB,strict,near-identical,0,0.0016468059,True,Roth09
LB,strict,near-identical,0,0.38579807,False,Roth09
LB,strict,near-identical,0,0.38579807,False,Roth09
LB,strict,near-identical,0,0.0016468059,True,Roth09
LB,strict,near-identical,0,0.0016468059,True,Roth09
LB,strict,near-identical,1,0.38579807,False,Roth09
LB,strict,near-identical,0,0.38579807,False,Roth09
LB,strict,near-identical,0,0.0012878794,True,Roth09
LB,strict,near-identical,1,0.05892917,True,Roth09
LB,strict,near-identical,0,0.34110647,True,Roth09
LB,strict,near-identical,0,0.020940412,True,Roth09
LB,strict,near-identical,0,0.0051607396,True,Roth09
LB,strict,near-identical,0,0.38579807,False,Roth09
LB,strict,near-identical,0,0.38579807,False,Roth09
LB,strict,near-identical,0,0.38579807,False,Roth09
LB,strict,near-identical,0,0.005433639,True,Roth09
LB,strict,near-identical,0,0.0007635873,True,Roth09
LB,strict,near-identical,0,0.0007635873,True,Roth09
LB,strict,near-identical,0,0.0010459996,True,Roth09
LB,strict,near-identical,0,0.38579807,False,Roth09
LB,strict,near-identical,0,0.00064574,True,Roth09
LB,strict,near-identical,1,0.00952653,True,Roth09
LB,strict,near-identical,0,0.00952653,True,Roth09
LB,strict,near-identical,0,0.012625401,True,Roth09
LB,strict,near-identical,0,0.005433639,True,Roth09
LB,strict,near-identical,0,0.0005131258,True,Roth09
LB,strict,near-identical,0,0.013356506,True,Roth09
LB,strict,near-identical,0,0.38579807,False,Roth09
LB,strict,near-identical,0,0.012625401,True,Roth09
LB,strict,near-identical,0,0.014910208,True,Roth09
LB,strict,near-identical,0,0.014910208,True,Roth09
LB,strict,near-identical,1,0.004363337,True,Roth09
LB,strict,near-identical,0,0.0012878794,True,Roth09
LB,strict,near-identical,0,0.0012878794,True,Roth09
LB,strict,near-identical,0,0.38579807,False,Roth09
LB,strict,near-identical,0,0.38579807,False,Roth09
LB,strict,near-identical,0,0.001416974,True,Roth09
LB,strict,near-identical,0,0.012155367,True,Roth09
LB,strict,near-identical,0,0.012155367,True,Roth09
LB,strict,near-identical,0,0.012155367,True,Roth09
LB,strict,near-identical,0,0.012155367,True,Roth09
LB,strict,near-identical,0,0.012155367,True,Roth09
LB,strict,near-identical,1,0.00064386264,True,Roth09
LB,strict,near-identical,0,0.005433639,True,Roth09
LB,strict,near-identical,0,0.005433639,True,Roth09
LB,strict,near-identical,0,0.00064386264,True,Roth09
LB,strict,near-identical,0,0.00952653,True,Roth09
LB,strict,near-identical,0,0.00952653,True,Roth09
LB,strict,near-identical,0,0.00952653,True,Roth09
LB,strict,near-identical,0,0.00952653,True,Roth09
LB,strict,near-identical,0,0.00952653,True,Roth09
LB,strict,near-identical,0,0.00952653,True,Roth09
LB,strict,near-identical,0,0.00952653,True,Roth09
LB,strict,near-identical,0,0.00952653,True,Roth09
LB,strict,near-identical,0,0.06315032,True,Roth93
LB,strict,near-identical,0,0.06315032,True,Roth93
LB,strict,near-identical,0,0.06315032,True,Roth93
LB,strict,near-identical,0,0.45658138,False,Roth93
LB,strict,near-identical,0,0.0010211311,True,Roth93
LB,strict,near-identical,1,0.0010892443,True,Roth93
LB,strict,near-identical,0,0.45658138,False,Roth93
LB,strict,near-identical,0,0.04382665,True,Roth93
LB,strict,near-identical,0,0.015659481,True,Roth93
LB,strict,near-identical,0,0.45658138,False,Roth93
LB,strict,near-identical,0,0.07530741,True,Roth93
LB,strict,near-identical,0,0.0009491511,True,Roth93
LB,strict,near-identical,0,0.009066344,True,Roth93
LB,strict,near-identical,0,0.009066344,True,Roth93
LB,strict,near-identical,0,0.00058893114,True,Roth93
LB,strict,near-identical,0,0.00058893114,True,Roth93
LB,strict,near-identical,1,0.0006599586,True,Roth93
LB,strict,near-identical,0,0.00058893114,True,Roth93
LB,strict,near-identical,0,0.45658138,False,Roth93
LB,strict,near-identical,0,0.45658138,False,Roth93
LB,strict,near-identical,0,0.0022015865,True,Roth93
LB,strict,near-identical,0,0.45658138,False,Roth93
LB,strict,near-identical,0,0.45658138,False,Roth93
LB,strict,near-identical,0,0.0022015865,True,Roth93
LB,strict,near-identical,0,0.0022015865,True,Roth93
LB,strict,near-identical,1,0.45658138,False,Roth93
LB,strict,near-identical,0,0.45658138,False,Roth93
LB,strict,near-identical,0,0.0017219532,True,Roth93
LB,strict,near-identical,1,0.07728752,True,Roth93
LB,strict,near-identical,0,0.05420676,True,Roth93
LB,strict,near-identical,0,0.021264207,True,Roth93
LB,strict,near-identical,0,0.006891129,True,Roth93
LB,strict,near-identical,0,0.45658138,False,Roth93
LB,strict,near-identical,0,0.45658138,False,Roth93
LB,strict,near-identical,0,0.45658138,False,Roth93
LB,strict,near-identical,0,0.009066344,True,Roth93
LB,strict,near-identical,0,0.0010211311,True,Roth93
LB,strict,near-identical,0,0.0010211311,True,Roth93
LB,strict,near-identical,0,0.0011946054,True,Roth93
LB,strict,near-identical,0,0.45658138,False,Roth93
LB,strict,near-identical,0,0.0008635703,True,Roth93
LB,strict,near-identical,1,0.012702072,True,Roth93
LB,strict,near-identical,0,0.012702072,True,Roth93
LB,strict,near-identical,0,0.015659481,True,Roth93
LB,strict,near-identical,0,0.009066344,True,Roth93
LB,strict,near-identical,0,0.00058893114,True,Roth93
LB,strict,near-identical,0,0.34634572,True,Roth93
LB,strict,near-identical,0,0.45658138,False,Roth93
LB,strict,near-identical,0,0.015659481,True,Roth93
LB,strict,near-identical,0,0.02429088,True,Roth93
LB,strict,near-identical,0,0.02429088,True,Roth93
LB,strict,near-identical,1,0.0034820358,True,Roth93
LB,strict,near-identical,0,0.0017219532,True,Roth93
LB,strict,near-identical,0,0.0017219532,True,Roth93
LB,strict,near-identical,0,0.45658138,False,Roth93
LB,strict,near-identical,0,0.45658138,False,Roth93
LB,strict,near-identical,0,0.001658092,True,Roth93
LB,strict,near-identical,0,0.011907996,True,Roth93
LB,strict,near-identical,0,0.011907996,True,Roth93
LB,strict,near-identical,0,0.011907996,True,Roth93
LB,strict,near-identical,0,0.011907996,True,Roth93
LB,strict,near-identical,0,0.011907996,True,Roth93
LB,strict,near-identical,1,0.0008048832,True,Roth93
LB,strict,near-identical,0,0.009066344,True,Roth93
LB,strict,near-identical,0,0.009066344,True,Roth93
LB,strict,near-identical,0,0.0008048832,True,Roth93
LB,strict,near-identical,0,0.012702072,True,Roth93
LB,strict,near-identical,0,0.012702072,True,Roth93
LB,strict,near-identical,0,0.012702072,True,Roth93
LB,strict,near-identical,0,0.012702072,True,Roth93
LB,strict,near-identical,1,0.012702072,True,Roth93
LB,strict,near-identical,0,0.012702072,True,Roth93
LB,strict,near-identical,0,0.012702072,True,Roth93
LB,strict,near-identical,0,0.012702072,True,Roth93
LB,strict,near-identical,0,0.034962643,True,Roth85
LB,strict,near-identical,0,0.034962643,True,Roth85
LB,strict,near-identical,0,0.45658138,False,Roth85
LB,strict,near-identical,0,0.0010211311,True,Roth85
LB,strict,near-identical,1,0.0010892443,True,Roth85
LB,strict,near-identical,0,0.45658138,False,Roth85
LB,strict,near-identical,0,0.06692262,True,Roth85
LB,strict,near-identical,0,0.06071237,True,Roth85
LB,strict,near-identical,0,0.45658138,False,Roth85
LB,strict,near-identical,0,0.07530741,True,Roth85
LB,strict,near-identical,0,0.0009491511,True,Roth85
LB,strict,near-identical,0,0.01676527,True,Roth85
LB,strict,near-identical,0,0.01676527,True,Roth85
LB,strict,near-identical,0,0.00058893114,True,Roth85
LB,strict,near-identical,0,0.00058893114,True,Roth85
LB,strict,near-identical,1,0.0006599586,True,Roth85
LB,strict,near-identical,0,0.00058893114,True,Roth85
LB,strict,near-identical,0,0.45658138,False,Roth85
LB,strict,near-identical,0,0.0022015865,True,Roth85
LB,strict,near-identical,0,0.45658138,False,Roth85
LB,strict,near-identical,0,0.45658138,False,Roth85
LB,strict,near-identical,0,0.0022015865,True,Roth85
LB,strict,near-identical,1,0.45658138,False,Roth85
LB,strict,near-identical,0,0.45658138,False,Roth85
LB,strict,near-identical,0,0.0017219532,True,Roth85
LB,strict,near-identical,1,0.07728752,True,Roth85
LB,strict,near-identical,0,0.110469654,True,Roth85
LB,strict,near-identical,0,0.021264207,True,Roth85
LB,strict,near-identical,0,0.006891129,True,Roth85
LB,strict,near-identical,0,0.45658138,False,Roth85
LB,strict,near-identical,0,0.45658138,False,Roth85
LB,strict,near-identical,0,0.45658138,False,Roth85
LB,strict,near-identical,0,0.01676527,True,Roth85
LB,strict,near-identical,0,0.0010211311,True,Roth85
LB,strict,near-identical,0,0.0010211311,True,Roth85
LB,strict,near-identical,0,0.0011946054,True,Roth85
LB,strict,near-identical,0,0.45658138,False,Roth85
LB,strict,near-identical,0,0.0008635703,True,Roth85
LB,strict,near-identical,1,0.012702072,True,Roth85
LB,strict,near-identical,0,0.012702072,True,Roth85
LB,strict,near-identical,0,0.06071237,True,Roth85
LB,strict,near-identical,0,0.01676527,True,Roth85
LB,strict,near-identical,0,0.00058893114,True,Roth85
LB,strict,near-identical,0,0.00944984,True,Roth85
LB,strict,near-identical,0,0.45658138,False,Roth85
LB,strict,near-identical,0,0.06071237,True,Roth85
LB,strict,near-identical,0,0.02429088,True,Roth85
LB,strict,near-identical,0,0.02429088,True,Roth85
LB,strict,near-identical,1,0.0040069045,True,Roth85
LB,strict,near-identical,0,0.0017219532,True,Roth85
LB,strict,near-identical,0,0.0017219532,True,Roth85
LB,strict,near-identical,0,0.45658138,False,Roth85
LB,strict,near-identical,0,0.001658092,True,Roth85
LB,strict,near-identical,0,0.011907996,True,Roth85
LB,strict,near-identical,0,0.011907996,True,Roth85
LB,strict,near-identical,0,0.011907996,True,Roth85
LB,strict,near-identical,0,0.011907996,True,Roth85
LB,strict,near-identical,0,0.011907996,True,Roth85
LB,strict,near-identical,1,0.0008048832,True,Roth85
LB,strict,near-identical,0,0.01676527,True,Roth85
LB,strict,near-identical,1,0.01676527,True,Roth85
LB,strict,near-identical,0,0.0008048832,True,Roth85
LB,strict,near-identical,0,0.012702072,True,Roth85
LB,strict,near-identical,0,0.012702072,True,Roth85
LB,strict,near-identical,0,0.012702072,True,Roth85
LB,strict,near-identical,0,0.012702072,True,Roth85
LB,strict,near-identical,1,0.012702072,True,Roth85
LB,strict,near-identical,0,0.012702072,True,Roth85
LB,strict,near-identical,0,0.012702072,True,Roth85
LB,strict,near-identical,0,0.012702072,True,Roth85
LB,strict,near-identical,0,0.06315032,True,Roth61
LB,strict,near-identical,0,0.06315032,True,Roth61
LB,strict,near-identical,0,0.06315032,True,Roth61
LB,strict,near-identical,0,0.45658138,False,Roth61
LB,strict,near-identical,0,0.0010211311,True,Roth61
LB,strict,near-identical,0,0.0010892443,True,Roth61
LB,strict,near-identical,0,0.45658138,False,Roth61
LB,strict,near-identical,0,0.04382665,True,Roth61
LB,strict,near-identical,0,0.015659481,True,Roth61
LB,strict,near-identical,0,0.45658138,False,Roth61
LB,strict,near-identical,0,0.07530741,True,Roth61
LB,strict,near-identical,0,0.0009491511,True,Roth61
LB,strict,near-identical,0,0.009066344,True,Roth61
LB,strict,near-identical,0,0.009066344,True,Roth61
LB,strict,near-identical,0,0.00058893114,True,Roth61
LB,strict,near-identical,0,0.00058893114,True,Roth61
LB,strict,near-identical,1,0.0006599586,True,Roth61
LB,strict,near-identical,0,0.00058893114,True,Roth61
LB,strict,near-identical,0,0.45658138,False,Roth61
LB,strict,near-identical,0,0.45658138,False,Roth61
LB,strict,near-identical,0,0.0022015865,True,Roth61
LB,strict,near-identical,0,0.45658138,False,Roth61
LB,strict,near-identical,0,0.45658138,False,Roth61
LB,strict,near-identical,0,0.0022015865,True,Roth61
LB,strict,near-identical,0,0.0022015865,True,Roth61
LB,strict,near-identical,1,0.45658138,False,Roth61
LB,strict,near-identical,0,0.45658138,False,Roth61
LB,strict,near-identical,0,0.0017219532,True,Roth61
LB,strict,near-identical,1,0.07728752,True,Roth61
LB,strict,near-identical,0,0.05420676,True,Roth61
LB,strict,near-identical,0,0.021264207,True,Roth61
LB,strict,near-identical,0,0.006891129,True,Roth61
LB,strict,near-identical,0,0.45658138,False,Roth61
LB,strict,near-identical,0,0.45658138,False,Roth61
LB,strict,near-identical,0,0.45658138,False,Roth61
LB,strict,near-identical,0,0.009066344,True,Roth61
LB,strict,near-identical,0,0.0010211311,True,Roth61
LB,strict,near-identical,0,0.0010211311,True,Roth61
LB,strict,near-identical,0,0.0011946054,True,Roth61
LB,strict,near-identical,0,0.45658138,False,Roth61
LB,strict,near-identical,0,0.0008635703,True,Roth61
LB,strict,near-identical,1,0.012702072,True,Roth61
LB,strict,near-identical,0,0.012702072,True,Roth61
LB,strict,near-identical,0,0.015659481,True,Roth61
LB,strict,near-identical,0,0.009066344,True,Roth61
LB,strict,near-identical,0,0.00058893114,True,Roth61
LB,strict,near-identical,0,0.34634572,True,Roth61
LB,strict,near-identical,0,0.45658138,False,Roth61
LB,strict,near-identical,0,0.015659481,True,Roth61
LB,strict,near-identical,0,0.02429088,True,Roth61
LB,strict,near-identical,0,0.02429088,True,Roth61
LB,strict,near-identical,1,0.0034820358,True,Roth61
LB,strict,near-identical,0,0.0017219532,True,Roth61
LB,strict,near-identical,0,0.0017219532,True,Roth61
LB,strict,near-identical,0,0.45658138,False,Roth61
LB,strict,near-identical,0,0.45658138,False,Roth61
LB,strict,near-identical,0,0.001658092,True,Roth61
LB,strict,near-identical,0,0.011907996,True,Roth61
LB,strict,near-identical,0,0.011907996,True,Roth61
LB,strict,near-identical,0,0.011907996,True,Roth61
LB,strict,near-identical,0,0.011907996,True,Roth61
LB,strict,near-identical,0,0.011907996,True,Roth61
LB,strict,near-identical,1,0.0008048832,True,Roth61
LB,strict,near-identical,0,0.009066344,True,Roth61
LB,strict,near-identical,1,0.009066344,True,Roth61
LB,strict,near-identical,0,0.0008048832,True,Roth61
LB,strict,near-identical,0,0.012702072,True,Roth61
LB,strict,near-identical,0,0.012702072,True,Roth61
LB,strict,near-identical,0,0.012702072,True,Roth61
LB,strict,near-identical,0,0.012702072,True,Roth61
LB,strict,near-identical,1,0.012702072,True,Roth61
LB,strict,near-identical,0,0.012702072,True,Roth61
LB,strict,near-identical,0,0.012702072,True,Roth61
LB,strict,near-identical,0,0.012702072,True,Roth61
LB,strict,near-identical,0,0.034962643,True,Roth47
LB,strict,near-identical,0,0.034962643,True,Roth47
LB,strict,near-identical,0,0.034962643,True,Roth47
LB,strict,near-identical,0,0.45658138,False,Roth47
LB,strict,near-identical,0,0.0010211311,True,Roth47
LB,strict,near-identical,1,0.0010892443,True,Roth47
LB,strict,near-identical,0,0.45658138,False,Roth47
LB,strict,near-identical,0,0.04382665,True,Roth47
LB,strict,near-identical,0,0.015659481,True,Roth47
LB,strict,near-identical,0,0.45658138,False,Roth47
LB,strict,near-identical,0,0.07530741,True,Roth47
LB,strict,near-identical,0,0.0009491511,True,Roth47
LB,strict,near-identical,0,0.009066344,True,Roth47
LB,strict,near-identical,0,0.009066344,True,Roth47
LB,strict,near-identical,0,0.00058893114,True,Roth47
LB,strict,near-identical,0,0.00058893114,True,Roth47
LB,strict,near-identical,0,0.0006599586,True,Roth47
LB,strict,near-identical,0,0.00058893114,True,Roth47
LB,strict,near-identical,0,0.45658138,False,Roth47
LB,strict,near-identical,0,0.45658138,False,Roth47
LB,strict,near-identical,0,0.0022015865,True,Roth47
LB,strict,near-identical,0,0.45658138,False,Roth47
LB,strict,near-identical,0,0.45658138,False,Roth47
LB,strict,near-identical,0,0.0022015865,True,Roth47
LB,strict,near-identical,0,0.0022015865,True,Roth47
LB,strict,near-identical,1,0.45658138,False,Roth47
LB,strict,near-identical,0,0.45658138,False,Roth47
LB,strict,near-identical,0,0.0017219532,True,Roth47
LB,strict,near-identical,1,0.07728752,True,Roth47
LB,strict,near-identical,0,0.05420676,True,Roth47
LB,strict,near-identical,1,0.021264207,True,Roth47
LB,strict,near-identical,0,0.006891129,True,Roth47
LB,strict,near-identical,0,0.45658138,False,Roth47
LB,strict,near-identical,0,0.45658138,False,Roth47
LB,strict,near-identical,0,0.45658138,False,Roth47
LB,strict,near-identical,0,0.009066344,True,Roth47
LB,strict,near-identical,0,0.0010211311,True,Roth47
LB,strict,near-identical,0,0.0010211311,True,Roth47
LB,strict,near-identical,0,0.0011946054,True,Roth47
LB,strict,near-identical,0,0.45658138,False,Roth47
LB,strict,near-identical,0,0.0008635703,True,Roth47
LB,strict,near-identical,1,0.012702072,True,Roth47
LB,strict,near-identical,0,0.012702072,True,Roth47
LB,strict,near-identical,0,0.015659481,True,Roth47
LB,strict,near-identical,0,0.009066344,True,Roth47
LB,strict,near-identical,0,0.00058893114,True,Roth47
LB,strict,near-identical,0,0.00944984,True,Roth47
LB,strict,near-identical,0,0.45658138,False,Roth47
LB,strict,near-identical,0,0.015659481,True,Roth47
LB,strict,near-identical,0,0.02429088,True,Roth47
LB,strict,near-identical,0,0.02429088,True,Roth47
LB,strict,near-identical,1,0.0036224306,True,Roth47
LB,strict,near-identical,0,0.0017219532,True,Roth47
LB,strict,near-identical,0,0.0017219532,True,Roth47
LB,strict,near-identical,0,0.45658138,False,Roth47
LB,strict,near-identical,0,0.45658138,False,Roth47
LB,strict,near-identical,0,0.001658092,True,Roth47
LB,strict,near-identical,0,0.011907996,True,Roth47
LB,strict,near-identical,0,0.011907996,True,Roth47
LB,strict,near-identical,0,0.011907996,True,Roth47
LB,strict,near-identical,0,0.011907996,True,Roth47
LB,strict,near-identical,0,0.011907996,True,Roth47
LB,strict,near-identical,1,0.0008048832,True,Roth47
LB,strict,near-identical,0,0.009066344,True,Roth47
LB,strict,near-identical,0,0.009066344,True,Roth47
LB,strict,near-identical,0,0.0008048832,True,Roth47
LB,strict,near-identical,0,0.012702072,True,Roth47
LB,strict,near-identical,0,0.012702072,True,Roth47
LB,strict,near-identical,0,0.012702072,True,Roth47
LB,strict,near-identical,0,0.012702072,True,Roth47
LB,strict,near-identical,0,0.012702072,True,Roth47
LB,strict,near-identical,0,0.012702072,True,Roth47
LB,strict,near-identical,0,0.012702072,True,Roth47
LB,strict,near-identical,0,0.012702072,True,Roth47
LB,strict,near-identical,0,0.034962643,True,Roth96
LB,strict,near-identical,0,0.034962643,True,Roth96
LB,strict,near-identical,0,0.034962643,True,Roth96
LB,strict,near-identical,0,0.45658138,False,Roth96
LB,strict,near-identical,0,0.0010211311,True,Roth96
LB,strict,near-identical,1,0.0010892443,True,Roth96
LB,strict,near-identical,0,0.45658138,False,Roth96
LB,strict,near-identical,0,0.04382665,True,Roth96
LB,strict,near-identical,0,0.025918633,True,Roth96
LB,strict,near-identical,0,0.45658138,False,Roth96
LB,strict,near-identical,0,0.07530741,True,Roth96
LB,strict,near-identical,0,0.0009491511,True,Roth96
LB,strict,near-identical,0,0.009066344,True,Roth96
LB,strict,near-identical,0,0.009066344,True,Roth96
LB,strict,near-identical,0,0.00058893114,True,Roth96
LB,strict,near-identical,0,0.00058893114,True,Roth96
LB,strict,near-identical,0,0.0006599586,True,Roth96
LB,strict,near-identical,0,0.00058893114,True,Roth96
LB,strict,near-identical,0,0.45658138,False,Roth96
LB,strict,near-identical,0,0.45658138,False,Roth96
LB,strict,near-identical,0,0.0022015865,True,Roth96
LB,strict,near-identical,0,0.45658138,False,Roth96
LB,strict,near-identical,0,0.45658138,False,Roth96
LB,strict,near-identical,0,0.0022015865,True,Roth96
LB,strict,near-identical,0,0.0022015865,True,Roth96
LB,strict,near-identical,1,0.45658138,False,Roth96
LB,strict,near-identical,0,0.45658138,False,Roth96
LB,strict,near-identical,0,0.0017219532,True,Roth96
LB,strict,near-identical,1,0.07728752,True,Roth96
LB,strict,near-identical,0,0.05420676,True,Roth96
LB,strict,near-identical,1,0.021264207,True,Roth96
LB,strict,near-identical,0,0.006891129,True,Roth96
LB,strict,near-identical,0,0.45658138,False,Roth96
LB,strict,near-identical,0,0.45658138,False,Roth96
LB,strict,near-identical,0,0.45658138,False,Roth96
LB,strict,near-identical,0,0.009066344,True,Roth96
LB,strict,near-identical,0,0.0010211311,True,Roth96
LB,strict,near-identical,0,0.0010211311,True,Roth96
LB,strict,near-identical,0,0.0011946054,True,Roth96
LB,strict,near-identical,0,0.45658138,False,Roth96
LB,strict,near-identical,0,0.0008635703,True,Roth96
LB,strict,near-identical,1,0.012702072,True,Roth96
LB,strict,near-identical,0,0.012702072,True,Roth96
LB,strict,near-identical,0,0.025918633,True,Roth96
LB,strict,near-identical,0,0.009066344,True,Roth96
LB,strict,near-identical,0,0.00058893114,True,Roth96
LB,strict,near-identical,0,0.00944984,True,Roth96
LB,strict,near-identical,0,0.45658138,False,Roth96
LB,strict,near-identical,0,0.025918633,True,Roth96
LB,strict,near-identical,0,0.02429088,True,Roth96
LB,strict,near-identical,0,0.02429088,True,Roth96
LB,strict,near-identical,1,0.0058220625,True,Roth96
LB,strict,near-identical,0,0.0017219532,True,Roth96
LB,strict,near-identical,0,0.0017219532,True,Roth96
LB,strict,near-identical,0,0.45658138,False,Roth96
LB,strict,near-identical,0,0.45658138,False,Roth96
LB,strict,near-identical,0,0.001658092,True,Roth96
LB,strict,near-identical,0,0.011907996,True,Roth96
LB,strict,near-identical,0,0.011907996,True,Roth96
LB,strict,near-identical,0,0.011907996,True,Roth96
LB,strict,near-identical,0,0.011907996,True,Roth96
LB,strict,near-identical,0,0.011907996,True,Roth96
LB,strict,near-identical,1,0.0008048832,True,Roth96
LB,strict,near-identical,0,0.009066344,True,Roth96
LB,strict,near-identical,0,0.009066344,True,Roth96
LB,strict,near-identical,0,0.0008048832,True,Roth96
LB,strict,near-identical,0,0.012702072,True,Roth96
LB,strict,near-identical,0,0.012702072,True,Roth96
LB,strict,near-identical,0,0.012702072,True,Roth96
LB,strict,near-identical,0,0.012702072,True,Roth96
LB,strict,near-identical,1,0.012702072,True,Roth96
LB,strict,near-identical,0,0.012702072,True,Roth96
LB,strict,near-identical,0,0.012702072,True,Roth96
LB,strict,near-identical,0,0.012702072,True,Roth96
LB,strict,near-identical,0,0.034962643,True,Roth72
LB,strict,near-identical,0,0.034962643,True,Roth72
LB,strict,near-identical,0,0.034962643,True,Roth72
LB,strict,near-identical,0,0.45658138,False,Roth72
LB,strict,near-identical,0,0.0010211311,True,Roth72
LB,strict,near-identical,1,0.0010892443,True,Roth72
LB,strict,near-identical,0,0.45658138,False,Roth72
LB,strict,near-identical,0,0.04382665,True,Roth72
LB,strict,near-identical,0,0.025918633,True,Roth72
LB,strict,near-identical,0,0.45658138,False,Roth72
LB,strict,near-identical,0,0.07530741,True,Roth72
LB,strict,near-identical,0,0.0009491511,True,Roth72
LB,strict,near-identical,0,0.009066344,True,Roth72
LB,strict,near-identical,0,0.009066344,True,Roth72
LB,strict,near-identical,0,0.00058893114,True,Roth72
LB,strict,near-identical,0,0.00058893114,True,Roth72
LB,strict,near-identical,0,0.0006599586,True,Roth72
LB,strict,near-identical,0,0.00058893114,True,Roth72
LB,strict,near-identical,0,0.45658138,False,Roth72
LB,strict,near-identical,0,0.45658138,False,Roth72
LB,strict,near-identical,0,0.0022015865,True,Roth72
LB,strict,near-identical,0,0.45658138,False,Roth72
LB,strict,near-identical,0,0.45658138,False,Roth72
LB,strict,near-identical,0,0.0022015865,True,Roth72
LB,strict,near-identical,0,0.0022015865,True,Roth72
LB,strict,near-identical,1,0.45658138,False,Roth72
LB,strict,near-identical,0,0.45658138,False,Roth72
LB,strict,near-identical,0,0.0017219532,True,Roth72
LB,strict,near-identical,1,0.07728752,True,Roth72
LB,strict,near-identical,0,0.05420676,True,Roth72
LB,strict,near-identical,0,0.021264207,True,Roth72
LB,strict,near-identical,0,0.006891129,True,Roth72
LB,strict,near-identical,0,0.45658138,False,Roth72
LB,strict,near-identical,0,0.45658138,False,Roth72
LB,strict,near-identical,0,0.45658138,False,Roth72
LB,strict,near-identical,0,0.009066344,True,Roth72
LB,strict,near-identical,0,0.0010211311,True,Roth72
LB,strict,near-identical,0,0.0010211311,True,Roth72
LB,strict,near-identical,0,0.0011946054,True,Roth72
LB,strict,near-identical,0,0.45658138,False,Roth72
LB,strict,near-identical,0,0.0008635703,True,Roth72
LB,strict,near-identical,1,0.012702072,True,Roth72
LB,strict,near-identical,0,0.012702072,True,Roth72
LB,strict,near-identical,0,0.025918633,True,Roth72
LB,strict,near-identical,0,0.009066344,True,Roth72
LB,strict,near-identical,0,0.00058893114,True,Roth72
LB,strict,near-identical,0,0.00944984,True,Roth72
LB,strict,near-identical,0,0.45658138,False,Roth72
LB,strict,near-identical,0,0.025918633,True,Roth72
LB,strict,near-identical,0,0.02429088,True,Roth72
LB,strict,near-identical,0,0.02429088,True,Roth72
LB,strict,near-identical,1,0.0058220625,True,Roth72
LB,strict,near-identical,0,0.0017219532,True,Roth72
LB,strict,near-identical,0,0.0017219532,True,Roth72
LB,strict,near-identical,0,0.45658138,False,Roth72
LB,strict,near-identical,0,0.45658138,False,Roth72
LB,strict,near-identical,0,0.001658092,True,Roth72
LB,strict,near-identical,0,0.011907996,True,Roth72
LB,strict,near-identical,0,0.011907996,True,Roth72
LB,strict,near-identical,0,0.011907996,True,Roth72
LB,strict,near-identical,0,0.011907996,True,Roth72
LB,strict,near-identical,0,0.011907996,True,Roth72
LB,strict,near-identical,1,0.0008048832,True,Roth72
LB,strict,near-identical,0,0.009066344,True,Roth72
LB,strict,near-identical,1,0.009066344,True,Roth72
LB,strict,near-identical,0,0.0008048832,True,Roth72
LB,strict,near-identical,0,0.012702072,True,Roth72
LB,strict,near-identical,0,0.012702072,True,Roth72
LB,strict,near-identical,0,0.012702072,True,Roth72
LB,strict,near-identical,0,0.012702072,True,Roth72
LB,strict,near-identical,0,0.012702072,True,Roth72
LB,strict,near-identical,0,0.012702072,True,Roth72
LB,strict,near-identical,0,0.012702072,True,Roth72
LB,strict,near-identical,0,0.012702072,True,Roth72
LB,strict,novel,0,0.0010054255,True,RothD
LB,strict,novel,0,0.0010054255,True,RothD
LB,strict,novel,0,0.0010054255,True,RothD
LB,strict,novel,0,0.01227756,False,RothD
LB,strict,novel,1,8.037652e-05,True,RothD
LB,strict,novel,0,3.1206673e-05,True,RothD
LB,strict,novel,0,0.01227756,False,RothD
LB,strict,novel,0,0.0009141354,True,RothD
LB,strict,novel,0,0.0002996932,True,RothD
LB,strict,novel,0,0.01227756,False,RothD
LB,strict,novel,0,0.00066546793,True,RothD
LB,strict,novel,0,4.9398095e-05,True,RothD
LB,strict,novel,0,0.00057658536,True,RothD
LB,strict,novel,0,0.00057658536,True,RothD
LB,strict,novel,0,4.0681345e-05,True,RothD
LB,strict,novel,0,4.0681345e-05,True,RothD
LB,strict,novel,0,2.0530448e-05,True,RothD
LB,strict,novel,0,4.0681345e-05,True,RothD
LB,strict,novel,0,0.01227756,False,RothD
LB,strict,novel,0,0.01227756,False,RothD
LB,strict,novel,0,0.0001326915,True,RothD
LB,strict,novel,0,0.01227756,False,RothD
LB,strict,novel,0,0.01227756,False,RothD
LB,strict,novel,0,0.0001326915,True,RothD
LB,strict,novel,0,0.0001326915,True,RothD
LB,strict,novel,0,0.01227756,False,RothD
LB,strict,novel,0,0.01227756,False,RothD
LB,strict,novel,0,0.00018923216,True,RothD
LB,strict,novel,0,0.010227197,True,RothD
LB,strict,novel,0,0.014119121,True,RothD
LB,strict,novel,0,0.0010350932,True,RothD
LB,strict,novel,0,0.00018726815,True,RothD
LB,strict,novel,0,0.01227756,False,RothD
LB,strict,novel,0,0.01227756,False,RothD
LB,strict,novel,0,0.01227756,False,RothD
LB,strict,novel,0,0.00057658536,True,RothD
LB,strict,novel,1,8.037652e-05,True,RothD
LB,strict,novel,1,8.037652e-05,True,RothD
LB,strict,novel,0,3.28675e-05,True,RothD
LB,strict,novel,0,0.01227756,False,RothD
LB,strict,novel,0,3.247645e-05,True,RothD
LB,strict,novel,0,0.00025482778,True,RothD
LB,strict,novel,0,0.00025482778,True,RothD
LB,strict,novel,0,0.0002996932,True,RothD
LB,strict,novel,0,0.00057658536,True,RothD
LB,strict,novel,0,4.0681345e-05,True,RothD
LB,strict,novel,0,0.00050054287,True,RothD
LB,strict,novel,0,0.01227756,False,RothD
LB,strict,novel,0,0.0002996932,True,RothD
LB,strict,novel,0,0.00088611466,True,RothD
LB,strict,novel,0,0.00088611466,True,RothD
LB,strict,novel,0,0.0023878475,True,RothD
LB,strict,novel,0,0.00018923216,True,RothD
LB,strict,novel,0,0.00018923216,True,RothD
LB,strict,novel,0,0.01227756,False,RothD
LB,strict,novel,0,0.01227756,False,RothD
LB,strict,novel,0,9.331983e-05,True,RothD
LB,strict,novel,0,0.00020302723,True,RothD
LB,strict,novel,0,0.00020302723,True,RothD
LB,strict,novel,0,0.00020302723,True,RothD
LB,strict,novel,0,0.00020302723,True,RothD
LB,strict,novel,0,0.00020302723,True,RothD
LB,strict,novel,0,4.010402e-05,True,RothD
LB,strict,novel,0,0.00057658536,True,RothD
LB,strict,novel,0,0.00057658536,True,RothD
LB,strict,novel,0,4.010402e-05,True,RothD
LB,strict,novel,0,0.00025482778,True,RothD
LB,strict,novel,0,0.00025482778,True,RothD
LB,strict,novel,0,0.00025482778,True,RothD
LB,strict,novel,0,0.00025482778,True,RothD
LB,strict,novel,0,0.00025482778,True,RothD
LB,strict,novel,0,0.00025482778,True,RothD
LB,strict,novel,0,0.00025482778,True,RothD
LB,strict,novel,0,0.00025482778,True,RothD
LB,strict,novel,0,0.052626207,True,Roth32
LB,strict,novel,0,0.052626207,True,Roth32
LB,strict,novel,0,0.052626207,True,Roth32
LB,strict,novel,0,0.20002176,False,Roth32
LB,strict,novel,0,0.0010200352,True,Roth32
LB,strict,novel,0,0.000523154,True,Roth32
LB,strict,novel,0,0.20002176,False,Roth32
LB,strict,novel,0,0.0058071823,True,Roth32
LB,strict,novel,0,0.010172744,True,Roth32
LB,strict,novel,0,0.20002176,False,Roth32
LB,strict,novel,0,0.0107591115,True,Roth32
LB,strict,novel,0,0.00049764494,True,Roth32
LB,strict,novel,0,0.0067176097,True,Roth32
LB,strict,novel,0,0.0067176097,True,Roth32
LB,strict,novel,0,0.0006083267,True,Roth32
LB,strict,novel,0,0.0006083267,True,Roth32
LB,strict,novel,0,0.00032048643,True,Roth32
LB,strict,novel,0,0.0006083267,True,Roth32
LB,strict,novel,0,0.20002176,False,Roth32
LB,strict,novel,0,0.20002176,False,Roth32
LB,strict,novel,0,0.00261861,True,Roth32
LB,strict,novel,0,0.20002176,False,Roth32
LB,strict,novel,0,0.20002176,False,Roth32
LB,strict,novel,0,0.00261861,True,Roth32
LB,strict,novel,0,0.00261861,True,Roth32
LB,strict,novel,0,0.20002176,False,Roth32
LB,strict,novel,0,0.20002176,False,Roth32
LB,strict,novel,0,0.0019192183,True,Roth32
LB,strict,novel,0,0.0029589408,True,Roth32
LB,strict,novel,0,0.025944166,True,Roth32
LB,strict,novel,0,0.02856261,True,Roth32
LB,strict,novel,0,0.003362126,True,Roth32
LB,strict,novel,0,0.20002176,False,Roth32
LB,strict,novel,0,0.20002176,False,Roth32
LB,strict,novel,0,0.20002176,False,Roth32
LB,strict,novel,0,0.0067176097,True,Roth32
LB,strict,novel,0,0.0010200352,True,Roth32
LB,strict,novel,0,0.0010200352,True,Roth32
LB,strict,novel,0,0.00067609054,True,Roth32
LB,strict,novel,0,0.20002176,False,Roth32
LB,strict,novel,0,0.0004110789,True,Roth32
LB,strict,novel,0,0.0123888,True,Roth32
LB,strict,novel,0,0.0123888,True,Roth32
LB,strict,novel,0,0.010172744,True,Roth32
LB,strict,novel,0,0.0067176097,True,Roth32
LB,strict,novel,0,0.0006083267,True,Roth32
LB,strict,novel,0,0.0123527795,True,Roth32
LB,strict,novel,0,0.20002176,False,Roth32
LB,strict,novel,0,0.010172744,True,Roth32
LB,strict,novel,0,0.10697098,True,Roth32
LB,strict,novel,1,0.10697098,True,Roth32
LB,strict,novel,0,0.0004023832,True,Roth32
LB,strict,novel,0,0.0019192183,True,Roth32
LB,strict,novel,0,0.0019192183,True,Roth32
LB,strict,novel,0,0.20002176,False,Roth32
LB,strict,novel,0,0.20002176,False,Roth32
LB,strict,novel,0,0.002073863,True,Roth32
LB,strict,novel,0,0.005383942,True,Roth32
LB,strict,novel,0,0.005383942,True,Roth32
LB,strict,novel,0,0.005383942,True,Roth32
LB,strict,novel,0,0.005383942,True,Roth32
LB,strict,novel,0,0.005383942,True,Roth32
LB,strict,novel,0,0.0007571992,True,Roth32
LB,strict,novel,0,0.0067176097,True,Roth32
LB,strict,novel,0,0.0067176097,True,Roth32
LB,strict,novel,0,0.0007571992,True,Roth32
LB,strict,novel,0,0.0123888,True,Roth32
LB,strict,novel,0,0.0123888,True,Roth32
LB,strict,novel,0,0.0123888,True,Roth32
LB,strict,novel,0,0.0123888,True,Roth32
LB,strict,novel,0,0.0123888,True,Roth32
LB,strict,novel,0,0.0123888,True,Roth32
LB,strict,novel,0,0.0123888,True,Roth32
LB,strict,novel,0,0.0123888,True,Roth32
LB,strict,related,0,0.06909864,True,RothG
LB,strict,related,0,0.06909864,True,RothG
LB,strict,related,0,0.06909864,True,RothG
LB,strict,related,0,0.36133373,False,RothG
LB,strict,related,1,0.0037444422,True,RothG
LB,strict,related,0,0.0015940451,True,RothG
LB,strict,related,0,0.36133373,False,RothG
LB,strict,related,0,0.078829415,True,RothG
LB,strict,related,0,0.010625207,True,RothG
LB,strict,related,0,0.36133373,False,RothG
LB,strict,related,0,0.009977921,True,RothG
LB,strict,related,0,0.06483084,True,RothG
LB,strict,related,0,0.06483084,True,RothG
LB,strict,related,0,0.0013533417,True,RothG
LB,strict,related,0,0.0013533417,True,RothG
LB,strict,related,0,0.0011480259,True,RothG
LB,strict,related,0,0.0013533417,True,RothG
LB,strict,related,0,0.36133373,False,RothG
LB,strict,related,0,0.36133373,False,RothG
LB,strict,related,0,0.005833121,True,RothG
LB,strict,related,0,0.36133373,False,RothG
LB,strict,related,0,0.36133373,False,RothG
LB,strict,related,0,0.005833121,True,RothG
LB,strict,related,0,0.005833121,True,RothG
LB,strict,related,0,0.36133373,False,RothG
LB,strict,related,0,0.36133373,False,RothG
LB,strict,related,0,0.0043322016,True,RothG
LB,strict,related,0,0.0019957866,True,RothG
LB,strict,related,0,0.025837315,True,RothG
LB,strict,related,0,0.3472311,True,RothG
LB,strict,related,0,0.0066781896,True,RothG
LB,strict,related,0,0.36133373,False,RothG
LB,strict,related,0,0.36133373,False,RothG
LB,strict,related,0,0.36133373,False,RothG
LB,strict,related,0,0.06483084,True,RothG
LB,strict,related,1,0.0037444422,True,RothG
LB,strict,related,0,0.0011318674,True,RothG
LB,strict,related,0,0.36133373,False,RothG
LB,strict,related,0,0.0012059761,True,RothG
LB,strict,related,0,0.026914107,True,RothG
LB,strict,related,0,0.026914107,True,RothG
LB,strict,related,0,0.010625207,True,RothG
LB,strict,related,0,0.06483084,True,RothG
LB,strict,related,0,0.0013533417,True,RothG
LB,strict,related,0,0.030591713,True,RothG
LB,strict,related,0,0.36133373,False,RothG
LB,strict,related,0,0.010625207,True,RothG
LB,strict,related,0,0.017459532,True,RothG
LB,strict,related,0,0.017459532,True,RothG
LB,strict,related,0,0.35589752,True,RothG
LB,strict,related,0,0.0043322016,True,RothG
LB,strict,related,0,0.0043322016,True,RothG
LB,strict,related,0,0.36133373,False,RothG
LB,strict,related,0,0.36133373,False,RothG
LB,strict,related,0,0.004601248,True,RothG
LB,strict,related,0,0.0029630177,True,RothG
LB,strict,related,0,0.0029630177,True,RothG
LB,strict,related,0,0.0029630177,True,RothG
LB,strict,related,0,0.0029630177,True,RothG
LB,strict,related,0,0.0029630177,True,RothG
LB,strict,related,0,0.0018035414,True,RothG
LB,strict,related,0,0.06483084,True,RothG
LB,strict,related,0,0.06483084,True,RothG
LB,strict,related,0,0.0018035414,True,RothG
LB,strict,related,0,0.026914107,True,RothG
LB,strict,related,0,0.026914107,True,RothG
LB,strict,related,0,0.026914107,True,RothG
LB,strict,related,0,0.026914107,True,RothG
LB,strict,related,0,0.026914107,True,RothG
LB,strict,related,0,0.026914107,True,RothG
LB,strict,related,0,0.026914107,True,RothG
LB,strict,related,0,0.026914107,True,RothG
LB,strict,related,0,0.067762665,True,RothJ
LB,strict,related,0,0.067762665,True,RothJ
LB,strict,related,0,0.067762665,True,RothJ
LB,strict,related,0,0.3271599,False,RothJ
LB,strict,related,0,0.0013702876,True,RothJ
LB,strict,related,0,0.3271599,False,RothJ
LB,strict,related,0,0.038293656,True,RothJ
LB,strict,related,0,0.00914535,True,RothJ
LB,strict,related,0,0.3271599,False,RothJ
LB,strict,related,0,0.008587446,True,RothJ
LB,strict,related,0,0.037369456,True,RothJ
LB,strict,related,0,0.037369456,True,RothJ
LB,strict,related,0,0.001163332,True,RothJ
LB,strict,related,0,0.001163332,True,RothJ
LB,strict,related,0,0.0008565684,True,RothJ
LB,strict,related,0,0.001163332,True,RothJ
LB,strict,related,0,0.3271599,False,RothJ
LB,strict,related,0,0.3271599,False,RothJ
LB,strict,related,0,0.005017306,True,RothJ
LB,strict,related,0,0.3271599,False,RothJ
LB,strict,related,0,0.3271599,False,RothJ
LB,strict,related,0,0.005017306,True,RothJ
LB,strict,related,0,0.005017306,True,RothJ
LB,strict,related,0,0.3271599,False,RothJ
LB,strict,related,0,0.3271599,False,RothJ
LB,strict,related,0,0.0037255208,True,RothJ
LB,strict,related,0,0.0017157315,True,RothJ
LB,strict,related,0,0.028243285,True,RothJ
LB,strict,related,0,0.4862301,True,RothJ
LB,strict,related,0,0.0057448675,True,RothJ
LB,strict,related,0,0.3271599,False,RothJ
LB,strict,related,0,0.3271599,False,RothJ
LB,strict,related,0,0.3271599,False,RothJ
LB,strict,related,0,0.037369456,True,RothJ
LB,strict,related,1,0.0032198033,True,RothJ
LB,strict,related,0,0.00084450876,True,RothJ
LB,strict,related,0,0.3271599,False,RothJ
LB,strict,related,0,0.0010366357,True,RothJ
LB,strict,related,0,0.02321882,True,RothJ
LB,strict,related,0,0.02321882,True,RothJ
LB,strict,related,0,0.00914535,True,RothJ
LB,strict,related,0,0.037369456,True,RothJ
LB,strict,related,0,0.001163332,True,RothJ
LB,strict,related,0,0.02640518,True,RothJ
LB,strict,related,0,0.3271599,False,RothJ
LB,strict,related,0,0.00914535,True,RothJ
LB,strict,related,0,0.015042283,True,RothJ
LB,strict,related,0,0.015042283,True,RothJ
LB,strict,related,0,0.53966594,True,RothJ
LB,strict,related,0,0.0037255208,True,RothJ
LB,strict,related,0,0.0037255208,True,RothJ
LB,strict,related,0,0.3271599,False,RothJ
LB,strict,related,0,0.3271599,False,RothJ
LB,strict,related,0,0.00395704,True,RothJ
LB,strict,related,0,0.002547588,True,RothJ
LB,strict,related,0,0.002547588,True,RothJ
LB,strict,related,0,0.002547588,True,RothJ
LB,strict,related,0,0.002547588,True,RothJ
LB,strict,related,0,0.002547588,True,RothJ
LB,strict,related,0,0.0015504218,True,RothJ
LB,strict,related,0,0.037369456,True,RothJ
LB,strict,related,0,0.037369456,True,RothJ
LB,strict,related,0,0.0015504218,True,RothJ
LB,strict,related,0,0.02321882,True,RothJ
LB,strict,related,0,0.02321882,True,RothJ
LB,strict,related,0,0.02321882,True,RothJ
LB,strict,related,0,0.02321882,True,RothJ
LB,strict,related,0,0.02321882,True,RothJ
LB,strict,related,0,0.02321882,True,RothJ
LB,strict,related,0,0.02321882,True,RothJ
LB,strict,related,0,0.02321882,True,RothJ
LB,strict,related,0,0.084019035,True,RothI
LB,strict,related,0,0.084019035,True,RothI
LB,strict,related,0,0.084019035,True,RothI
LB,strict,related,0,0.38026232,False,RothI
LB,strict,related,1,0.0037984394,True,RothI
LB,strict,related,0,0.0017508175,True,RothI
LB,strict,related,1,0.38026232,False,RothI
LB,strict,related,0,0.062065396,True,RothI
LB,strict,related,0,0.011512988,True,RothI
LB,strict,related,0,0.38026232,False,RothI
LB,strict,related,0,0.010812235,True,RothI
LB,strict,related,0,0.0699276,True,RothI
LB,strict,related,0,0.0699276,True,RothI
LB,strict,related,0,0.0014864772,True,RothI
LB,strict,related,0,0.0014864772,True,RothI
LB,strict,related,0,0.0012449446,True,RothI
LB,strict,related,0,0.0014864772,True,RothI
LB,strict,related,0,0.38026232,False,RothI
LB,strict,related,0,0.38026232,False,RothI
LB,strict,related,0,0.0064041275,True,RothI
LB,strict,related,0,0.38026232,False,RothI
LB,strict,related,0,0.38026232,False,RothI
LB,strict,related,0,0.0064041275,True,RothI
LB,strict,related,0,0.0064041275,True,RothI
LB,strict,related,0,0.38026232,False,RothI
LB,strict,related,0,0.38026232,False,RothI
LB,strict,related,0,0.004696678,True,RothI
LB,strict,related,0,0.002164121,True,RothI
LB,strict,related,0,0.035378657,True,RothI
LB,strict,related,0,0.5647564,True,RothI
LB,strict,related,0,0.0072385836,True,RothI
LB,strict,related,0,0.38026232,False,RothI
LB,strict,related,0,0.38026232,False,RothI
LB,strict,related,0,0.38026232,False,RothI
LB,strict,related,0,0.0699276,True,RothI
LB,strict,related,1,0.0037984394,True,RothI
LB,strict,related,0,0.0012274244,True,RothI
LB,strict,related,0,0.38026232,False,RothI
LB,strict,related,0,0.0013077814,True,RothI
LB,strict,related,0,0.018170092,True,RothI
LB,strict,related,0,0.018170092,True,RothI
LB,strict,related,0,0.011512988,True,RothI
LB,strict,related,0,0.0699276,True,RothI
LB,strict,related,0,0.0014864772,True,RothI
LB,strict,related,0,0.03941174,True,RothI
LB,strict,related,0,0.38026232,False,RothI
LB,strict,related,0,0.011512988,True,RothI
LB,strict,related,0,0.011750097,True,RothI
LB,strict,related,0,0.011750097,True,RothI
LB,strict,related,0,0.58187765,True,RothI
LB,strict,related,0,0.004696678,True,RothI
LB,strict,related,0,0.004696678,True,RothI
LB,strict,related,0,0.38026232,False,RothI
LB,strict,related,0,0.38026232,False,RothI
LB,strict,related,0,0.0049882466,True,RothI
LB,strict,related,0,0.0035346835,True,RothI
LB,strict,related,0,0.0035346835,True,RothI
LB,strict,related,0,0.0035346835,True,RothI
LB,strict,related,0,0.0035346835,True,RothI
LB,strict,related,0,0.0035346835,True,RothI
LB,strict,related,0,0.0019808759,True,RothI
LB,strict,related,0,0.0699276,True,RothI
LB,strict,related,0,0.0699276,True,RothI
LB,strict,related,0,0.0019808759,True,RothI
LB,strict,related,0,0.018170092,True,RothI
LB,strict,related,0,0.018170092,True,RothI
LB,strict,related,0,0.018170092,True,RothI
LB,strict,related,0,0.018170092,True,RothI
LB,strict,related,0,0.018170092,True,RothI
LB,strict,related,0,0.018170092,True,RothI
LB,strict,related,0,0.018170092,True,RothI
LB,strict,related,0,0.018170092,True,RothI
LB,strict,novel,1,0.2291066,True,Roth88
LB,strict,novel,1,0.2291066,True,Roth88
LB,strict,novel,0,0.0016465558,True,Roth88
LB,strict,novel,1,0.00051433925,True,Roth88
LB,strict,novel,0,0.45841157,False,Roth88
LB,strict,novel,0,0.072110854,True,Roth88
LB,strict,novel,1,0.07831333,True,Roth88
LB,strict,novel,0,0.45841157,False,Roth88
LB,strict,novel,0,0.36229432,True,Roth88
LB,strict,novel,0,0.0008528632,True,Roth88
LB,strict,novel,0,0.043709822,True,Roth88
LB,strict,novel,0,0.00096163247,True,Roth88
LB,strict,novel,0,0.00096163247,True,Roth88
LB,strict,novel,1,0.00044536253,True,Roth88
LB,strict,novel,1,0.00096163247,True,Roth88
LB,strict,novel,0,0.45841157,False,Roth88
LB,strict,novel,0,0.45841157,False,Roth88
LB,strict,novel,0,0.004249051,True,Roth88
LB,strict,novel,0,0.45841157,False,Roth88
LB,strict,novel,0,0.45841157,False,Roth88
LB,strict,novel,0,0.004249051,True,Roth88
LB,strict,novel,0,0.45841157,False,Roth88
LB,strict,novel,0,0.45841157,False,Roth88
LB,strict,novel,0,0.0051123127,True,Roth88
LB,strict,novel,1,0.36624837,True,Roth88
LB,strict,novel,0,0.06646945,True,Roth88
LB,strict,novel,0,0.0035601738,True,Roth88
LB,strict,novel,1,0.45841157,False,Roth88
LB,strict,novel,0,0.45841157,False,Roth88
LB,strict,novel,0,0.45841157,False,Roth88
LB,strict,novel,0,0.043709822,True,Roth88
LB,strict,novel,0,0.0016465558,True,Roth88
LB,strict,novel,0,0.45841157,False,Roth88
LB,strict,novel,0,0.0004349741,True,Roth88
LB,strict,novel,1,0.07842935,True,Roth88
LB,strict,novel,0,0.07842935,True,Roth88
LB,strict,novel,0,0.07831333,True,Roth88
LB,strict,novel,0,0.043709822,True,Roth88
LB,strict,novel,0,0.00096163247,True,Roth88
LB,strict,novel,0,0.7441557,True,Roth88
LB,strict,novel,1,0.45841157,False,Roth88
LB,strict,novel,0,0.07831333,True,Roth88
LB,strict,novel,0,0.0055883853,True,Roth88
LB,strict,novel,1,0.12720983,True,Roth88
LB,strict,novel,0,0.0032117805,True,Roth88
LB,strict,novel,0,0.45841157,False,Roth88
LB,strict,novel,0,0.00094154244,True,Roth88
LB,strict,novel,0,0.00094154244,True,Roth88
LB,strict,novel,0,0.00094154244,True,Roth88
LB,strict,novel,0,0.00094154244,True,Roth88
LB,strict,novel,1,0.0012065041,True,Roth88
LB,strict,novel,0,0.043709822,True,Roth88
LB,strict,novel,1,0.0012065041,True,Roth88
LB,strict,novel,0,0.07842935,True,Roth88
LB,strict,novel,0,0.07842935,True,Roth88
LB,strict,novel,1,0.07842935,True,Roth88
LB,strict,novel,0,0.07842935,True,Roth88
LB,strict,novel,1,0.07842935,True,Roth88
LB,strict,novel,1,0.07842935,True,Roth88
LB,strict,novel,0,0.07842935,True,Roth88
LB,strict,novel,0,0.07842935,True,Roth88
LB,strict,novel,1,0.2291066,True,Roth27
LB,strict,novel,1,0.2291066,True,Roth27
LB,strict,novel,1,0.00051433925,True,Roth27
LB,strict,novel,0,0.45841157,False,Roth27
LB,strict,novel,0,0.072110854,True,Roth27
LB,strict,novel,1,0.07831333,True,Roth27
LB,strict,novel,0,0.45841157,False,Roth27
LB,strict,novel,0,0.36229432,True,Roth27
LB,strict,novel,0,0.0008528632,True,Roth27
LB,strict,novel,0,0.043709822,True,Roth27
LB,strict,novel,0,0.043709822,True,Roth27
LB,strict,novel,0,0.00096163247,True,Roth27
LB,strict,novel,0,0.00096163247,True,Roth27
LB,strict,novel,0,0.00044536253,True,Roth27
LB,strict,novel,0,0.00096163247,True,Roth27
LB,strict,novel,0,0.45841157,False,Roth27
LB,strict,novel,0,0.004249051,True,Roth27
LB,strict,novel,0,0.45841157,False,Roth27
LB,strict,novel,0,0.45841157,False,Roth27
LB,strict,novel,0,0.004249051,True,Roth27
LB,strict,novel,0,0.004249051,True,Roth27
LB,strict,novel,0,0.45841157,False,Roth27
LB,strict,novel,1,0.36624837,True,Roth27
LB,strict,novel,0,0.06646945,True,Roth27
LB,strict,novel,0,0.0035601738,True,Roth27
LB,strict,novel,1,0.45841157,False,Roth27
LB,strict,novel,0,0.043709822,True,Roth27
LB,strict,novel,0,0.45841157,False,Roth27
LB,strict,novel,0,0.0004349741,True,Roth27
LB,strict,novel,1,0.07842935,True,Roth27
LB,strict,novel,0,0.07842935,True,Roth27
LB,strict,novel,0,0.07831333,True,Roth27
LB,strict,novel,0,0.043709822,True,Roth27
LB,strict,novel,0,0.00096163247,True,Roth27
LB,strict,novel,1,0.45841157,False,Roth27
LB,strict,novel,0,0.07831333,True,Roth27
LB,strict,novel,0,0.0055883853,True,Roth27
LB,strict,novel,0,0.0055883853,True,Roth27
LB,strict,novel,1,0.12720983,True,Roth27
LB,strict,novel,0,0.0032117805,True,Roth27
LB,strict,novel,0,0.004332839,True,Roth27
LB,strict,novel,0,0.00094154244,True,Roth27
LB,strict,novel,0,0.00094154244,True,Roth27
LB,strict,novel,0,0.00094154244,True,Roth27
LB,strict,novel,0,0.00094154244,True,Roth27
LB,strict,novel,0,0.00094154244,True,Roth27
LB,strict,novel,1,0.0012065041,True,Roth27
LB,strict,novel,0,0.043709822,True,Roth27
LB,strict,novel,0,0.043709822,True,Roth27
LB,strict,novel,0,0.0012065041,True,Roth27
LB,strict,novel,0,0.07842935,True,Roth27
LB,strict,novel,0,0.07842935,True,Roth27
LB,strict,novel,1,0.07842935,True,Roth27
LB,strict,novel,0,0.07842935,True,Roth27
LB,strict,novel,0,0.07842935,True,Roth27
LB,strict,novel,1,0.07842935,True,Roth27
LB,strict,novel,0,0.07842935,True,Roth27
LB,strict,novel,0,0.07842935,True,Roth27
LB,strict,novel,1,0.2291066,True,Roth22
LB,strict,novel,1,0.2291066,True,Roth22
LB,strict,novel,1,0.00051433925,True,Roth22
LB,strict,novel,0,0.45841157,False,Roth22
LB,strict,novel,0,0.072110854,True,Roth22
LB,strict,novel,1,0.07831333,True,Roth22
LB,strict,novel,0,0.45841157,False,Roth22
LB,strict,novel,0,0.36229432,True,Roth22
LB,strict,novel,0,0.0008528632,True,Roth22
LB,strict,novel,0,0.043709822,True,Roth22
LB,strict,novel,0,0.043709822,True,Roth22
LB,strict,novel,0,0.00096163247,True,Roth22
LB,strict,novel,0,0.00096163247,True,Roth22
LB,strict,novel,1,0.00044536253,True,Roth22
LB,strict,novel,0,0.00096163247,True,Roth22
LB,strict,novel,0,0.45841157,False,Roth22
LB,strict,novel,0,0.004249051,True,Roth22
LB,strict,novel,0,0.45841157,False,Roth22
LB,strict,novel,0,0.45841157,False,Roth22
LB,strict,novel,0,0.004249051,True,Roth22
LB,strict,novel,0,0.45841157,False,Roth22
LB,strict,novel,0,0.0032117805,True,Roth22
LB,strict,novel,1,0.36624837,True,Roth22
LB,strict,novel,0,0.06646945,True,Roth22
LB,strict,novel,0,0.0035601738,True,Roth22
LB,strict,novel,1,0.45841157,False,Roth22
LB,strict,novel,0,0.043709822,True,Roth22
LB,strict,novel,0,0.45841157,False,Roth22
LB,strict,novel,0,0.0004349741,True,Roth22
LB,strict,novel,1,0.07842935,True,Roth22
LB,strict,novel,0,0.07842935,True,Roth22
LB,strict,novel,0,0.07831333,True,Roth22
LB,strict,novel,0,0.043709822,True,Roth22
LB,strict,novel,0,0.00096163247,True,Roth22
LB,strict,novel,1,0.45841157,False,Roth22
LB,strict,novel,0,0.07831333,True,Roth22
LB,strict,novel,0,0.0055883853,True,Roth22
LB,strict,novel,0,0.0055883853,True,Roth22
LB,strict,novel,1,0.12720983,True,Roth22
LB,strict,novel,0,0.0032117805,True,Roth22
LB,strict,novel,0,0.004332839,True,Roth22
LB,strict,novel,0,0.00094154244,True,Roth22
LB,strict,novel,0,0.00094154244,True,Roth22
LB,strict,novel,0,0.00094154244,True,Roth22
LB,strict,novel,0,0.00094154244,True,Roth22
LB,strict,novel,0,0.00094154244,True,Roth22
LB,strict,novel,1,0.0012065041,True,Roth22
LB,strict,novel,0,0.043709822,True,Roth22
LB,strict,novel,0,0.043709822,True,Roth22
LB,strict,novel,1,0.0012065041,True,Roth22
LB,strict,novel,0,0.07842935,True,Roth22
LB,strict,novel,1,0.07842935,True,Roth22
LB,strict,novel,1,0.07842935,True,Roth22
LB,strict,novel,0,0.07842935,True,Roth22
LB,strict,novel,0,0.07842935,True,Roth22
LB,strict,novel,1,0.07842935,True,Roth22
LB,strict,novel,0,0.07842935,True,Roth22
LB,strict,novel,0,0.07842935,True,Roth22
LB,strict,novel,1,0.2291066,True,Roth90
LB,strict,novel,1,0.2291066,True,Roth90
LB,strict,novel,0,0.2291066,True,Roth90
LB,strict,novel,0,0.0016465558,True,Roth90
LB,strict,novel,1,0.00051433925,True,Roth90
LB,strict,novel,0,0.45841157,False,Roth90
LB,strict,novel,0,0.072110854,True,Roth90
LB,strict,novel,1,0.07831333,True,Roth90
LB,strict,novel,0,0.45841157,False,Roth90
LB,strict,novel,0,0.36229432,True,Roth90
LB,strict,novel,0,0.0008528632,True,Roth90
LB,strict,novel,0,0.043709822,True,Roth90
LB,strict,novel,0,0.043709822,True,Roth90
LB,strict,novel,0,0.00096163247,True,Roth90
LB,strict,novel,0,0.00096163247,True,Roth90
LB,strict,novel,0,0.00044536253,True,Roth90
LB,strict,novel,0,0.00096163247,True,Roth90
LB,strict,novel,0,0.45841157,False,Roth90
LB,strict,novel,0,0.45841157,False,Roth90
LB,strict,novel,0,0.004249051,True,Roth90
LB,strict,novel,0,0.45841157,False,Roth90
LB,strict,novel,0,0.45841157,False,Roth90
LB,strict,novel,0,0.004249051,True,Roth90
LB,strict,novel,0,0.004249051,True,Roth90
LB,strict,novel,0,0.45841157,False,Roth90
LB,strict,novel,0,0.45841157,False,Roth90
LB,strict,novel,0,0.0032117805,True,Roth90
LB,strict,novel,0,0.0051123127,True,Roth90
LB,strict,novel,1,0.36624837,True,Roth90
LB,strict,novel,0,0.06646945,True,Roth90
LB,strict,novel,0,0.0035601738,True,Roth90
LB,strict,novel,0,0.45841157,False,Roth90
LB,strict,novel,0,0.45841157,False,Roth90
LB,strict,novel,0,0.45841157,False,Roth90
LB,strict,novel,0,0.043709822,True,Roth90
LB,strict,novel,0,0.0016465558,True,Roth90
LB,strict,novel,0,0.45841157,False,Roth90
LB,strict,novel,0,0.0004349741,True,Roth90
LB,strict,novel,1,0.07842935,True,Roth90
LB,strict,novel,0,0.07842935,True,Roth90
LB,strict,novel,0,0.07831333,True,Roth90
LB,strict,novel,0,0.043709822,True,Roth90
LB,strict,novel,0,0.00096163247,True,Roth90
LB,strict,novel,0,0.7441557,True,Roth90
LB,strict,novel,1,0.45841157,False,Roth90
LB,strict,novel,0,0.07831333,True,Roth90
LB,strict,novel,0,0.0055883853,True,Roth90
LB,strict,novel,0,0.0055883853,True,Roth90
LB,strict,novel,1,0.12720983,True,Roth90
LB,strict,novel,0,0.0032117805,True,Roth90
LB,strict,novel,0,0.0032117805,True,Roth90
LB,strict,novel,0,0.45841157,False,Roth90
LB,strict,novel,0,0.00094154244,True,Roth90
LB,strict,novel,0,0.00094154244,True,Roth90
LB,strict,novel,0,0.00094154244,True,Roth90
LB,strict,novel,0,0.00094154244,True,Roth90
LB,strict,novel,0,0.00094154244,True,Roth90
LB,strict,novel,1,0.0012065041,True,Roth90
LB,strict,novel,0,0.043709822,True,Roth90
LB,strict,novel,0,0.043709822,True,Roth90
LB,strict,novel,1,0.0012065041,True,Roth90
LB,strict,novel,0,0.07842935,True,Roth90
LB,strict,novel,1,0.07842935,True,Roth90
LB,strict,novel,0,0.07842935,True,Roth90
LB,strict,novel,0,0.07842935,True,Roth90
LB,strict,novel,1,0.07842935,True,Roth90
LB,strict,novel,1,0.07842935,True,Roth90
LB,strict,novel,0,0.07842935,True,Roth90
LB,strict,novel,0,0.07842935,True,Roth90
LB,strict,novel,1,0.2291066,True,Roth26
LB,strict,novel,1,0.2291066,True,Roth26
LB,strict,novel,1,0.00051433925,True,Roth26
LB,strict,novel,0,0.45841157,False,Roth26
LB,strict,novel,1,0.07831333,True,Roth26
LB,strict,novel,0,0.45841157,False,Roth26
LB,strict,novel,0,0.36229432,True,Roth26
LB,strict,novel,0,0.0008528632,True,Roth26
LB,strict,novel,0,0.043709822,True,Roth26
LB,strict,novel,0,0.00096163247,True,Roth26
LB,strict,novel,0,0.00096163247,True,Roth26
LB,strict,novel,1,0.00044536253,True,Roth26
LB,strict,novel,0,0.00096163247,True,Roth26
LB,strict,novel,0,0.45841157,False,Roth26
LB,strict,novel,0,0.004249051,True,Roth26
LB,strict,novel,0,0.45841157,False,Roth26
LB,strict,novel,0,0.45841157,False,Roth26
LB,strict,novel,0,0.004249051,True,Roth26
LB,strict,novel,0,0.004249051,True,Roth26
LB,strict,novel,0,0.45841157,False,Roth26
LB,strict,novel,1,0.36624837,True,Roth26
LB,strict,novel,0,0.06646945,True,Roth26
LB,strict,novel,0,0.0035601738,True,Roth26
LB,strict,novel,1,0.45841157,False,Roth26
LB,strict,novel,0,0.043709822,True,Roth26
LB,strict,novel,0,0.45841157,False,Roth26
LB,strict,novel,0,0.0004349741,True,Roth26
LB,strict,novel,1,0.07842935,True,Roth26
LB,strict,novel,0,0.07842935,True,Roth26
LB,strict,novel,0,0.07831333,True,Roth26
LB,strict,novel,0,0.043709822,True,Roth26
LB,strict,novel,0,0.00096163247,True,Roth26
LB,strict,novel,1,0.45841157,False,Roth26
LB,strict,novel,0,0.07831333,True,Roth26
LB,strict,novel,0,0.0055883853,True,Roth26
LB,strict,novel,0,0.0055883853,True,Roth26
LB,strict,novel,1,0.12720983,True,Roth26
LB,strict,novel,0,0.0032117805,True,Roth26
LB,strict,novel,0,0.004332839,True,Roth26
LB,strict,novel,0,0.00094154244,True,Roth26
LB,strict,novel,0,0.00094154244,True,Roth26
LB,strict,novel,0,0.00094154244,True,Roth26
LB,strict,novel,0,0.00094154244,True,Roth26
LB,strict,novel,0,0.00094154244,True,Roth26
LB,strict,novel,1,0.0012065041,True,Roth26
LB,strict,novel,0,0.043709822,True,Roth26
LB,strict,novel,0,0.043709822,True,Roth26
LB,strict,novel,1,0.0012065041,True,Roth26
LB,strict,novel,0,0.07842935,True,Roth26
LB,strict,novel,1,0.07842935,True,Roth26
LB,strict,novel,1,0.07842935,True,Roth26
LB,strict,novel,0,0.07842935,True,Roth26
LB,strict,novel,1,0.07842935,True,Roth26
LB,strict,novel,1,0.07842935,True,Roth26
LB,strict,novel,0,0.07842935,True,Roth26
LB,strict,novel,0,0.07842935,True,Roth26
LB,strict,novel,1,0.2291066,True,Roth41
LB,strict,novel,1,0.2291066,True,Roth41
LB,strict,novel,1,0.00051433925,True,Roth41
LB,strict,novel,0,0.45841157,False,Roth41
LB,strict,novel,1,0.07831333,True,Roth41
LB,strict,novel,0,0.45841157,False,Roth41
LB,strict,novel,0,0.36229432,True,Roth41
LB,strict,novel,0,0.043709822,True,Roth41
LB,strict,novel,0,0.00096163247,True,Roth41
LB,strict,novel,0,0.00096163247,True,Roth41
LB,strict,novel,1,0.00044536253,True,Roth41
LB,strict,novel,0,0.00096163247,True,Roth41
LB,strict,novel,0,0.45841157,False,Roth41
LB,strict,novel,0,0.004249051,True,Roth41
LB,strict,novel,0,0.45841157,False,Roth41
LB,strict,novel,0,0.45841157,False,Roth41
LB,strict,novel,0,0.004249051,True,Roth41
LB,strict,novel,0,0.004249051,True,Roth41
LB,strict,novel,0,0.45841157,False,Roth41
LB,strict,novel,0,0.45841157,False,Roth41
LB,strict,novel,1,0.36624837,True,Roth41
LB,strict,novel,0,0.06646945,True,Roth41
LB,strict,novel,0,0.0035601738,True,Roth41
LB,strict,novel,1,0.45841157,False,Roth41
LB,strict,novel,0,0.043709822,True,Roth41
LB,strict,novel,0,0.45841157,False,Roth41
LB,strict,novel,0,0.0004349741,True,Roth41
LB,strict,novel,1,0.07842935,True,Roth41
LB,strict,novel,0,0.07842935,True,Roth41
LB,strict,novel,0,0.07831333,True,Roth41
LB,strict,novel,0,0.043709822,True,Roth41
LB,strict,novel,0,0.00096163247,True,Roth41
LB,strict,novel,1,0.45841157,False,Roth41
LB,strict,novel,0,0.07831333,True,Roth41
LB,strict,novel,0,0.0055883853,True,Roth41
LB,strict,novel,0,0.0055883853,True,Roth41
LB,strict,novel,1,0.12720983,True,Roth41
LB,strict,novel,0,0.0032117805,True,Roth41
LB,strict,novel,0,0.004332839,True,Roth41
LB,strict,novel,0,0.00094154244,True,Roth41
LB,strict,novel,0,0.00094154244,True,Roth41
LB,strict,novel,0,0.00094154244,True,Roth41
LB,strict,novel,0,0.00094154244,True,Roth41
LB,strict,novel,0,0.0012065041,True,Roth41
LB,strict,novel,0,0.043709822,True,Roth41
LB,strict,novel,1,0.0012065041,True,Roth41
LB,strict,novel,0,0.07842935,True,Roth41
LB,strict,novel,1,0.07842935,True,Roth41
LB,strict,novel,1,0.07842935,True,Roth41
LB,strict,novel,0,0.07842935,True,Roth41
LB,strict,novel,0,0.07842935,True,Roth41
LB,strict,novel,1,0.07842935,True,Roth41
LB,strict,novel,0,0.07842935,True,Roth41
LB,strict,novel,0,0.07842935,True,Roth41
LB,strict,novel,1,0.2291066,True,Roth23
LB,strict,novel,1,0.2291066,True,Roth23
LB,strict,novel,1,0.00051433925,True,Roth23
LB,strict,novel,0,0.45841157,False,Roth23
LB,strict,novel,0,0.072110854,True,Roth23
LB,strict,novel,1,0.07831333,True,Roth23
LB,strict,novel,0,0.45841157,False,Roth23
LB,strict,novel,0,0.0008528632,True,Roth23
LB,strict,novel,0,0.043709822,True,Roth23
LB,strict,novel,0,0.00096163247,True,Roth23
LB,strict,novel,0,0.00096163247,True,Roth23
LB,strict,novel,1,0.00044536253,True,Roth23
LB,strict,novel,1,0.00096163247,True,Roth23
LB,strict,novel,0,0.45841157,False,Roth23
LB,strict,novel,0,0.004249051,True,Roth23
LB,strict,novel,0,0.45841157,False,Roth23
LB,strict,novel,0,0.45841157,False,Roth23
LB,strict,novel,0,0.004249051,True,Roth23
LB,strict,novel,0,0.45841157,False,Roth23
LB,strict,novel,1,0.36624837,True,Roth23
LB,strict,novel,0,0.06646945,True,Roth23
LB,strict,novel,0,0.0035601738,True,Roth23
LB,strict,novel,1,0.45841157,False,Roth23
LB,strict,novel,0,0.45841157,False,Roth23
LB,strict,novel,0,0.043709822,True,Roth23
LB,strict,novel,0,0.45841157,False,Roth23
LB,strict,novel,0,0.0004349741,True,Roth23
LB,strict,novel,1,0.07842935,True,Roth23
LB,strict,novel,0,0.07842935,True,Roth23
LB,strict,novel,0,0.07831333,True,Roth23
LB,strict,novel,0,0.043709822,True,Roth23
LB,strict,novel,0,0.00096163247,True,Roth23
LB,strict,novel,0,0.7441557,True,Roth23
LB,strict,novel,1,0.45841157,False,Roth23
LB,strict,novel,0,0.07831333,True,Roth23
LB,strict,novel,0,0.0055883853,True,Roth23
LB,strict,novel,1,0.12720983,True,Roth23
LB,strict,novel,0,0.0032117805,True,Roth23
LB,strict,novel,0,0.00094154244,True,Roth23
LB,strict,novel,0,0.00094154244,True,Roth23
LB,strict,novel,0,0.00094154244,True,Roth23
LB,strict,novel,0,0.00094154244,True,Roth23
LB,strict,novel,1,0.0012065041,True,Roth23
LB,strict,novel,0,0.043709822,True,Roth23
LB,strict,novel,1,0.0012065041,True,Roth23
LB,strict,novel,0,0.07842935,True,Roth23
LB,strict,novel,1,0.07842935,True,Roth23
LB,strict,novel,1,0.07842935,True,Roth23
LB,strict,novel,0,0.07842935,True,Roth23
LB,strict,novel,1,0.07842935,True,Roth23
LB,strict,novel,1,0.07842935,True,Roth23
LB,strict,novel,0,0.07842935,True,Roth23
LB,strict,novel,0,0.07842935,True,Roth23
LB,strict,novel,0,0.16797939,True,Roth19
LB,strict,novel,0,0.16797939,True,Roth19
LB,strict,novel,0,0.16797939,True,Roth19
LB,strict,novel,1,0.36642292,False,Roth19
LB,strict,novel,0,0.0017960108,True,Roth19
LB,strict,novel,0,0.00047482483,True,Roth19
LB,strict,novel,1,0.36642292,False,Roth19
LB,strict,novel,0,0.11605978,True,Roth19
LB,strict,novel,1,0.07081676,True,Roth19
LB,strict,novel,0,0.36642292,False,Roth19
LB,strict,novel,0,0.069815174,True,Roth19
LB,strict,novel,0,0.00053351687,True,Roth19
LB,strict,novel,0,0.028360134,True,Roth19
LB,strict,novel,0,0.028360134,True,Roth19
LB,strict,novel,0,0.0010756012,True,Roth19
LB,strict,novel,0,0.0010756012,True,Roth19
LB,strict,novel,0,0.0015965324,True,Roth19
LB,strict,novel,1,0.0010756012,True,Roth19
LB,strict,novel,0,0.36642292,False,Roth19
LB,strict,novel,0,0.36642292,False,Roth19
LB,strict,novel,0,0.0048010508,True,Roth19
LB,strict,novel,0,0.36642292,False,Roth19
LB,strict,novel,0,0.36642292,False,Roth19
LB,strict,novel,1,0.0048010508,True,Roth19
LB,strict,novel,0,0.0048010508,True,Roth19
LB,strict,novel,0,0.36642292,False,Roth19
LB,strict,novel,0,0.36642292,False,Roth19
LB,strict,novel,0,0.003376927,True,Roth19
LB,strict,novel,0,0.028211148,True,Roth19
LB,strict,novel,0,0.06767739,True,Roth19
LB,strict,novel,0,0.03609298,True,Roth19
LB,strict,novel,0,0.010363363,True,Roth19
LB,strict,novel,0,0.36642292,False,Roth19
LB,strict,novel,0,0.36642292,False,Roth19
LB,strict,novel,0,0.36642292,False,Roth19
LB,strict,novel,0,0.028360134,True,Roth19
LB,strict,novel,0,0.0017960108,True,Roth19
LB,strict,novel,0,0.0017960108,True,Roth19
LB,strict,novel,0,0.0015651964,True,Roth19
LB,strict,novel,0,0.36642292,False,Roth19
LB,strict,novel,0,0.0008405946,True,Roth19
LB,strict,novel,0,0.014740437,True,Roth19
LB,strict,novel,0,0.014740437,True,Roth19
LB,strict,novel,0,0.07081676,True,Roth19
LB,strict,novel,0,0.028360134,True,Roth19
LB,strict,novel,0,0.0010756012,True,Roth19
LB,strict,novel,0,0.017440949,True,Roth19
LB,strict,novel,0,0.36642292,False,Roth19
LB,strict,novel,0,0.07081676,True,Roth19
LB,strict,novel,0,0.032860223,True,Roth19
LB,strict,novel,0,0.032860223,True,Roth19
LB,strict,novel,0,0.16098498,True,Roth19
LB,strict,novel,0,0.003376927,True,Roth19
LB,strict,novel,0,0.003376927,True,Roth19
LB,strict,novel,0,0.36642292,False,Roth19
LB,strict,novel,0,0.36642292,False,Roth19
LB,strict,novel,0,0.0036485968,True,Roth19
LB,strict,novel,0,0.011788015,True,Roth19
LB,strict,novel,0,0.011788015,True,Roth19
LB,strict,novel,0,0.011788015,True,Roth19
LB,strict,novel,0,0.011788015,True,Roth19
LB,strict,novel,0,0.011788015,True,Roth19
LB,strict,novel,0,0.0013506757,True,Roth19
LB,strict,novel,0,0.028360134,True,Roth19
LB,strict,novel,0,0.028360134,True,Roth19
LB,strict,novel,0,0.0013506757,True,Roth19
LB,strict,novel,0,0.014740437,True,Roth19
LB,strict,novel,0,0.014740437,True,Roth19
LB,strict,novel,0,0.014740437,True,Roth19
LB,strict,novel,0,0.014740437,True,Roth19
LB,strict,novel,1,0.014740437,True,Roth19
LB,strict,novel,0,0.014740437,True,Roth19
LB,strict,novel,0,0.014740437,True,Roth19
LB,strict,novel,0,0.014740437,True,Roth19
LB,strict,novel,1,0.16797939,True,Roth20
LB,strict,novel,0,0.16797939,True,Roth20
LB,strict,novel,0,0.16797939,True,Roth20
LB,strict,novel,0,0.36642292,False,Roth20
LB,strict,novel,0,0.0017960108,True,Roth20
LB,strict,novel,0,0.00047482483,True,Roth20
LB,strict,novel,1,0.36642292,False,Roth20
LB,strict,novel,0,0.11605978,True,Roth20
LB,strict,novel,1,0.07081676,True,Roth20
LB,strict,novel,0,0.36642292,False,Roth20
LB,strict,novel,0,0.069815174,True,Roth20
LB,strict,novel,0,0.00053351687,True,Roth20
LB,strict,novel,0,0.028360134,True,Roth20
LB,strict,novel,0,0.028360134,True,Roth20
LB,strict,novel,0,0.0010756012,True,Roth20
LB,strict,novel,0,0.0010756012,True,Roth20
LB,strict,novel,0,0.0015965324,True,Roth20
LB,strict,novel,1,0.0010756012,True,Roth20
LB,strict,novel,0,0.36642292,False,Roth20
LB,strict,novel,1,0.36642292,False,Roth20
LB,strict,novel,0,0.0048010508,True,Roth20
LB,strict,novel,0,0.36642292,False,Roth20
LB,strict,novel,0,0.36642292,False,Roth20
LB,strict,novel,1,0.0048010508,True,Roth20
LB,strict,novel,0,0.0048010508,True,Roth20
LB,strict,novel,1,0.36642292,False,Roth20
LB,strict,novel,0,0.36642292,False,Roth20
LB,strict,novel,0,0.003376927,True,Roth20
LB,strict,novel,0,0.028211148,True,Roth20
LB,strict,novel,0,0.06767739,True,Roth20
LB,strict,novel,0,0.03609298,True,Roth20
LB,strict,novel,0,0.010363363,True,Roth20
LB,strict,novel,0,0.36642292,False,Roth20
LB,strict,novel,0,0.36642292,False,Roth20
LB,strict,novel,0,0.36642292,False,Roth20
LB,strict,novel,0,0.028360134,True,Roth20
LB,strict,novel,0,0.0017960108,True,Roth20
LB,strict,novel,0,0.0017960108,True,Roth20
LB,strict,novel,0,0.0015651964,True,Roth20
LB,strict,novel,0,0.36642292,False,Roth20
LB,strict,novel,0,0.0008405946,True,Roth20
LB,strict,novel,1,0.014740437,True,Roth20
LB,strict,novel,0,0.014740437,True,Roth20
LB,strict,novel,0,0.07081676,True,Roth20
LB,strict,novel,0,0.028360134,True,Roth20
LB,strict,novel,0,0.0010756012,True,Roth20
LB,strict,novel,0,0.017440949,True,Roth20
LB,strict,novel,0,0.36642292,False,Roth20
LB,strict,novel,0,0.07081676,True,Roth20
LB,strict,novel,0,0.032860223,True,Roth20
LB,strict,novel,0,0.032860223,True,Roth20
LB,strict,novel,1,0.16098498,True,Roth20
LB,strict,novel,0,0.003376927,True,Roth20
LB,strict,novel,0,0.003376927,True,Roth20
LB,strict,novel,0,0.36642292,False,Roth20
LB,strict,novel,0,0.36642292,False,Roth20
LB,strict,novel,0,0.0036485968,True,Roth20
LB,strict,novel,0,0.011788015,True,Roth20
LB,strict,novel,0,0.011788015,True,Roth20
LB,strict,novel,0,0.011788015,True,Roth20
LB,strict,novel,0,0.011788015,True,Roth20
LB,strict,novel,0,0.011788015,True,Roth20
LB,strict,novel,0,0.0013506757,True,Roth20
LB,strict,novel,0,0.028360134,True,Roth20
LB,strict,novel,0,0.028360134,True,Roth20
LB,strict,novel,0,0.0013506757,True,Roth20
LB,strict,novel,0,0.014740437,True,Roth20
LB,strict,novel,0,0.014740437,True,Roth20
LB,strict,novel,0,0.014740437,True,Roth20
LB,strict,novel,0,0.014740437,True,Roth20
LB,strict,novel,1,0.014740437,True,Roth20
LB,strict,novel,0,0.014740437,True,Roth20
LB,strict,novel,0,0.014740437,True,Roth20
LB,strict,novel,0,0.014740437,True,Roth20
LB,strict,novel,0,0.23346981,True,Roth04
LB,strict,novel,0,0.23346981,True,Roth04
LB,strict,novel,0,0.3260062,False,Roth04
LB,strict,novel,0,0.0009605158,True,Roth04
LB,strict,novel,0,0.0007677038,True,Roth04
LB,strict,novel,0,0.3260062,False,Roth04
LB,strict,novel,0,0.08956151,True,Roth04
LB,strict,novel,1,0.054016914,True,Roth04
LB,strict,novel,0,0.3260062,False,Roth04
LB,strict,novel,0,0.13786322,True,Roth04
LB,strict,novel,0,0.0006900198,True,Roth04
LB,strict,novel,0,0.39887217,True,Roth04
LB,strict,novel,1,0.39887217,True,Roth04
LB,strict,novel,0,0.000567723,True,Roth04
LB,strict,novel,0,0.000567723,True,Roth04
LB,strict,novel,0,0.0011966394,True,Roth04
LB,strict,novel,0,0.000567723,True,Roth04
LB,strict,novel,0,0.3260062,False,Roth04
LB,strict,novel,1,0.3260062,False,Roth04
LB,strict,novel,0,0.0025072442,True,Roth04
LB,strict,novel,0,0.3260062,False,Roth04
LB,strict,novel,0,0.3260062,False,Roth04
LB,strict,novel,0,0.0025072442,True,Roth04
LB,strict,novel,0,0.0025072442,True,Roth04
LB,strict,novel,1,0.3260062,False,Roth04
LB,strict,novel,0,0.3260062,False,Roth04
LB,strict,novel,0,0.0018073269,True,Roth04
LB,strict,novel,0,0.022341365,True,Roth04
LB,strict,novel,0,0.06928774,True,Roth04
LB,strict,novel,0,0.054096892,True,Roth04
LB,strict,novel,0,0.005242481,True,Roth04
LB,strict,novel,0,0.3260062,False,Roth04
LB,strict,novel,0,0.3260062,False,Roth04
LB,strict,novel,0,0.3260062,False,Roth04
LB,strict,novel,0,0.0009605158,True,Roth04
LB,strict,novel,0,0.0009605158,True,Roth04
LB,strict,novel,0,0.0011731426,True,Roth04
LB,strict,novel,0,0.3260062,False,Roth04
LB,strict,novel,0,0.0005656656,True,Roth04
LB,strict,novel,0,0.038453195,True,Roth04
LB,strict,novel,0,0.038453195,True,Roth04
LB,strict,novel,0,0.054016914,True,Roth04
LB,strict,novel,0,0.39887217,True,Roth04
LB,strict,novel,0,0.000567723,True,Roth04
LB,strict,novel,0,0.009396038,True,Roth04
LB,strict,novel,0,0.3260062,False,Roth04
LB,strict,novel,0,0.054016914,True,Roth04
LB,strict,novel,0,0.013618798,True,Roth04
LB,strict,novel,0,0.013618798,True,Roth04
LB,strict,novel,0,0.090294525,True,Roth04
LB,strict,novel,0,0.0018073269,True,Roth04
LB,strict,novel,0,0.0018073269,True,Roth04
LB,strict,novel,0,0.3260062,False,Roth04
LB,strict,novel,0,0.3260062,False,Roth04
LB,strict,novel,0,0.0019198696,True,Roth04
LB,strict,novel,0,0.013751831,True,Roth04
LB,strict,novel,0,0.013751831,True,Roth04
LB,strict,novel,0,0.013751831,True,Roth04
LB,strict,novel,0,0.013751831,True,Roth04
LB,strict,novel,0,0.013751831,True,Roth04
LB,strict,novel,0,0.0007130053,True,Roth04
LB,strict,novel,0,0.39887217,True,Roth04
LB,strict,novel,0,0.39887217,True,Roth04
LB,strict,novel,0,0.0007130053,True,Roth04
LB,strict,novel,0,0.038453195,True,Roth04
LB,strict,novel,0,0.038453195,True,Roth04
LB,strict,novel,0,0.038453195,True,Roth04
LB,strict,novel,0,0.038453195,True,Roth04
LB,strict,novel,1,0.038453195,True,Roth04
LB,strict,novel,1,0.038453195,True,Roth04
LB,strict,novel,0,0.038453195,True,Roth04
LB,strict,novel,0,0.038453195,True,Roth04
LB,strict,novel,0,0.23346981,True,Roth78
LB,strict,novel,0,0.23346981,True,Roth78
LB,strict,novel,0,0.3260062,False,Roth78
LB,strict,novel,0,0.0009605158,True,Roth78
LB,strict,novel,0,0.3260062,False,Roth78
LB,strict,novel,0,0.08956151,True,Roth78
LB,strict,novel,1,0.054016914,True,Roth78
LB,strict,novel,0,0.3260062,False,Roth78
LB,strict,novel,0,0.13786322,True,Roth78
LB,strict,novel,0,0.0006900198,True,Roth78
LB,strict,novel,0,0.39887217,True,Roth78
LB,strict,novel,0,0.39887217,True,Roth78
LB,strict,novel,0,0.000567723,True,Roth78
LB,strict,novel,0,0.000567723,True,Roth78
LB,strict,novel,0,0.0011966394,True,Roth78
LB,strict,novel,0,0.000567723,True,Roth78
LB,strict,novel,0,0.3260062,False,Roth78
LB,strict,novel,1,0.3260062,False,Roth78
LB,strict,novel,0,0.0025072442,True,Roth78
LB,strict,novel,0,0.3260062,False,Roth78
LB,strict,novel,1,0.0025072442,True,Roth78
LB,strict,novel,0,0.0025072442,True,Roth78
LB,strict,novel,1,0.3260062,False,Roth78
LB,strict,novel,0,0.3260062,False,Roth78
LB,strict,novel,0,0.0018073269,True,Roth78
LB,strict,novel,0,0.022341365,True,Roth78
LB,strict,novel,0,0.06928774,True,Roth78
LB,strict,novel,0,0.04934352,True,Roth78
LB,strict,novel,0,0.005242481,True,Roth78
LB,strict,novel,0,0.3260062,False,Roth78
LB,strict,novel,0,0.3260062,False,Roth78
LB,strict,novel,0,0.3260062,False,Roth78
LB,strict,novel,0,0.0009605158,True,Roth78
LB,strict,novel,0,0.0009605158,True,Roth78
LB,strict,novel,0,0.0011731426,True,Roth78
LB,strict,novel,0,0.3260062,False,Roth78
LB,strict,novel,0,0.0005656656,True,Roth78
LB,strict,novel,0,0.038453195,True,Roth78
LB,strict,novel,0,0.038453195,True,Roth78
LB,strict,novel,0,0.054016914,True,Roth78
LB,strict,novel,0,0.39887217,True,Roth78
LB,strict,novel,0,0.000567723,True,Roth78
LB,strict,novel,0,0.009396038,True,Roth78
LB,strict,novel,0,0.3260062,False,Roth78
LB,strict,novel,0,0.054016914,True,Roth78
LB,strict,novel,0,0.013618798,True,Roth78
LB,strict,novel,0,0.013618798,True,Roth78
LB,strict,novel,1,0.090294525,True,Roth78
LB,strict,novel,0,0.0018073269,True,Roth78
LB,strict,novel,0,0.0018073269,True,Roth78
LB,strict,novel,0,0.3260062,False,Roth78
LB,strict,novel,0,0.3260062,False,Roth78
LB,strict,novel,0,0.0019198696,True,Roth78
LB,strict,novel,0,0.013751831,True,Roth78
LB,strict,novel,0,0.013751831,True,Roth78
LB,strict,novel,0,0.013751831,True,Roth78
LB,strict,novel,0,0.013751831,True,Roth78
LB,strict,novel,0,0.013751831,True,Roth78
LB,strict,novel,0,0.0007130053,True,Roth78
LB,strict,novel,0,0.39887217,True,Roth78
LB,strict,novel,0,0.39887217,True,Roth78
LB,strict,novel,0,0.0007130053,True,Roth78
LB,strict,novel,0,0.038453195,True,Roth78
LB,strict,novel,0,0.038453195,True,Roth78
LB,strict,novel,0,0.038453195,True,Roth78
LB,strict,novel,0,0.038453195,True,Roth78
LB,strict,novel,1,0.038453195,True,Roth78
LB,strict,novel,1,0.038453195,True,Roth78
LB,strict,novel,0,0.038453195,True,Roth78
LB,strict,novel,0,0.038453195,True,Roth78
LB,strict,novel,0,0.23346981,True,Roth67
LB,strict,novel,0,0.3260062,False,Roth67
LB,strict,novel,0,0.0009605158,True,Roth67
LB,strict,novel,0,0.0007677038,True,Roth67
LB,strict,novel,0,0.3260062,False,Roth67
LB,strict,novel,0,0.08956151,True,Roth67
LB,strict,novel,1,0.054016914,True,Roth67
LB,strict,novel,0,0.3260062,False,Roth67
LB,strict,novel,0,0.13786322,True,Roth67
LB,strict,novel,0,0.0006900198,True,Roth67
LB,strict,novel,0,0.39887217,True,Roth67
LB,strict,novel,0,0.39887217,True,Roth67
LB,strict,novel,0,0.000567723,True,Roth67
LB,strict,novel,0,0.000567723,True,Roth67
LB,strict,novel,0,0.0011966394,True,Roth67
LB,strict,novel,0,0.000567723,True,Roth67
LB,strict,novel,1,0.3260062,False,Roth67
LB,strict,novel,1,0.3260062,False,Roth67
LB,strict,novel,0,0.0025072442,True,Roth67
LB,strict,novel,0,0.3260062,False,Roth67
LB,strict,novel,1,0.0025072442,True,Roth67
LB,strict,novel,0,0.0025072442,True,Roth67
LB,strict,novel,1,0.3260062,False,Roth67
LB,strict,novel,0,0.3260062,False,Roth67
LB,strict,novel,0,0.0018073269,True,Roth67
LB,strict,novel,0,0.022341365,True,Roth67
LB,strict,novel,0,0.06928774,True,Roth67
LB,strict,novel,0,0.054096892,True,Roth67
LB,strict,novel,0,0.005242481,True,Roth67
LB,strict,novel,0,0.3260062,False,Roth67
LB,strict,novel,0,0.3260062,False,Roth67
LB,strict,novel,0,0.3260062,False,Roth67
LB,strict,novel,0,0.0009605158,True,Roth67
LB,strict,novel,0,0.0009605158,True,Roth67
LB,strict,novel,0,0.0011731426,True,Roth67
LB,strict,novel,0,0.3260062,False,Roth67
LB,strict,novel,0,0.0005656656,True,Roth67
LB,strict,novel,0,0.038453195,True,Roth67
LB,strict,novel,0,0.038453195,True,Roth67
LB,strict,novel,0,0.054016914,True,Roth67
LB,strict,novel,0,0.39887217,True,Roth67
LB,strict,novel,0,0.000567723,True,Roth67
LB,strict,novel,0,0.009396038,True,Roth67
LB,strict,novel,0,0.3260062,False,Roth67
LB,strict,novel,0,0.054016914,True,Roth67
LB,strict,novel,0,0.013618798,True,Roth67
LB,strict,novel,0,0.013618798,True,Roth67
LB,strict,novel,1,0.090294525,True,Roth67
LB,strict,novel,0,0.0018073269,True,Roth67
LB,strict,novel,0,0.0018073269,True,Roth67
LB,strict,novel,0,0.3260062,False,Roth67
LB,strict,novel,0,0.3260062,False,Roth67
LB,strict,novel,0,0.0019198696,True,Roth67
LB,strict,novel,0,0.013751831,True,Roth67
LB,strict,novel,0,0.013751831,True,Roth67
LB,strict,novel,0,0.013751831,True,Roth67
LB,strict,novel,0,0.013751831,True,Roth67
LB,strict,novel,0,0.013751831,True,Roth67
LB,strict,novel,0,0.0007130053,True,Roth67
LB,strict,novel,0,0.39887217,True,Roth67
LB,strict,novel,0,0.39887217,True,Roth67
LB,strict,novel,0,0.0007130053,True,Roth67
LB,strict,novel,0,0.038453195,True,Roth67
LB,strict,novel,0,0.038453195,True,Roth67
LB,strict,novel,0,0.038453195,True,Roth67
LB,strict,novel,0,0.038453195,True,Roth67
LB,strict,novel,0,0.038453195,True,Roth67
LB,strict,novel,1,0.038453195,True,Roth67
LB,strict,novel,0,0.038453195,True,Roth67
LB,strict,novel,0,0.038453195,True,Roth67
LB,strict,novel,0,0.23346981,True,Roth77
LB,strict,novel,0,0.23346981,True,Roth77
LB,strict,novel,0,0.3260062,False,Roth77
LB,strict,novel,0,0.0009605158,True,Roth77
LB,strict,novel,0,0.3260062,False,Roth77
LB,strict,novel,0,0.08956151,True,Roth77
LB,strict,novel,1,0.054016914,True,Roth77
LB,strict,novel,0,0.3260062,False,Roth77
LB,strict,novel,0,0.13786322,True,Roth77
LB,strict,novel,0,0.0006900198,True,Roth77
LB,strict,novel,0,0.39887217,True,Roth77
LB,strict,novel,0,0.39887217,True,Roth77
LB,strict,novel,0,0.000567723,True,Roth77
LB,strict,novel,0,0.000567723,True,Roth77
LB,strict,novel,0,0.0011966394,True,Roth77
LB,strict,novel,0,0.000567723,True,Roth77
LB,strict,novel,1,0.3260062,False,Roth77
LB,strict,novel,1,0.3260062,False,Roth77
LB,strict,novel,0,0.0025072442,True,Roth77
LB,strict,novel,0,0.3260062,False,Roth77
LB,strict,novel,1,0.0025072442,True,Roth77
LB,strict,novel,0,0.0025072442,True,Roth77
LB,strict,novel,1,0.3260062,False,Roth77
LB,strict,novel,0,0.3260062,False,Roth77
LB,strict,novel,0,0.0018073269,True,Roth77
LB,strict,novel,0,0.022341365,True,Roth77
LB,strict,novel,0,0.06928774,True,Roth77
LB,strict,novel,0,0.054096892,True,Roth77
LB,strict,novel,0,0.005242481,True,Roth77
LB,strict,novel,0,0.3260062,False,Roth77
LB,strict,novel,0,0.3260062,False,Roth77
LB,strict,novel,0,0.3260062,False,Roth77
LB,strict,novel,0,0.0009605158,True,Roth77
LB,strict,novel,0,0.0009605158,True,Roth77
LB,strict,novel,0,0.0011731426,True,Roth77
LB,strict,novel,0,0.3260062,False,Roth77
LB,strict,novel,0,0.0005656656,True,Roth77
LB,strict,novel,0,0.038453195,True,Roth77
LB,strict,novel,0,0.038453195,True,Roth77
LB,strict,novel,0,0.054016914,True,Roth77
LB,strict,novel,0,0.39887217,True,Roth77
LB,strict,novel,0,0.000567723,True,Roth77
LB,strict,novel,0,0.009396038,True,Roth77
LB,strict,novel,0,0.3260062,False,Roth77
LB,strict,novel,0,0.054016914,True,Roth77
LB,strict,novel,0,0.013618798,True,Roth77
LB,strict,novel,0,0.013618798,True,Roth77
LB,strict,novel,1,0.090294525,True,Roth77
LB,strict,novel,0,0.0018073269,True,Roth77
LB,strict,novel,0,0.0018073269,True,Roth77
LB,strict,novel,0,0.3260062,False,Roth77
LB,strict,novel,0,0.3260062,False,Roth77
LB,strict,novel,0,0.0019198696,True,Roth77
LB,strict,novel,0,0.013751831,True,Roth77
LB,strict,novel,0,0.013751831,True,Roth77
LB,strict,novel,0,0.013751831,True,Roth77
LB,strict,novel,0,0.0007130053,True,Roth77
LB,strict,novel,0,0.39887217,True,Roth77
LB,strict,novel,0,0.39887217,True,Roth77
LB,strict,novel,0,0.0007130053,True,Roth77
LB,strict,novel,0,0.038453195,True,Roth77
LB,strict,novel,0,0.038453195,True,Roth77
LB,strict,novel,0,0.038453195,True,Roth77
LB,strict,novel,0,0.038453195,True,Roth77
LB,strict,novel,0,0.038453195,True,Roth77
LB,strict,novel,1,0.038453195,True,Roth77
LB,strict,novel,0,0.038453195,True,Roth77
LB,strict,novel,0,0.038453195,True,Roth77
LB,strict,novel,1,0.53548986,True,Roth16
LB,strict,novel,1,0.53548986,True,Roth16
LB,strict,novel,0,0.53548986,True,Roth16
LB,strict,novel,1,0.557893,False,Roth16
LB,strict,novel,0,0.0013065371,True,Roth16
LB,strict,novel,1,0.0013092783,True,Roth16
LB,strict,novel,1,0.557893,False,Roth16
LB,strict,novel,0,0.11978584,True,Roth16
LB,strict,novel,1,0.113934636,True,Roth16
LB,strict,novel,0,0.557893,False,Roth16
LB,strict,novel,0,0.38791013,True,Roth16
LB,strict,novel,0,0.001885943,True,Roth16
LB,strict,novel,0,0.5213097,True,Roth16
LB,strict,novel,1,0.5213097,True,Roth16
LB,strict,novel,0,0.000772352,True,Roth16
LB,strict,novel,1,0.000772352,True,Roth16
LB,strict,novel,0,0.0015486409,True,Roth16
LB,strict,novel,1,0.000772352,True,Roth16
LB,strict,novel,1,0.557893,False,Roth16
LB,strict,novel,1,0.557893,False,Roth16
LB,strict,novel,0,0.557893,False,Roth16
LB,strict,novel,1,0.557893,False,Roth16
LB,strict,novel,1,0.0033112797,True,Roth16
LB,strict,novel,0,0.0033112797,True,Roth16
LB,strict,novel,1,0.557893,False,Roth16
LB,strict,novel,0,0.557893,False,Roth16
LB,strict,novel,0,0.0024576588,True,Roth16
LB,strict,novel,0,0.027386786,True,Roth16
LB,strict,novel,1,0.055626206,True,Roth16
LB,strict,novel,0,0.027959447,True,Roth16
LB,strict,novel,1,0.557893,False,Roth16
LB,strict,novel,0,0.557893,False,Roth16
LB,strict,novel,0,0.557893,False,Roth16
LB,strict,novel,0,0.5213097,True,Roth16
LB,strict,novel,0,0.0013065371,True,Roth16
LB,strict,novel,0,0.0013065371,True,Roth16
LB,strict,novel,0,0.0015182435,True,Roth16
LB,strict,novel,0,0.557893,False,Roth16
LB,strict,novel,0,0.0011108023,True,Roth16
LB,strict,novel,0,0.08957022,True,Roth16
LB,strict,novel,0,0.08957022,True,Roth16
LB,strict,novel,0,0.113934636,True,Roth16
LB,strict,novel,0,0.000772352,True,Roth16
LB,strict,novel,0,0.75985914,True,Roth16
LB,strict,novel,0,0.557893,False,Roth16
LB,strict,novel,0,0.113934636,True,Roth16
LB,strict,novel,0,0.031904474,True,Roth16
LB,strict,novel,1,0.031904474,True,Roth16
LB,strict,novel,1,0.12243236,True,Roth16
LB,strict,novel,0,0.0024576588,True,Roth16
LB,strict,novel,0,0.0024576588,True,Roth16
LB,strict,novel,0,0.557893,False,Roth16
LB,strict,novel,0,0.557893,False,Roth16
LB,strict,novel,0,0.0024864906,True,Roth16
LB,strict,novel,0,0.0150513705,True,Roth16
LB,strict,novel,0,0.0150513705,True,Roth16
LB,strict,novel,0,0.0150513705,True,Roth16
LB,strict,novel,0,0.0150513705,True,Roth16
LB,strict,novel,0,0.0150513705,True,Roth16
LB,strict,novel,0,0.00096994784,True,Roth16
LB,strict,novel,0,0.5213097,True,Roth16
LB,strict,novel,0,0.5213097,True,Roth16
LB,strict,novel,0,0.08957022,True,Roth16
LB,strict,novel,0,0.08957022,True,Roth16
LB,strict,novel,0,0.08957022,True,Roth16
LB,strict,novel,0,0.08957022,True,Roth16
LB,strict,novel,0,0.08957022,True,Roth16
LB,strict,novel,0,0.08957022,True,Roth16
LB,strict,novel,0,0.08957022,True,Roth16
LB,strict,novel,0,0.08957022,True,Roth16
LB,strict,novel,1,0.53548986,True,Roth17
LB,strict,novel,1,0.53548986,True,Roth17
LB,strict,novel,0,0.53548986,True,Roth17
LB,strict,novel,1,0.557893,False,Roth17
LB,strict,novel,0,0.0013065371,True,Roth17
LB,strict,novel,0,0.0013092783,True,Roth17
LB,strict,novel,1,0.557893,False,Roth17
LB,strict,novel,0,0.11978584,True,Roth17
LB,strict,novel,1,0.113934636,True,Roth17
LB,strict,novel,0,0.557893,False,Roth17
LB,strict,novel,0,0.38791013,True,Roth17
LB,strict,novel,0,0.001885943,True,Roth17
LB,strict,novel,0,0.5213097,True,Roth17
LB,strict,novel,0,0.5213097,True,Roth17
LB,strict,novel,1,0.000772352,True,Roth17
LB,strict,novel,0,0.000772352,True,Roth17
LB,strict,novel,0,0.0015486409,True,Roth17
LB,strict,novel,1,0.000772352,True,Roth17
LB,strict,novel,1,0.557893,False,Roth17
LB,strict,novel,1,0.557893,False,Roth17
LB,strict,novel,0,0.0033112797,True,Roth17
LB,strict,novel,0,0.557893,False,Roth17
LB,strict,novel,1,0.557893,False,Roth17
LB,strict,novel,1,0.0033112797,True,Roth17
LB,strict,novel,0,0.0033112797,True,Roth17
LB,strict,novel,1,0.557893,False,Roth17
LB,strict,novel,0,0.557893,False,Roth17
LB,strict,novel,0,0.0024576588,True,Roth17
LB,strict,novel,0,0.027386786,True,Roth17
LB,strict,novel,0,0.19537602,True,Roth17
LB,strict,novel,0,0.055626206,True,Roth17
LB,strict,novel,0,0.027959447,True,Roth17
LB,strict,novel,0,0.557893,False,Roth17
LB,strict,novel,0,0.557893,False,Roth17
LB,strict,novel,0,0.557893,False,Roth17
LB,strict,novel,0,0.5213097,True,Roth17
LB,strict,novel,0,0.0013065371,True,Roth17
LB,strict,novel,0,0.0013065371,True,Roth17
LB,strict,novel,0,0.0015182435,True,Roth17
LB,strict,novel,0,0.557893,False,Roth17
LB,strict,novel,0,0.0011108023,True,Roth17
LB,strict,novel,0,0.08957022,True,Roth17
LB,strict,novel,0,0.08957022,True,Roth17
LB,strict,novel,0,0.113934636,True,Roth17
LB,strict,novel,0,0.000772352,True,Roth17
LB,strict,novel,0,0.75985914,True,Roth17
LB,strict,novel,0,0.557893,False,Roth17
LB,strict,novel,0,0.113934636,True,Roth17
LB,strict,novel,0,0.031904474,True,Roth17
LB,strict,novel,0,0.031904474,True,Roth17
LB,strict,novel,1,0.12243236,True,Roth17
LB,strict,novel,0,0.0024576588,True,Roth17
LB,strict,novel,0,0.0024576588,True,Roth17
LB,strict,novel,0,0.557893,False,Roth17
LB,strict,novel,0,0.557893,False,Roth17
LB,strict,novel,0,0.0024864906,True,Roth17
LB,strict,novel,0,0.0150513705,True,Roth17
LB,strict,novel,0,0.0150513705,True,Roth17
LB,strict,novel,0,0.0150513705,True,Roth17
LB,strict,novel,0,0.0150513705,True,Roth17
LB,strict,novel,0,0.0150513705,True,Roth17
LB,strict,novel,0,0.00096994784,True,Roth17
LB,strict,novel,0,0.5213097,True,Roth17
LB,strict,novel,0,0.5213097,True,Roth17
LB,strict,novel,0,0.00096994784,True,Roth17
LB,strict,novel,0,0.08957022,True,Roth17
LB,strict,novel,0,0.08957022,True,Roth17
LB,strict,novel,0,0.08957022,True,Roth17
LB,strict,novel,0,0.08957022,True,Roth17
LB,strict,novel,0,0.08957022,True,Roth17
LB,strict,novel,0,0.08957022,True,Roth17
LB,strict,novel,0,0.08957022,True,Roth17
LB,strict,novel,0,0.08957022,True,Roth17
LB,strict,novel,1,0.53548986,True,Roth21
LB,strict,novel,0,0.53548986,True,Roth21
LB,strict,novel,1,0.557893,False,Roth21
LB,strict,novel,0,0.0013065371,True,Roth21
LB,strict,novel,0,0.0013092783,True,Roth21
LB,strict,novel,1,0.557893,False,Roth21
LB,strict,novel,0,0.11978584,True,Roth21
LB,strict,novel,1,0.113934636,True,Roth21
LB,strict,novel,0,0.557893,False,Roth21
LB,strict,novel,0,0.38791013,True,Roth21
LB,strict,novel,0,0.001885943,True,Roth21
LB,strict,novel,0,0.5213097,True,Roth21
LB,strict,novel,0,0.5213097,True,Roth21
LB,strict,novel,1,0.000772352,True,Roth21
LB,strict,novel,0,0.000772352,True,Roth21
LB,strict,novel,0,0.0015486409,True,Roth21
LB,strict,novel,1,0.000772352,True,Roth21
LB,strict,novel,1,0.557893,False,Roth21
LB,strict,novel,1,0.557893,False,Roth21
LB,strict,novel,0,0.0033112797,True,Roth21
LB,strict,novel,1,0.557893,False,Roth21
LB,strict,novel,1,0.0033112797,True,Roth21
LB,strict,novel,0,0.0033112797,True,Roth21
LB,strict,novel,1,0.557893,False,Roth21
LB,strict,novel,0,0.557893,False,Roth21
LB,strict,novel,0,0.0024576588,True,Roth21
LB,strict,novel,0,0.027386786,True,Roth21
LB,strict,novel,0,0.19537602,True,Roth21
LB,strict,novel,0,0.055626206,True,Roth21
LB,strict,novel,0,0.027959447,True,Roth21
LB,strict,novel,0,0.557893,False,Roth21
LB,strict,novel,0,0.557893,False,Roth21
LB,strict,novel,0,0.557893,False,Roth21
LB,strict,novel,0,0.0013065371,True,Roth21
LB,strict,novel,0,0.0013065371,True,Roth21
LB,strict,novel,0,0.557893,False,Roth21
LB,strict,novel,0,0.0011108023,True,Roth21
LB,strict,novel,0,0.08957022,True,Roth21
LB,strict,novel,0,0.08957022,True,Roth21
LB,strict,novel,0,0.113934636,True,Roth21
LB,strict,novel,0,0.000772352,True,Roth21
LB,strict,novel,0,0.75985914,True,Roth21
LB,strict,novel,0,0.113934636,True,Roth21
LB,strict,novel,0,0.031904474,True,Roth21
LB,strict,novel,0,0.031904474,True,Roth21
LB,strict,novel,1,0.12243236,True,Roth21
LB,strict,novel,0,0.0024576588,True,Roth21
LB,strict,novel,0,0.0024576588,True,Roth21
LB,strict,novel,0,0.557893,False,Roth21
LB,strict,novel,0,0.0024864906,True,Roth21
LB,strict,novel,0,0.0150513705,True,Roth21
LB,strict,novel,0,0.0150513705,True,Roth21
LB,strict,novel,0,0.0150513705,True,Roth21
LB,strict,novel,0,0.00096994784,True,Roth21
LB,strict,novel,0,0.5213097,True,Roth21
LB,strict,novel,0,0.5213097,True,Roth21
LB,strict,novel,0,0.00096994784,True,Roth21
LB,strict,novel,0,0.08957022,True,Roth21
LB,strict,novel,0,0.08957022,True,Roth21
LB,strict,novel,0,0.08957022,True,Roth21
LB,strict,novel,0,0.08957022,True,Roth21
LB,strict,novel,0,0.08957022,True,Roth21
LB,strict,novel,0,0.08957022,True,Roth21
LB,strict,novel,1,0.30818033,True,Roth51
LB,strict,novel,0,0.30818033,True,Roth51
LB,strict,novel,1,0.32778427,False,Roth51
LB,strict,novel,0,0.0008813991,True,Roth51
LB,strict,novel,1,0.0005063335,True,Roth51
LB,strict,novel,1,0.32778427,False,Roth51
LB,strict,novel,0,0.09799873,True,Roth51
LB,strict,novel,1,0.057122394,True,Roth51
LB,strict,novel,0,0.32778427,False,Roth51
LB,strict,novel,0,0.14724192,True,Roth51
LB,strict,novel,0,0.0007296048,True,Roth51
LB,strict,novel,0,0.094725184,True,Roth51
LB,strict,novel,1,0.094725184,True,Roth51
LB,strict,novel,0,0.000527662,True,Roth51
LB,strict,novel,0,0.000527662,True,Roth51
LB,strict,novel,0,0.0012367512,True,Roth51
LB,strict,novel,0,0.000527662,True,Roth51
LB,strict,novel,1,0.32778427,False,Roth51
LB,strict,novel,1,0.32778427,False,Roth51
LB,strict,novel,1,0.32778427,False,Roth51
LB,strict,novel,1,0.0023597504,True,Roth51
LB,strict,novel,0,0.0023597504,True,Roth51
LB,strict,novel,1,0.32778427,False,Roth51
LB,strict,novel,0,0.32778427,False,Roth51
LB,strict,novel,0,0.001658576,True,Roth51
LB,strict,novel,0,0.023073873,True,Roth51
LB,strict,novel,1,0.21719797,True,Roth51
LB,strict,novel,0,0.036210254,True,Roth51
LB,strict,novel,0,0.017355517,True,Roth51
LB,strict,novel,0,0.32778427,False,Roth51
LB,strict,novel,0,0.32778427,False,Roth51
LB,strict,novel,0,0.32778427,False,Roth51
LB,strict,novel,0,0.094725184,True,Roth51
LB,strict,novel,0,0.0008813991,True,Roth51
LB,strict,novel,0,0.0008813991,True,Roth51
LB,strict,novel,0,0.0012124683,True,Roth51
LB,strict,novel,0,0.32778427,False,Roth51
LB,strict,novel,0,0.00065105443,True,Roth51
LB,strict,novel,0,0.0203978,True,Roth51
LB,strict,novel,0,0.0203978,True,Roth51
LB,strict,novel,0,0.057122394,True,Roth51
LB,strict,novel,0,0.094725184,True,Roth51
LB,strict,novel,0,0.000527662,True,Roth51
LB,strict,novel,0,0.5500984,True,Roth51
LB,strict,novel,0,0.32778427,False,Roth51
LB,strict,novel,0,0.057122394,True,Roth51
LB,strict,novel,0,0.025636023,True,Roth51
LB,strict,novel,1,0.025636023,True,Roth51
LB,strict,novel,1,0.15523356,True,Roth51
LB,strict,novel,0,0.001658576,True,Roth51
LB,strict,novel,0,0.001658576,True,Roth51
LB,strict,novel,0,0.32778427,False,Roth51
LB,strict,novel,0,0.32778427,False,Roth51
LB,strict,novel,0,0.0017922549,True,Roth51
LB,strict,novel,0,0.009504634,True,Roth51
LB,strict,novel,0,0.009504634,True,Roth51
LB,strict,novel,1,0.00066269864,True,Roth51
LB,strict,novel,0,0.094725184,True,Roth51
LB,strict,novel,0,0.094725184,True,Roth51
LB,strict,novel,0,0.00066269864,True,Roth51
LB,strict,novel,0,0.0203978,True,Roth51
LB,strict,novel,0,0.0203978,True,Roth51
LB,strict,novel,0,0.0203978,True,Roth51
LB,strict,novel,0,0.0203978,True,Roth51
LB,strict,novel,0,0.0203978,True,Roth51
LB,strict,novel,0,0.0203978,True,Roth51
LB,strict,novel,0,0.0203978,True,Roth51
LB,strict,novel,0,0.0203978,True,Roth51
LB,strict,novel,1,0.30818033,True,Roth80
LB,strict,novel,0,0.30818033,True,Roth80
LB,strict,novel,1,0.32778427,False,Roth80
LB,strict,novel,0,0.0008813991,True,Roth80
LB,strict,novel,1,0.0005063335,True,Roth80
LB,strict,novel,1,0.32778427,False,Roth80
LB,strict,novel,0,0.09799873,True,Roth80
LB,strict,novel,1,0.057122394,True,Roth80
LB,strict,novel,0,0.32778427,False,Roth80
LB,strict,novel,0,0.14724192,True,Roth80
LB,strict,novel,0,0.0007296048,True,Roth80
LB,strict,novel,0,0.094725184,True,Roth80
LB,strict,novel,1,0.094725184,True,Roth80
LB,strict,novel,0,0.000527662,True,Roth80
LB,strict,novel,0,0.000527662,True,Roth80
LB,strict,novel,0,0.0012367512,True,Roth80
LB,strict,novel,0,0.000527662,True,Roth80
LB,strict,novel,1,0.32778427,False,Roth80
LB,strict,novel,1,0.32778427,False,Roth80
LB,strict,novel,0,0.0023597504,True,Roth80
LB,strict,novel,1,0.32778427,False,Roth80
LB,strict,novel,1,0.0023597504,True,Roth80
LB,strict,novel,0,0.0023597504,True,Roth80
LB,strict,novel,1,0.32778427,False,Roth80
LB,strict,novel,0,0.32778427,False,Roth80
LB,strict,novel,0,0.001658576,True,Roth80
LB,strict,novel,0,0.023073873,True,Roth80
LB,strict,novel,1,0.21719797,True,Roth80
LB,strict,novel,0,0.036210254,True,Roth80
LB,strict,novel,0,0.017355517,True,Roth80
LB,strict,novel,0,0.32778427,False,Roth80
LB,strict,novel,0,0.32778427,False,Roth80
LB,strict,novel,0,0.32778427,False,Roth80
LB,strict,novel,0,0.0008813991,True,Roth80
LB,strict,novel,0,0.0012124683,True,Roth80
LB,strict,novel,0,0.32778427,False,Roth80
LB,strict,novel,0,0.00065105443,True,Roth80
LB,strict,novel,0,0.0203978,True,Roth80
LB,strict,novel,0,0.0203978,True,Roth80
LB,strict,novel,0,0.057122394,True,Roth80
LB,strict,novel,0,0.094725184,True,Roth80
LB,strict,novel,0,0.000527662,True,Roth80
LB,strict,novel,0,0.5500984,True,Roth80
LB,strict,novel,0,0.32778427,False,Roth80
LB,strict,novel,0,0.057122394,True,Roth80
LB,strict,novel,0,0.025636023,True,Roth80
LB,strict,novel,0,0.025636023,True,Roth80
LB,strict,novel,1,0.15523356,True,Roth80
LB,strict,novel,0,0.001658576,True,Roth80
LB,strict,novel,0,0.001658576,True,Roth80
LB,strict,novel,0,0.32778427,False,Roth80
LB,strict,novel,0,0.32778427,False,Roth80
LB,strict,novel,0,0.0017922549,True,Roth80
LB,strict,novel,0,0.009504634,True,Roth80
LB,strict,novel,0,0.009504634,True,Roth80
LB,strict,novel,0,0.009504634,True,Roth80
LB,strict,novel,0,0.009504634,True,Roth80
LB,strict,novel,0,0.009504634,True,Roth80
LB,strict,novel,0,0.00066269864,True,Roth80
LB,strict,novel,0,0.094725184,True,Roth80
LB,strict,novel,0,0.094725184,True,Roth80
LB,strict,novel,0,0.00066269864,True,Roth80
LB,strict,novel,0,0.0203978,True,Roth80
LB,strict,novel,0,0.0203978,True,Roth80
LB,strict,novel,0,0.0203978,True,Roth80
LB,strict,novel,0,0.0203978,True,Roth80
LB,strict,novel,0,0.0203978,True,Roth80
LB,strict,novel,0,0.0203978,True,Roth80
LB,strict,novel,0,0.0203978,True,Roth80
LB,strict,novel,0,0.0203978,True,Roth80
LB,strict,novel,1,0.30818033,True,Roth66
LB,strict,novel,0,0.30818033,True,Roth66
LB,strict,novel,1,0.32778427,False,Roth66
LB,strict,novel,0,0.0008813991,True,Roth66
LB,strict,novel,1,0.0005063335,True,Roth66
LB,strict,novel,1,0.32778427,False,Roth66
LB,strict,novel,0,0.09799873,True,Roth66
LB,strict,novel,1,0.057122394,True,Roth66
LB,strict,novel,0,0.32778427,False,Roth66
LB,strict,novel,0,0.14724192,True,Roth66
LB,strict,novel,0,0.0007296048,True,Roth66
LB,strict,novel,0,0.094725184,True,Roth66
LB,strict,novel,1,0.094725184,True,Roth66
LB,strict,novel,0,0.000527662,True,Roth66
LB,strict,novel,0,0.000527662,True,Roth66
LB,strict,novel,0,0.0012367512,True,Roth66
LB,strict,novel,0,0.000527662,True,Roth66
LB,strict,novel,1,0.32778427,False,Roth66
LB,strict,novel,1,0.32778427,False,Roth66
LB,strict,novel,0,0.0023597504,True,Roth66
LB,strict,novel,1,0.32778427,False,Roth66
LB,strict,novel,1,0.0023597504,True,Roth66
LB,strict,novel,1,0.32778427,False,Roth66
LB,strict,novel,0,0.32778427,False,Roth66
LB,strict,novel,0,0.023073873,True,Roth66
LB,strict,novel,1,0.21719797,True,Roth66
LB,strict,novel,0,0.036210254,True,Roth66
LB,strict,novel,0,0.017355517,True,Roth66
LB,strict,novel,0,0.32778427,False,Roth66
LB,strict,novel,0,0.32778427,False,Roth66
LB,strict,novel,0,0.0008813991,True,Roth66
LB,strict,novel,0,0.0008813991,True,Roth66
LB,strict,novel,0,0.32778427,False,Roth66
LB,strict,novel,0,0.00065105443,True,Roth66
LB,strict,novel,0,0.0203978,True,Roth66
LB,strict,novel,0,0.0203978,True,Roth66
LB,strict,novel,0,0.057122394,True,Roth66
LB,strict,novel,0,0.000527662,True,Roth66
LB,strict,novel,0,0.5500984,True,Roth66
LB,strict,novel,0,0.32778427,False,Roth66
LB,strict,novel,0,0.057122394,True,Roth66
LB,strict,novel,0,0.025636023,True,Roth66
LB,strict,novel,0,0.025636023,True,Roth66
LB,strict,novel,1,0.15523356,True,Roth66
LB,strict,novel,0,0.001658576,True,Roth66
LB,strict,novel,0,0.001658576,True,Roth66
LB,strict,novel,0,0.32778427,False,Roth66
LB,strict,novel,0,0.32778427,False,Roth66
LB,strict,novel,0,0.009504634,True,Roth66
LB,strict,novel,0,0.009504634,True,Roth66
LB,strict,novel,1,0.00066269864,True,Roth66
LB,strict,novel,0,0.094725184,True,Roth66
LB,strict,novel,0,0.094725184,True,Roth66
LB,strict,novel,0,0.00066269864,True,Roth66
LB,strict,novel,0,0.0203978,True,Roth66
LB,strict,novel,0,0.0203978,True,Roth66
LB,strict,novel,0,0.0203978,True,Roth66
LB,strict,novel,0,0.0203978,True,Roth66
LB,strict,novel,0,0.0203978,True,Roth66
LB,strict,novel,0,0.0203978,True,Roth66
LB,strict,novel,0,0.0203978,True,Roth66
LB,strict,novel,1,0.30818033,True,Roth68
LB,strict,novel,0,0.30818033,True,Roth68
LB,strict,novel,1,0.32778427,False,Roth68
LB,strict,novel,0,0.0008813991,True,Roth68
LB,strict,novel,1,0.0005063335,True,Roth68
LB,strict,novel,1,0.32778427,False,Roth68
LB,strict,novel,0,0.09799873,True,Roth68
LB,strict,novel,1,0.057122394,True,Roth68
LB,strict,novel,0,0.32778427,False,Roth68
LB,strict,novel,0,0.14724192,True,Roth68
LB,strict,novel,0,0.0007296048,True,Roth68
LB,strict,novel,0,0.094725184,True,Roth68
LB,strict,novel,1,0.094725184,True,Roth68
LB,strict,novel,0,0.000527662,True,Roth68
LB,strict,novel,0,0.000527662,True,Roth68
LB,strict,novel,0,0.0012367512,True,Roth68
LB,strict,novel,0,0.000527662,True,Roth68
LB,strict,novel,1,0.32778427,False,Roth68
LB,strict,novel,1,0.32778427,False,Roth68
LB,strict,novel,0,0.0023597504,True,Roth68
LB,strict,novel,1,0.32778427,False,Roth68
LB,strict,novel,1,0.0023597504,True,Roth68
LB,strict,novel,0,0.0023597504,True,Roth68
LB,strict,novel,1,0.32778427,False,Roth68
LB,strict,novel,0,0.32778427,False,Roth68
LB,strict,novel,0,0.023073873,True,Roth68
LB,strict,novel,1,0.21719797,True,Roth68
LB,strict,novel,0,0.036210254,True,Roth68
LB,strict,novel,0,0.017355517,True,Roth68
LB,strict,novel,0,0.32778427,False,Roth68
LB,strict,novel,0,0.32778427,False,Roth68
LB,strict,novel,0,0.0008813991,True,Roth68
LB,strict,novel,0,0.0008813991,True,Roth68
LB,strict,novel,0,0.32778427,False,Roth68
LB,strict,novel,0,0.00065105443,True,Roth68
LB,strict,novel,0,0.0203978,True,Roth68
LB,strict,novel,0,0.0203978,True,Roth68
LB,strict,novel,0,0.057122394,True,Roth68
LB,strict,novel,0,0.000527662,True,Roth68
LB,strict,novel,0,0.5500984,True,Roth68
LB,strict,novel,0,0.32778427,False,Roth68
LB,strict,novel,0,0.057122394,True,Roth68
LB,strict,novel,0,0.025636023,True,Roth68
LB,strict,novel,0,0.025636023,True,Roth68
LB,strict,novel,1,0.15523356,True,Roth68
LB,strict,novel,0,0.001658576,True,Roth68
LB,strict,novel,0,0.001658576,True,Roth68
LB,strict,novel,0,0.32778427,False,Roth68
LB,strict,novel,0,0.32778427,False,Roth68
LB,strict,novel,0,0.009504634,True,Roth68
LB,strict,novel,0,0.009504634,True,Roth68
LB,strict,novel,1,0.00066269864,True,Roth68
LB,strict,novel,0,0.094725184,True,Roth68
LB,strict,novel,0,0.094725184,True,Roth68
LB,strict,novel,0,0.00066269864,True,Roth68
LB,strict,novel,0,0.0203978,True,Roth68
LB,strict,novel,0,0.0203978,True,Roth68
LB,strict,novel,0,0.0203978,True,Roth68
LB,strict,novel,0,0.0203978,True,Roth68
LB,strict,novel,0,0.0203978,True,Roth68
LB,strict,novel,0,0.0203978,True,Roth68
LB,strict,novel,0,0.0203978,True,Roth68
LB,strict,novel,1,0.30818033,True,Roth76
LB,strict,novel,0,0.30818033,True,Roth76
LB,strict,novel,1,0.32778427,False,Roth76
LB,strict,novel,0,0.0008813991,True,Roth76
LB,strict,novel,1,0.0005063335,True,Roth76
LB,strict,novel,1,0.32778427,False,Roth76
LB,strict,novel,0,0.09799873,True,Roth76
LB,strict,novel,1,0.057122394,True,Roth76
LB,strict,novel,0,0.32778427,False,Roth76
LB,strict,novel,0,0.14724192,True,Roth76
LB,strict,novel,0,0.0007296048,True,Roth76
LB,strict,novel,0,0.094725184,True,Roth76
LB,strict,novel,1,0.094725184,True,Roth76
LB,strict,novel,0,0.000527662,True,Roth76
LB,strict,novel,0,0.000527662,True,Roth76
LB,strict,novel,0,0.0012367512,True,Roth76
LB,strict,novel,0,0.000527662,True,Roth76
LB,strict,novel,1,0.32778427,False,Roth76
LB,strict,novel,1,0.32778427,False,Roth76
LB,strict,novel,0,0.0023597504,True,Roth76
LB,strict,novel,0,0.32778427,False,Roth76
LB,strict,novel,1,0.0023597504,True,Roth76
LB,strict,novel,0,0.0023597504,True,Roth76
LB,strict,novel,1,0.32778427,False,Roth76
LB,strict,novel,0,0.32778427,False,Roth76
LB,strict,novel,0,0.001658576,True,Roth76
LB,strict,novel,0,0.023073873,True,Roth76
LB,strict,novel,1,0.21719797,True,Roth76
LB,strict,novel,0,0.036210254,True,Roth76
LB,strict,novel,0,0.017355517,True,Roth76
LB,strict,novel,0,0.32778427,False,Roth76
LB,strict,novel,0,0.32778427,False,Roth76
LB,strict,novel,0,0.0008813991,True,Roth76
LB,strict,novel,0,0.32778427,False,Roth76
LB,strict,novel,0,0.00065105443,True,Roth76
LB,strict,novel,0,0.0203978,True,Roth76
LB,strict,novel,0,0.0203978,True,Roth76
LB,strict,novel,0,0.057122394,True,Roth76
LB,strict,novel,0,0.094725184,True,Roth76
LB,strict,novel,0,0.000527662,True,Roth76
LB,strict,novel,0,0.32778427,False,Roth76
LB,strict,novel,0,0.057122394,True,Roth76
LB,strict,novel,0,0.025636023,True,Roth76
LB,strict,novel,0,0.025636023,True,Roth76
LB,strict,novel,1,0.15523356,True,Roth76
LB,strict,novel,0,0.001658576,True,Roth76
LB,strict,novel,0,0.001658576,True,Roth76
LB,strict,novel,0,0.32778427,False,Roth76
LB,strict,novel,0,0.32778427,False,Roth76
LB,strict,novel,0,0.009504634,True,Roth76
LB,strict,novel,0,0.009504634,True,Roth76
LB,strict,novel,0,0.009504634,True,Roth76
LB,strict,novel,1,0.00066269864,True,Roth76
LB,strict,novel,0,0.094725184,True,Roth76
LB,strict,novel,0,0.094725184,True,Roth76
LB,strict,novel,0,0.00066269864,True,Roth76
LB,strict,novel,0,0.0203978,True,Roth76
LB,strict,novel,0,0.0203978,True,Roth76
LB,strict,novel,0,0.0203978,True,Roth76
LB,strict,novel,0,0.0203978,True,Roth76
LB,strict,novel,0,0.0203978,True,Roth76
LB,strict,novel,0,0.0203978,True,Roth76
LB,strict,novel,0,0.0203978,True,Roth76
LB,strict,novel,0,0.0203978,True,Roth76
LB,strict,novel,1,0.30818033,True,Roth34
LB,strict,novel,0,0.30818033,True,Roth34
LB,strict,novel,1,0.32778427,False,Roth34
LB,strict,novel,0,0.0008813991,True,Roth34
LB,strict,novel,1,0.0005063335,True,Roth34
LB,strict,novel,1,0.32778427,False,Roth34
LB,strict,novel,0,0.09799873,True,Roth34
LB,strict,novel,1,0.057122394,True,Roth34
LB,strict,novel,0,0.32778427,False,Roth34
LB,strict,novel,0,0.14724192,True,Roth34
LB,strict,novel,0,0.0007296048,True,Roth34
LB,strict,novel,1,0.094725184,True,Roth34
LB,strict,novel,0,0.000527662,True,Roth34
LB,strict,novel,0,0.000527662,True,Roth34
LB,strict,novel,0,0.0012367512,True,Roth34
LB,strict,novel,0,0.000527662,True,Roth34
LB,strict,novel,1,0.32778427,False,Roth34
LB,strict,novel,1,0.32778427,False,Roth34
LB,strict,novel,0,0.0023597504,True,Roth34
LB,strict,novel,0,0.32778427,False,Roth34
LB,strict,novel,1,0.0023597504,True,Roth34
LB,strict,novel,0,0.0023597504,True,Roth34
LB,strict,novel,1,0.32778427,False,Roth34
LB,strict,novel,0,0.32778427,False,Roth34
LB,strict,novel,0,0.001658576,True,Roth34
LB,strict,novel,0,0.023073873,True,Roth34
LB,strict,novel,1,0.21719797,True,Roth34
LB,strict,novel,0,0.036210254,True,Roth34
LB,strict,novel,0,0.017355517,True,Roth34
LB,strict,novel,0,0.32778427,False,Roth34
LB,strict,novel,0,0.32778427,False,Roth34
LB,strict,novel,0,0.32778427,False,Roth34
LB,strict,novel,0,0.094725184,True,Roth34
LB,strict,novel,0,0.0008813991,True,Roth34
LB,strict,novel,0,0.0012124683,True,Roth34
LB,strict,novel,0,0.32778427,False,Roth34
LB,strict,novel,0,0.00065105443,True,Roth34
LB,strict,novel,0,0.0203978,True,Roth34
LB,strict,novel,0,0.0203978,True,Roth34
LB,strict,novel,0,0.057122394,True,Roth34
LB,strict,novel,0,0.000527662,True,Roth34
LB,strict,novel,0,0.5500984,True,Roth34
LB,strict,novel,0,0.32778427,False,Roth34
LB,strict,novel,0,0.057122394,True,Roth34
LB,strict,novel,0,0.025636023,True,Roth34
LB,strict,novel,1,0.025636023,True,Roth34
LB,strict,novel,1,0.15523356,True,Roth34
LB,strict,novel,0,0.001658576,True,Roth34
LB,strict,novel,0,0.001658576,True,Roth34
LB,strict,novel,0,0.32778427,False,Roth34
LB,strict,novel,0,0.32778427,False,Roth34
LB,strict,novel,0,0.0017922549,True,Roth34
LB,strict,novel,0,0.009504634,True,Roth34
LB,strict,novel,1,0.00066269864,True,Roth34
LB,strict,novel,0,0.094725184,True,Roth34
LB,strict,novel,0,0.094725184,True,Roth34
LB,strict,novel,0,0.0203978,True,Roth34
LB,strict,novel,0,0.0203978,True,Roth34
LB,strict,novel,0,0.0203978,True,Roth34
LB,strict,novel,0,0.0203978,True,Roth34
LB,strict,novel,0,0.0203978,True,Roth34
LB,strict,novel,0,0.0203978,True,Roth34
LB,strict,novel,0,0.0203978,True,Roth34
LB,strict,novel,0,0.0203978,True,Roth34
LB,strict,novel,1,0.30818033,True,Roth79
LB,strict,novel,1,0.30818033,True,Roth79
LB,strict,novel,0,0.30818033,True,Roth79
LB,strict,novel,1,0.32778427,False,Roth79
LB,strict,novel,0,0.0008813991,True,Roth79
LB,strict,novel,1,0.0005063335,True,Roth79
LB,strict,novel,1,0.32778427,False,Roth79
LB,strict,novel,0,0.09799873,True,Roth79
LB,strict,novel,1,0.057122394,True,Roth79
LB,strict,novel,0,0.32778427,False,Roth79
LB,strict,novel,0,0.14724192,True,Roth79
LB,strict,novel,0,0.0007296048,True,Roth79
LB,strict,novel,1,0.094725184,True,Roth79
LB,strict,novel,1,0.094725184,True,Roth79
LB,strict,novel,0,0.000527662,True,Roth79
LB,strict,novel,0,0.000527662,True,Roth79
LB,strict,novel,0,0.0012367512,True,Roth79
LB,strict,novel,0,0.000527662,True,Roth79
LB,strict,novel,1,0.32778427,False,Roth79
LB,strict,novel,1,0.32778427,False,Roth79
LB,strict,novel,0,0.0023597504,True,Roth79
LB,strict,novel,1,0.32778427,False,Roth79
LB,strict,novel,1,0.0023597504,True,Roth79
LB,strict,novel,0,0.0023597504,True,Roth79
LB,strict,novel,1,0.32778427,False,Roth79
LB,strict,novel,0,0.32778427,False,Roth79
LB,strict,novel,0,0.001658576,True,Roth79
LB,strict,novel,0,0.023073873,True,Roth79
LB,strict,novel,1,0.21719797,True,Roth79
LB,strict,novel,0,0.036210254,True,Roth79
LB,strict,novel,0,0.017355517,True,Roth79
LB,strict,novel,0,0.32778427,False,Roth79
LB,strict,novel,0,0.32778427,False,Roth79
LB,strict,novel,0,0.32778427,False,Roth79
LB,strict,novel,0,0.0008813991,True,Roth79
LB,strict,novel,0,0.32778427,False,Roth79
LB,strict,novel,0,0.00065105443,True,Roth79
LB,strict,novel,0,0.0203978,True,Roth79
LB,strict,novel,0,0.0203978,True,Roth79
LB,strict,novel,0,0.057122394,True,Roth79
LB,strict,novel,0,0.094725184,True,Roth79
LB,strict,novel,0,0.000527662,True,Roth79
LB,strict,novel,0,0.5500984,True,Roth79
LB,strict,novel,0,0.32778427,False,Roth79
LB,strict,novel,0,0.057122394,True,Roth79
LB,strict,novel,0,0.025636023,True,Roth79
LB,strict,novel,0,0.025636023,True,Roth79
LB,strict,novel,1,0.15523356,True,Roth79
LB,strict,novel,0,0.001658576,True,Roth79
LB,strict,novel,0,0.001658576,True,Roth79
LB,strict,novel,0,0.32778427,False,Roth79
LB,strict,novel,0,0.32778427,False,Roth79
LB,strict,novel,0,0.0017922549,True,Roth79
LB,strict,novel,0,0.009504634,True,Roth79
LB,strict,novel,0,0.009504634,True,Roth79
LB,strict,novel,0,0.009504634,True,Roth79
LB,strict,novel,0,0.009504634,True,Roth79
LB,strict,novel,0,0.009504634,True,Roth79
LB,strict,novel,0,0.00066269864,True,Roth79
LB,strict,novel,0,0.094725184,True,Roth79
LB,strict,novel,0,0.094725184,True,Roth79
LB,strict,novel,0,0.00066269864,True,Roth79
LB,strict,novel,0,0.0203978,True,Roth79
LB,strict,novel,0,0.0203978,True,Roth79
LB,strict,novel,0,0.0203978,True,Roth79
LB,strict,novel,0,0.0203978,True,Roth79
LB,strict,novel,0,0.0203978,True,Roth79
LB,strict,novel,0,0.0203978,True,Roth79
LB,strict,novel,0,0.0203978,True,Roth79
LB,strict,novel,0,0.0203978,True,Roth79
LB,strict,novel,1,0.30818033,True,Roth01
LB,strict,novel,1,0.30818033,True,Roth01
LB,strict,novel,0,0.30818033,True,Roth01
LB,strict,novel,1,0.32778427,False,Roth01
LB,strict,novel,0,0.0008813991,True,Roth01
LB,strict,novel,1,0.0005063335,True,Roth01
LB,strict,novel,0,0.09799873,True,Roth01
LB,strict,novel,1,0.057122394,True,Roth01
LB,strict,novel,0,0.32778427,False,Roth01
LB,strict,novel,0,0.0007296048,True,Roth01
LB,strict,novel,0,0.094725184,True,Roth01
LB,strict,novel,1,0.094725184,True,Roth01
LB,strict,novel,0,0.000527662,True,Roth01
LB,strict,novel,0,0.000527662,True,Roth01
LB,strict,novel,0,0.0012367512,True,Roth01
LB,strict,novel,0,0.000527662,True,Roth01
LB,strict,novel,1,0.32778427,False,Roth01
LB,strict,novel,1,0.32778427,False,Roth01
LB,strict,novel,1,0.32778427,False,Roth01
LB,strict,novel,1,0.0023597504,True,Roth01
LB,strict,novel,0,0.0023597504,True,Roth01
LB,strict,novel,1,0.32778427,False,Roth01
LB,strict,novel,0,0.32778427,False,Roth01
LB,strict,novel,0,0.001658576,True,Roth01
LB,strict,novel,0,0.023073873,True,Roth01
LB,strict,novel,1,0.21719797,True,Roth01
LB,strict,novel,1,0.036210254,True,Roth01
LB,strict,novel,0,0.017355517,True,Roth01
LB,strict,novel,0,0.32778427,False,Roth01
LB,strict,novel,0,0.0008813991,True,Roth01
LB,strict,novel,0,0.32778427,False,Roth01
LB,strict,novel,0,0.00065105443,True,Roth01
LB,strict,novel,0,0.0203978,True,Roth01
LB,strict,novel,0,0.0203978,True,Roth01
LB,strict,novel,0,0.057122394,True,Roth01
LB,strict,novel,0,0.000527662,True,Roth01
LB,strict,novel,0,0.5500984,True,Roth01
LB,strict,novel,0,0.32778427,False,Roth01
LB,strict,novel,0,0.057122394,True,Roth01
LB,strict,novel,0,0.025636023,True,Roth01
LB,strict,novel,1,0.025636023,True,Roth01
LB,strict,novel,1,0.15523356,True,Roth01
LB,strict,novel,0,0.001658576,True,Roth01
LB,strict,novel,0,0.001658576,True,Roth01
LB,strict,novel,0,0.32778427,False,Roth01
LB,strict,novel,0,0.32778427,False,Roth01
LB,strict,novel,0,0.0017922549,True,Roth01
LB,strict,novel,1,0.00066269864,True,Roth01
LB,strict,novel,0,0.094725184,True,Roth01
LB,strict,novel,0,0.094725184,True,Roth01
LB,strict,novel,0,0.0203978,True,Roth01
LB,strict,novel,0,0.0203978,True,Roth01
LB,strict,novel,0,0.0203978,True,Roth01
LB,strict,novel,0,0.0203978,True,Roth01
LB,strict,novel,0,0.0203978,True,Roth01
LB,strict,novel,0,0.0203978,True,Roth01
LB,permissive,near-identical,0,0.9910715,True,Roth37
LB,permissive,near-identical,0,0.9910715,True,Roth37
LB,permissive,near-identical,0,0.9910715,True,Roth37
LB,permissive,near-identical,0,0.96503717,False,Roth37
LB,permissive,near-identical,0,0.107115105,True,Roth37
LB,permissive,near-identical,1,0.005278311,True,Roth37
LB,permissive,near-identical,0,0.96503717,False,Roth37
LB,permissive,near-identical,0,0.9976908,True,Roth37
LB,permissive,near-identical,1,0.09816019,True,Roth37
LB,permissive,near-identical,0,0.96503717,False,Roth37
LB,permissive,near-identical,0,0.98464715,True,Roth37
LB,permissive,near-identical,0,0.0054854387,True,Roth37
LB,permissive,near-identical,0,0.060793724,True,Roth37
LB,permissive,near-identical,0,0.060793724,True,Roth37
LB,permissive,near-identical,0,0.062112898,True,Roth37
LB,permissive,near-identical,0,0.062112898,True,Roth37
LB,permissive,near-identical,0,0.070906356,True,Roth37
LB,permissive,near-identical,0,0.062112898,True,Roth37
LB,permissive,near-identical,0,0.96503717,False,Roth37
LB,permissive,near-identical,0,0.96503717,False,Roth37
LB,permissive,near-identical,0,0.20559052,True,Roth37
LB,permissive,near-identical,0,0.96503717,False,Roth37
LB,permissive,near-identical,0,0.96503717,False,Roth37
LB,permissive,near-identical,0,0.20559052,True,Roth37
LB,permissive,near-identical,0,0.20559052,True,Roth37
LB,permissive,near-identical,1,0.96503717,False,Roth37
LB,permissive,near-identical,0,0.96503717,False,Roth37
LB,permissive,near-identical,0,0.17510408,True,Roth37
LB,permissive,near-identical,0,0.10592663,True,Roth37
LB,permissive,near-identical,0,0.18510178,True,Roth37
LB,permissive,near-identical,0,0.28174847,True,Roth37
LB,permissive,near-identical,0,0.031310443,True,Roth37
LB,permissive,near-identical,0,0.96503717,False,Roth37
LB,permissive,near-identical,0,0.96503717,False,Roth37
LB,permissive,near-identical,0,0.96503717,False,Roth37
LB,permissive,near-identical,1,0.060793724,True,Roth37
LB,permissive,near-identical,0,0.107115105,True,Roth37
LB,permissive,near-identical,0,0.107115105,True,Roth37
LB,permissive,near-identical,0,0.068529956,True,Roth37
LB,permissive,near-identical,0,0.96503717,False,Roth37
LB,permissive,near-identical,0,0.008859678,True,Roth37
LB,permissive,near-identical,1,0.09211443,True,Roth37
LB,permissive,near-identical,0,0.09211443,True,Roth37
LB,permissive,near-identical,0,0.09816019,True,Roth37
LB,permissive,near-identical,0,0.060793724,True,Roth37
LB,permissive,near-identical,0,0.062112898,True,Roth37
LB,permissive,near-identical,0,0.5265235,True,Roth37
LB,permissive,near-identical,0,0.96503717,False,Roth37
LB,permissive,near-identical,0,0.09816019,True,Roth37
LB,permissive,near-identical,0,0.03894771,True,Roth37
LB,permissive,near-identical,0,0.03894771,True,Roth37
LB,permissive,near-identical,0,0.27197737,True,Roth37
LB,permissive,near-identical,0,0.17510408,True,Roth37
LB,permissive,near-identical,0,0.17510408,True,Roth37
LB,permissive,near-identical,0,0.96503717,False,Roth37
LB,permissive,near-identical,0,0.96503717,False,Roth37
LB,permissive,near-identical,0,0.1767996,True,Roth37
LB,permissive,near-identical,0,0.035517957,True,Roth37
LB,permissive,near-identical,0,0.035517957,True,Roth37
LB,permissive,near-identical,0,0.035517957,True,Roth37
LB,permissive,near-identical,0,0.035517957,True,Roth37
LB,permissive,near-identical,0,0.035517957,True,Roth37
LB,permissive,near-identical,0,0.07446387,True,Roth37
LB,permissive,near-identical,0,0.060793724,True,Roth37
LB,permissive,near-identical,1,0.060793724,True,Roth37
LB,permissive,near-identical,0,0.07446387,True,Roth37
LB,permissive,near-identical,0,0.09211443,True,Roth37
LB,permissive,near-identical,0,0.09211443,True,Roth37
LB,permissive,near-identical,0,0.09211443,True,Roth37
LB,permissive,near-identical,0,0.09211443,True,Roth37
LB,permissive,near-identical,0,0.09211443,True,Roth37
LB,permissive,near-identical,0,0.09211443,True,Roth37
LB,permissive,near-identical,0,0.09211443,True,Roth37
LB,permissive,near-identical,0,0.09211443,True,Roth37
LB,permissive,near-identical,0,0.9910715,True,Roth39
LB,permissive,near-identical,0,0.9910715,True,Roth39
LB,permissive,near-identical,0,0.9910715,True,Roth39
LB,permissive,near-identical,0,0.96503717,False,Roth39
LB,permissive,near-identical,0,0.107115105,True,Roth39
LB,permissive,near-identical,1,0.005278311,True,Roth39
LB,permissive,near-identical,0,0.96503717,False,Roth39
LB,permissive,near-identical,0,0.9976908,True,Roth39
LB,permissive,near-identical,1,0.09816019,True,Roth39
LB,permissive,near-identical,0,0.96503717,False,Roth39
LB,permissive,near-identical,0,0.98464715,True,Roth39
LB,permissive,near-identical,0,0.0054854387,True,Roth39
LB,permissive,near-identical,0,0.060793724,True,Roth39
LB,permissive,near-identical,0,0.060793724,True,Roth39
LB,permissive,near-identical,0,0.062112898,True,Roth39
LB,permissive,near-identical,0,0.062112898,True,Roth39
LB,permissive,near-identical,1,0.070906356,True,Roth39
LB,permissive,near-identical,0,0.062112898,True,Roth39
LB,permissive,near-identical,0,0.96503717,False,Roth39
LB,permissive,near-identical,0,0.96503717,False,Roth39
LB,permissive,near-identical,0,0.20559052,True,Roth39
LB,permissive,near-identical,0,0.96503717,False,Roth39
LB,permissive,near-identical,0,0.96503717,False,Roth39
LB,permissive,near-identical,0,0.20559052,True,Roth39
LB,permissive,near-identical,0,0.20559052,True,Roth39
LB,permissive,near-identical,1,0.96503717,False,Roth39
LB,permissive,near-identical,0,0.96503717,False,Roth39
LB,permissive,near-identical,0,0.17510408,True,Roth39
LB,permissive,near-identical,0,0.10592663,True,Roth39
LB,permissive,near-identical,0,0.18510178,True,Roth39
LB,permissive,near-identical,0,0.28174847,True,Roth39
LB,permissive,near-identical,0,0.031310443,True,Roth39
LB,permissive,near-identical,0,0.96503717,False,Roth39
LB,permissive,near-identical,0,0.96503717,False,Roth39
LB,permissive,near-identical,0,0.96503717,False,Roth39
LB,permissive,near-identical,1,0.060793724,True,Roth39
LB,permissive,near-identical,0,0.107115105,True,Roth39
LB,permissive,near-identical,0,0.107115105,True,Roth39
LB,permissive,near-identical,0,0.068529956,True,Roth39
LB,permissive,near-identical,0,0.96503717,False,Roth39
LB,permissive,near-identical,0,0.008859678,True,Roth39
LB,permissive,near-identical,1,0.09211443,True,Roth39
LB,permissive,near-identical,0,0.09211443,True,Roth39
LB,permissive,near-identical,0,0.09816019,True,Roth39
LB,permissive,near-identical,0,0.060793724,True,Roth39
LB,permissive,near-identical,0,0.062112898,True,Roth39
LB,permissive,near-identical,0,0.5265235,True,Roth39
LB,permissive,near-identical,0,0.96503717,False,Roth39
LB,permissive,near-identical,0,0.09816019,True,Roth39
LB,permissive,near-identical,0,0.03894771,True,Roth39
LB,permissive,near-identical,0,0.03894771,True,Roth39
LB,permissive,near-identical,0,0.27197737,True,Roth39
LB,permissive,near-identical,0,0.17510408,True,Roth39
LB,permissive,near-identical,0,0.17510408,True,Roth39
LB,permissive,near-identical,0,0.96503717,False,Roth39
LB,permissive,near-identical,0,0.96503717,False,Roth39
LB,permissive,near-identical,0,0.1767996,True,Roth39
LB,permissive,near-identical,0,0.035517957,True,Roth39
LB,permissive,near-identical,0,0.035517957,True,Roth39
LB,permissive,near-identical,0,0.035517957,True,Roth39
LB,permissive,near-identical,0,0.035517957,True,Roth39
LB,permissive,near-identical,0,0.035517957,True,Roth39
LB,permissive,near-identical,0,0.07446387,True,Roth39
LB,permissive,near-identical,0,0.060793724,True,Roth39
LB,permissive,near-identical,1,0.060793724,True,Roth39
LB,permissive,near-identical,0,0.07446387,True,Roth39
LB,permissive,near-identical,0,0.09211443,True,Roth39
LB,permissive,near-identical,0,0.09211443,True,Roth39
LB,permissive,near-identical,0,0.09211443,True,Roth39
LB,permissive,near-identical,0,0.09211443,True,Roth39
LB,permissive,near-identical,0,0.09211443,True,Roth39
LB,permissive,near-identical,0,0.09211443,True,Roth39
LB,permissive,near-identical,0,0.09211443,True,Roth39
LB,permissive,near-identical,0,0.09211443,True,Roth39
LB,permissive,near-identical,0,0.9910715,True,Roth49
LB,permissive,near-identical,0,0.9910715,True,Roth49
LB,permissive,near-identical,0,0.9910715,True,Roth49
LB,permissive,near-identical,0,0.96503717,False,Roth49
LB,permissive,near-identical,0,0.107115105,True,Roth49
LB,permissive,near-identical,1,0.005278311,True,Roth49
LB,permissive,near-identical,0,0.96503717,False,Roth49
LB,permissive,near-identical,0,0.9976908,True,Roth49
LB,permissive,near-identical,0,0.09816019,True,Roth49
LB,permissive,near-identical,0,0.96503717,False,Roth49
LB,permissive,near-identical,0,0.98464715,True,Roth49
LB,permissive,near-identical,0,0.0054854387,True,Roth49
LB,permissive,near-identical,0,0.060793724,True,Roth49
LB,permissive,near-identical,0,0.060793724,True,Roth49
LB,permissive,near-identical,0,0.062112898,True,Roth49
LB,permissive,near-identical,0,0.062112898,True,Roth49
LB,permissive,near-identical,0,0.070906356,True,Roth49
LB,permissive,near-identical,0,0.062112898,True,Roth49
LB,permissive,near-identical,0,0.96503717,False,Roth49
LB,permissive,near-identical,0,0.96503717,False,Roth49
LB,permissive,near-identical,0,0.20559052,True,Roth49
LB,permissive,near-identical,0,0.96503717,False,Roth49
LB,permissive,near-identical,0,0.96503717,False,Roth49
LB,permissive,near-identical,0,0.20559052,True,Roth49
LB,permissive,near-identical,0,0.20559052,True,Roth49
LB,permissive,near-identical,1,0.96503717,False,Roth49
LB,permissive,near-identical,0,0.96503717,False,Roth49
LB,permissive,near-identical,0,0.17510408,True,Roth49
LB,permissive,near-identical,0,0.10592663,True,Roth49
LB,permissive,near-identical,0,0.18510178,True,Roth49
LB,permissive,near-identical,1,0.28174847,True,Roth49
LB,permissive,near-identical,0,0.031310443,True,Roth49
LB,permissive,near-identical,0,0.96503717,False,Roth49
LB,permissive,near-identical,0,0.96503717,False,Roth49
LB,permissive,near-identical,0,0.96503717,False,Roth49
LB,permissive,near-identical,1,0.060793724,True,Roth49
LB,permissive,near-identical,0,0.107115105,True,Roth49
LB,permissive,near-identical,0,0.107115105,True,Roth49
LB,permissive,near-identical,0,0.068529956,True,Roth49
LB,permissive,near-identical,0,0.96503717,False,Roth49
LB,permissive,near-identical,0,0.008859678,True,Roth49
LB,permissive,near-identical,1,0.09211443,True,Roth49
LB,permissive,near-identical,0,0.09211443,True,Roth49
LB,permissive,near-identical,0,0.09816019,True,Roth49
LB,permissive,near-identical,0,0.060793724,True,Roth49
LB,permissive,near-identical,0,0.062112898,True,Roth49
LB,permissive,near-identical,0,0.5265235,True,Roth49
LB,permissive,near-identical,0,0.96503717,False,Roth49
LB,permissive,near-identical,0,0.09816019,True,Roth49
LB,permissive,near-identical,0,0.03894771,True,Roth49
LB,permissive,near-identical,0,0.03894771,True,Roth49
LB,permissive,near-identical,0,0.27197737,True,Roth49
LB,permissive,near-identical,0,0.17510408,True,Roth49
LB,permissive,near-identical,0,0.17510408,True,Roth49
LB,permissive,near-identical,0,0.96503717,False,Roth49
LB,permissive,near-identical,0,0.96503717,False,Roth49
LB,permissive,near-identical,0,0.1767996,True,Roth49
LB,permissive,near-identical,0,0.035517957,True,Roth49
LB,permissive,near-identical,0,0.035517957,True,Roth49
LB,permissive,near-identical,0,0.035517957,True,Roth49
LB,permissive,near-identical,0,0.035517957,True,Roth49
LB,permissive,near-identical,0,0.035517957,True,Roth49
LB,permissive,near-identical,0,0.07446387,True,Roth49
LB,permissive,near-identical,0,0.060793724,True,Roth49
LB,permissive,near-identical,1,0.060793724,True,Roth49
LB,permissive,near-identical,0,0.07446387,True,Roth49
LB,permissive,near-identical,0,0.09211443,True,Roth49
LB,permissive,near-identical,0,0.09211443,True,Roth49
LB,permissive,near-identical,0,0.09211443,True,Roth49
LB,permissive,near-identical,0,0.09211443,True,Roth49
LB,permissive,near-identical,0,0.09211443,True,Roth49
LB,permissive,near-identical,0,0.09211443,True,Roth49
LB,permissive,near-identical,0,0.09211443,True,Roth49
LB,permissive,near-identical,0,0.09211443,True,Roth49
LB,permissive,near-identical,0,0.9910715,True,Roth50
LB,permissive,near-identical,0,0.9910715,True,Roth50
LB,permissive,near-identical,0,0.9910715,True,Roth50
LB,permissive,near-identical,0,0.96503717,False,Roth50
LB,permissive,near-identical,0,0.107115105,True,Roth50
LB,permissive,near-identical,1,0.005278311,True,Roth50
LB,permissive,near-identical,0,0.96503717,False,Roth50
LB,permissive,near-identical,0,0.9976908,True,Roth50
LB,permissive,near-identical,0,0.09816019,True,Roth50
LB,permissive,near-identical,0,0.96503717,False,Roth50
LB,permissive,near-identical,0,0.98464715,True,Roth50
LB,permissive,near-identical,0,0.0054854387,True,Roth50
LB,permissive,near-identical,0,0.060793724,True,Roth50
LB,permissive,near-identical,0,0.060793724,True,Roth50
LB,permissive,near-identical,0,0.062112898,True,Roth50
LB,permissive,near-identical,0,0.062112898,True,Roth50
LB,permissive,near-identical,0,0.070906356,True,Roth50
LB,permissive,near-identical,0,0.062112898,True,Roth50
LB,permissive,near-identical,0,0.96503717,False,Roth50
LB,permissive,near-identical,0,0.96503717,False,Roth50
LB,permissive,near-identical,0,0.20559052,True,Roth50
LB,permissive,near-identical,0,0.96503717,False,Roth50
LB,permissive,near-identical,0,0.96503717,False,Roth50
LB,permissive,near-identical,0,0.20559052,True,Roth50
LB,permissive,near-identical,0,0.20559052,True,Roth50
LB,permissive,near-identical,1,0.96503717,False,Roth50
LB,permissive,near-identical,0,0.96503717,False,Roth50
LB,permissive,near-identical,0,0.17510408,True,Roth50
LB,permissive,near-identical,0,0.10592663,True,Roth50
LB,permissive,near-identical,0,0.18510178,True,Roth50
LB,permissive,near-identical,1,0.28174847,True,Roth50
LB,permissive,near-identical,0,0.031310443,True,Roth50
LB,permissive,near-identical,0,0.96503717,False,Roth50
LB,permissive,near-identical,0,0.96503717,False,Roth50
LB,permissive,near-identical,0,0.96503717,False,Roth50
LB,permissive,near-identical,1,0.060793724,True,Roth50
LB,permissive,near-identical,0,0.107115105,True,Roth50
LB,permissive,near-identical,0,0.107115105,True,Roth50
LB,permissive,near-identical,0,0.068529956,True,Roth50
LB,permissive,near-identical,0,0.96503717,False,Roth50
LB,permissive,near-identical,0,0.008859678,True,Roth50
LB,permissive,near-identical,1,0.09211443,True,Roth50
LB,permissive,near-identical,0,0.09211443,True,Roth50
LB,permissive,near-identical,0,0.09816019,True,Roth50
LB,permissive,near-identical,0,0.060793724,True,Roth50
LB,permissive,near-identical,0,0.062112898,True,Roth50
LB,permissive,near-identical,0,0.5265235,True,Roth50
LB,permissive,near-identical,0,0.96503717,False,Roth50
LB,permissive,near-identical,0,0.09816019,True,Roth50
LB,permissive,near-identical,0,0.03894771,True,Roth50
LB,permissive,near-identical,0,0.03894771,True,Roth50
LB,permissive,near-identical,0,0.27197737,True,Roth50
LB,permissive,near-identical,0,0.17510408,True,Roth50
LB,permissive,near-identical,0,0.17510408,True,Roth50
LB,permissive,near-identical,0,0.96503717,False,Roth50
LB,permissive,near-identical,0,0.96503717,False,Roth50
LB,permissive,near-identical,0,0.1767996,True,Roth50
LB,permissive,near-identical,0,0.035517957,True,Roth50
LB,permissive,near-identical,0,0.035517957,True,Roth50
LB,permissive,near-identical,0,0.035517957,True,Roth50
LB,permissive,near-identical,0,0.035517957,True,Roth50
LB,permissive,near-identical,0,0.035517957,True,Roth50
LB,permissive,near-identical,0,0.07446387,True,Roth50
LB,permissive,near-identical,0,0.060793724,True,Roth50
LB,permissive,near-identical,1,0.060793724,True,Roth50
LB,permissive,near-identical,0,0.07446387,True,Roth50
LB,permissive,near-identical,0,0.09211443,True,Roth50
LB,permissive,near-identical,0,0.09211443,True,Roth50
LB,permissive,near-identical,0,0.09211443,True,Roth50
LB,permissive,near-identical,0,0.09211443,True,Roth50
LB,permissive,near-identical,0,0.09211443,True,Roth50
LB,permissive,near-identical,0,0.09211443,True,Roth50
LB,permissive,near-identical,0,0.09211443,True,Roth50
LB,permissive,near-identical,0,0.09211443,True,Roth50
LB,permissive,near-identical,0,0.12893279,True,Roth08
LB,permissive,near-identical,0,0.12893279,True,Roth08
LB,permissive,near-identical,0,0.12893279,True,Roth08
LB,permissive,near-identical,0,0.6538875,False,Roth08
LB,permissive,near-identical,0,0.0022931383,True,Roth08
LB,permissive,near-identical,1,0.0036131057,True,Roth08
LB,permissive,near-identical,0,0.6538875,False,Roth08
LB,permissive,near-identical,0,0.08881356,True,Roth08
LB,permissive,near-identical,0,0.045079503,True,Roth08
LB,permissive,near-identical,0,0.6538875,False,Roth08
LB,permissive,near-identical,0,0.17566647,True,Roth08
LB,permissive,near-identical,0,0.0027667521,True,Roth08
LB,permissive,near-identical,0,0.015595933,True,Roth08
LB,permissive,near-identical,0,0.015595933,True,Roth08
LB,permissive,near-identical,0,0.0013232682,True,Roth08
LB,permissive,near-identical,0,0.0013232682,True,Roth08
LB,permissive,near-identical,1,0.0014827268,True,Roth08
LB,permissive,near-identical,0,0.0013232682,True,Roth08
LB,permissive,near-identical,0,0.6538875,False,Roth08
LB,permissive,near-identical,0,0.6538875,False,Roth08
LB,permissive,near-identical,0,0.004998313,True,Roth08
LB,permissive,near-identical,0,0.6538875,False,Roth08
LB,permissive,near-identical,0,0.6538875,False,Roth08
LB,permissive,near-identical,0,0.004998313,True,Roth08
LB,permissive,near-identical,0,0.004998313,True,Roth08
LB,permissive,near-identical,1,0.6538875,False,Roth08
LB,permissive,near-identical,0,0.6538875,False,Roth08
LB,permissive,near-identical,0,0.0038635929,True,Roth08
LB,permissive,near-identical,1,0.1589629,True,Roth08
LB,permissive,near-identical,0,0.28602028,True,Roth08
LB,permissive,near-identical,1,0.039947197,True,Roth08
LB,permissive,near-identical,0,0.009815636,True,Roth08
LB,permissive,near-identical,0,0.6538875,False,Roth08
LB,permissive,near-identical,0,0.6538875,False,Roth08
LB,permissive,near-identical,0,0.6538875,False,Roth08
LB,permissive,near-identical,0,0.015595933,True,Roth08
LB,permissive,near-identical,0,0.0022931383,True,Roth08
LB,permissive,near-identical,0,0.0022931383,True,Roth08
LB,permissive,near-identical,0,0.002682122,True,Roth08
LB,permissive,near-identical,0,0.6538875,False,Roth08
LB,permissive,near-identical,0,0.0025897191,True,Roth08
LB,permissive,near-identical,1,0.037664518,True,Roth08
LB,permissive,near-identical,0,0.037664518,True,Roth08
LB,permissive,near-identical,0,0.045079503,True,Roth08
LB,permissive,near-identical,0,0.015595933,True,Roth08
LB,permissive,near-identical,0,0.0013232682,True,Roth08
LB,permissive,near-identical,0,0.021000601,True,Roth08
LB,permissive,near-identical,0,0.6538875,False,Roth08
LB,permissive,near-identical,0,0.045079503,True,Roth08
LB,permissive,near-identical,0,0.043542147,True,Roth08
LB,permissive,near-identical,0,0.043542147,True,Roth08
LB,permissive,near-identical,1,0.007795633,True,Roth08
LB,permissive,near-identical,0,0.0038635929,True,Roth08
LB,permissive,near-identical,0,0.0038635929,True,Roth08
LB,permissive,near-identical,0,0.6538875,False,Roth08
LB,permissive,near-identical,0,0.6538875,False,Roth08
LB,permissive,near-identical,0,0.0037206037,True,Roth08
LB,permissive,near-identical,0,0.051187694,True,Roth08
LB,permissive,near-identical,0,0.051187694,True,Roth08
LB,permissive,near-identical,0,0.051187694,True,Roth08
LB,permissive,near-identical,0,0.051187694,True,Roth08
LB,permissive,near-identical,0,0.051187694,True,Roth08
LB,permissive,near-identical,0,0.0017972848,True,Roth08
LB,permissive,near-identical,0,0.015595933,True,Roth08
LB,permissive,near-identical,1,0.015595933,True,Roth08
LB,permissive,near-identical,1,0.0017972848,True,Roth08
LB,permissive,near-identical,0,0.037664518,True,Roth08
LB,permissive,near-identical,0,0.037664518,True,Roth08
LB,permissive,near-identical,0,0.037664518,True,Roth08
LB,permissive,near-identical,0,0.037664518,True,Roth08
LB,permissive,near-identical,0,0.037664518,True,Roth08
LB,permissive,near-identical,0,0.037664518,True,Roth08
LB,permissive,near-identical,0,0.037664518,True,Roth08
LB,permissive,near-identical,0,0.037664518,True,Roth08
LB,permissive,near-identical,0,0.02458451,True,Roth74
LB,permissive,near-identical,0,0.02458451,True,Roth74
LB,permissive,near-identical,0,0.02458451,True,Roth74
LB,permissive,near-identical,0,0.36889198,False,Roth74
LB,permissive,near-identical,0,0.00071060535,True,Roth74
LB,permissive,near-identical,1,0.0007580204,True,Roth74
LB,permissive,near-identical,0,0.36889198,False,Roth74
LB,permissive,near-identical,0,0.03370811,True,Roth74
LB,permissive,near-identical,0,0.029687654,True,Roth74
LB,permissive,near-identical,0,0.36889198,False,Roth74
LB,permissive,near-identical,0,0.03259833,True,Roth74
LB,permissive,near-identical,0,0.00072860805,True,Roth74
LB,permissive,near-identical,0,0.0067978115,True,Roth74
LB,permissive,near-identical,0,0.0067978115,True,Roth74
LB,permissive,near-identical,0,0.00040978382,True,Roth74
LB,permissive,near-identical,0,0.00040978382,True,Roth74
LB,permissive,near-identical,1,0.00053772336,True,Roth74
LB,permissive,near-identical,0,0.00040978382,True,Roth74
LB,permissive,near-identical,0,0.36889198,False,Roth74
LB,permissive,near-identical,0,0.36889198,False,Roth74
LB,permissive,near-identical,0,0.0015326367,True,Roth74
LB,permissive,near-identical,0,0.36889198,False,Roth74
LB,permissive,near-identical,0,0.36889198,False,Roth74
LB,permissive,near-identical,1,0.0015326367,True,Roth74
LB,permissive,near-identical,0,0.0015326367,True,Roth74
LB,permissive,near-identical,1,0.36889198,False,Roth74
LB,permissive,near-identical,0,0.36889198,False,Roth74
LB,permissive,near-identical,0,0.0011985627,True,Roth74
LB,permissive,near-identical,1,0.05506273,True,Roth74
LB,permissive,near-identical,0,0.07552204,True,Roth74
LB,permissive,near-identical,0,0.0195148,True,Roth74
LB,permissive,near-identical,0,0.0048041297,True,Roth74
LB,permissive,near-identical,0,0.36889198,False,Roth74
LB,permissive,near-identical,0,0.36889198,False,Roth74
LB,permissive,near-identical,0,0.36889198,False,Roth74
LB,permissive,near-identical,0,0.0067978115,True,Roth74
LB,permissive,near-identical,0,0.00071060535,True,Roth74
LB,permissive,near-identical,0,0.00071060535,True,Roth74
LB,permissive,near-identical,0,0.0009734413,True,Roth74
LB,permissive,near-identical,0,0.36889198,False,Roth74
LB,permissive,near-identical,0,0.00064574,True,Roth74
LB,permissive,near-identical,1,0.008870923,True,Roth74
LB,permissive,near-identical,0,0.008870923,True,Roth74
LB,permissive,near-identical,0,0.029687654,True,Roth74
LB,permissive,near-identical,0,0.0067978115,True,Roth74
LB,permissive,near-identical,0,0.00040978382,True,Roth74
LB,permissive,near-identical,0,0.006593063,True,Roth74
LB,permissive,near-identical,0,0.36889198,False,Roth74
LB,permissive,near-identical,0,0.029687654,True,Roth74
LB,permissive,near-identical,0,0.009729611,True,Roth74
LB,permissive,near-identical,0,0.009729611,True,Roth74
LB,permissive,near-identical,0,0.002424966,True,Roth74
LB,permissive,near-identical,0,0.0011985627,True,Roth74
LB,permissive,near-identical,0,0.0011985627,True,Roth74
LB,permissive,near-identical,0,0.36889198,False,Roth74
LB,permissive,near-identical,1,0.36889198,False,Roth74
LB,permissive,near-identical,0,0.0011540916,True,Roth74
LB,permissive,near-identical,0,0.008109103,True,Roth74
LB,permissive,near-identical,0,0.008109103,True,Roth74
LB,permissive,near-identical,0,0.008109103,True,Roth74
LB,permissive,near-identical,1,0.008109103,True,Roth74
LB,permissive,near-identical,0,0.008109103,True,Roth74
LB,permissive,near-identical,1,0.0005567571,True,Roth74
LB,permissive,near-identical,0,0.0067978115,True,Roth74
LB,permissive,near-identical,1,0.0067978115,True,Roth74
LB,permissive,near-identical,1,0.0005567571,True,Roth74
LB,permissive,near-identical,0,0.008870923,True,Roth74
LB,permissive,near-identical,0,0.008870923,True,Roth74
LB,permissive,near-identical,0,0.008870923,True,Roth74
LB,permissive,near-identical,0,0.008870923,True,Roth74
LB,permissive,near-identical,1,0.008870923,True,Roth74
LB,permissive,near-identical,0,0.008870923,True,Roth74
LB,permissive,near-identical,0,0.008870923,True,Roth74
LB,permissive,near-identical,0,0.008870923,True,Roth74
LB,permissive,near-identical,0,0.02458451,True,Roth75
LB,permissive,near-identical,0,0.02458451,True,Roth75
LB,permissive,near-identical,0,0.02458451,True,Roth75
LB,permissive,near-identical,0,0.36889198,False,Roth75
LB,permissive,near-identical,0,0.00071060535,True,Roth75
LB,permissive,near-identical,1,0.0007580204,True,Roth75
LB,permissive,near-identical,0,0.36889198,False,Roth75
LB,permissive,near-identical,0,0.03370811,True,Roth75
LB,permissive,near-identical,0,0.029687654,True,Roth75
LB,permissive,near-identical,0,0.36889198,False,Roth75
LB,permissive,near-identical,0,0.03259833,True,Roth75
LB,permissive,near-identical,0,0.00072860805,True,Roth75
LB,permissive,near-identical,0,0.0067978115,True,Roth75
LB,permissive,near-identical,0,0.0067978115,True,Roth75
LB,permissive,near-identical,0,0.00040978382,True,Roth75
LB,permissive,near-identical,0,0.00040978382,True,Roth75
LB,permissive,near-identical,1,0.00053772336,True,Roth75
LB,permissive,near-identical,0,0.00040978382,True,Roth75
LB,permissive,near-identical,0,0.36889198,False,Roth75
LB,permissive,near-identical,0,0.36889198,False,Roth75
LB,permissive,near-identical,0,0.0015326367,True,Roth75
LB,permissive,near-identical,0,0.36889198,False,Roth75
LB,permissive,near-identical,0,0.36889198,False,Roth75
LB,permissive,near-identical,0,0.0015326367,True,Roth75
LB,permissive,near-identical,0,0.0015326367,True,Roth75
LB,permissive,near-identical,1,0.36889198,False,Roth75
LB,permissive,near-identical,0,0.36889198,False,Roth75
LB,permissive,near-identical,0,0.0011985627,True,Roth75
LB,permissive,near-identical,1,0.05506273,True,Roth75
LB,permissive,near-identical,0,0.07552204,True,Roth75
LB,permissive,near-identical,0,0.0195148,True,Roth75
LB,permissive,near-identical,0,0.0048041297,True,Roth75
LB,permissive,near-identical,0,0.36889198,False,Roth75
LB,permissive,near-identical,0,0.36889198,False,Roth75
LB,permissive,near-identical,0,0.36889198,False,Roth75
LB,permissive,near-identical,0,0.0067978115,True,Roth75
LB,permissive,near-identical,0,0.00071060535,True,Roth75
LB,permissive,near-identical,0,0.00071060535,True,Roth75
LB,permissive,near-identical,0,0.0009734413,True,Roth75
LB,permissive,near-identical,0,0.36889198,False,Roth75
LB,permissive,near-identical,0,0.00064574,True,Roth75
LB,permissive,near-identical,1,0.008870923,True,Roth75
LB,permissive,near-identical,0,0.008870923,True,Roth75
LB,permissive,near-identical,0,0.029687654,True,Roth75
LB,permissive,near-identical,0,0.0067978115,True,Roth75
LB,permissive,near-identical,0,0.00040978382,True,Roth75
LB,permissive,near-identical,0,0.006593063,True,Roth75
LB,permissive,near-identical,0,0.36889198,False,Roth75
LB,permissive,near-identical,0,0.029687654,True,Roth75
LB,permissive,near-identical,0,0.009729611,True,Roth75
LB,permissive,near-identical,0,0.009729611,True,Roth75
LB,permissive,near-identical,0,0.002424966,True,Roth75
LB,permissive,near-identical,0,0.0011985627,True,Roth75
LB,permissive,near-identical,0,0.0011985627,True,Roth75
LB,permissive,near-identical,0,0.36889198,False,Roth75
LB,permissive,near-identical,1,0.36889198,False,Roth75
LB,permissive,near-identical,0,0.0011540916,True,Roth75
LB,permissive,near-identical,0,0.008109103,True,Roth75
LB,permissive,near-identical,0,0.008109103,True,Roth75
LB,permissive,near-identical,0,0.008109103,True,Roth75
LB,permissive,near-identical,0,0.008109103,True,Roth75
LB,permissive,near-identical,0,0.008109103,True,Roth75
LB,permissive,near-identical,1,0.0005567571,True,Roth75
LB,permissive,near-identical,0,0.0067978115,True,Roth75
LB,permissive,near-identical,1,0.0067978115,True,Roth75
LB,permissive,near-identical,1,0.0005567571,True,Roth75
LB,permissive,near-identical,0,0.008870923,True,Roth75
LB,permissive,near-identical,0,0.008870923,True,Roth75
LB,permissive,near-identical,0,0.008870923,True,Roth75
LB,permissive,near-identical,0,0.008870923,True,Roth75
LB,permissive,near-identical,0,0.008870923,True,Roth75
LB,permissive,near-identical,0,0.008870923,True,Roth75
LB,permissive,near-identical,0,0.008870923,True,Roth75
LB,permissive,near-identical,0,0.008870923,True,Roth75
LB,permissive,near-identical,0,0.02458451,True,Roth42
LB,permissive,near-identical,0,0.02458451,True,Roth42
LB,permissive,near-identical,0,0.02458451,True,Roth42
LB,permissive,near-identical,0,0.36889198,False,Roth42
LB,permissive,near-identical,0,0.00071060535,True,Roth42
LB,permissive,near-identical,1,0.0007580204,True,Roth42
LB,permissive,near-identical,0,0.36889198,False,Roth42
LB,permissive,near-identical,0,0.03370811,True,Roth42
LB,permissive,near-identical,0,0.029687654,True,Roth42
LB,permissive,near-identical,0,0.36889198,False,Roth42
LB,permissive,near-identical,0,0.03259833,True,Roth42
LB,permissive,near-identical,0,0.00072860805,True,Roth42
LB,permissive,near-identical,0,0.0067978115,True,Roth42
LB,permissive,near-identical,0,0.0067978115,True,Roth42
LB,permissive,near-identical,0,0.00040978382,True,Roth42
LB,permissive,near-identical,0,0.00040978382,True,Roth42
LB,permissive,near-identical,1,0.00053772336,True,Roth42
LB,permissive,near-identical,0,0.00040978382,True,Roth42
LB,permissive,near-identical,0,0.36889198,False,Roth42
LB,permissive,near-identical,0,0.36889198,False,Roth42
LB,permissive,near-identical,0,0.0015326367,True,Roth42
LB,permissive,near-identical,0,0.36889198,False,Roth42
LB,permissive,near-identical,0,0.36889198,False,Roth42
LB,permissive,near-identical,0,0.0015326367,True,Roth42
LB,permissive,near-identical,0,0.0015326367,True,Roth42
LB,permissive,near-identical,1,0.36889198,False,Roth42
LB,permissive,near-identical,0,0.36889198,False,Roth42
LB,permissive,near-identical,0,0.0011985627,True,Roth42
LB,permissive,near-identical,1,0.05506273,True,Roth42
LB,permissive,near-identical,0,0.07552204,True,Roth42
LB,permissive,near-identical,1,0.0195148,True,Roth42
LB,permissive,near-identical,0,0.0048041297,True,Roth42
LB,permissive,near-identical,0,0.36889198,False,Roth42
LB,permissive,near-identical,0,0.36889198,False,Roth42
LB,permissive,near-identical,0,0.36889198,False,Roth42
LB,permissive,near-identical,0,0.0067978115,True,Roth42
LB,permissive,near-identical,0,0.00071060535,True,Roth42
LB,permissive,near-identical,0,0.00071060535,True,Roth42
LB,permissive,near-identical,0,0.0009734413,True,Roth42
LB,permissive,near-identical,0,0.36889198,False,Roth42
LB,permissive,near-identical,0,0.00064574,True,Roth42
LB,permissive,near-identical,1,0.008870923,True,Roth42
LB,permissive,near-identical,0,0.008870923,True,Roth42
LB,permissive,near-identical,0,0.029687654,True,Roth42
LB,permissive,near-identical,0,0.0067978115,True,Roth42
LB,permissive,near-identical,0,0.00040978382,True,Roth42
LB,permissive,near-identical,0,0.006593063,True,Roth42
LB,permissive,near-identical,0,0.36889198,False,Roth42
LB,permissive,near-identical,0,0.029687654,True,Roth42
LB,permissive,near-identical,0,0.009729611,True,Roth42
LB,permissive,near-identical,0,0.009729611,True,Roth42
LB,permissive,near-identical,1,0.002424966,True,Roth42
LB,permissive,near-identical,0,0.0011985627,True,Roth42
LB,permissive,near-identical,0,0.0011985627,True,Roth42
LB,permissive,near-identical,0,0.36889198,False,Roth42
LB,permissive,near-identical,0,0.36889198,False,Roth42
LB,permissive,near-identical,0,0.0011540916,True,Roth42
LB,permissive,near-identical,0,0.008109103,True,Roth42
LB,permissive,near-identical,0,0.008109103,True,Roth42
LB,permissive,near-identical,0,0.008109103,True,Roth42
LB,permissive,near-identical,0,0.008109103,True,Roth42
LB,permissive,near-identical,0,0.008109103,True,Roth42
LB,permissive,near-identical,1,0.0005567571,True,Roth42
LB,permissive,near-identical,0,0.0067978115,True,Roth42
LB,permissive,near-identical,1,0.0067978115,True,Roth42
LB,permissive,near-identical,1,0.0005567571,True,Roth42
LB,permissive,near-identical,0,0.008870923,True,Roth42
LB,permissive,near-identical,0,0.008870923,True,Roth42
LB,permissive,near-identical,0,0.008870923,True,Roth42
LB,permissive,near-identical,0,0.008870923,True,Roth42
LB,permissive,near-identical,0,0.008870923,True,Roth42
LB,permissive,near-identical,0,0.008870923,True,Roth42
LB,permissive,near-identical,0,0.008870923,True,Roth42
LB,permissive,near-identical,0,0.008870923,True,Roth42
LB,permissive,near-identical,0,0.02458451,True,Roth87
LB,permissive,near-identical,0,0.02458451,True,Roth87
LB,permissive,near-identical,0,0.02458451,True,Roth87
LB,permissive,near-identical,0,0.36889198,False,Roth87
LB,permissive,near-identical,0,0.00071060535,True,Roth87
LB,permissive,near-identical,1,0.0007580204,True,Roth87
LB,permissive,near-identical,0,0.36889198,False,Roth87
LB,permissive,near-identical,0,0.03370811,True,Roth87
LB,permissive,near-identical,0,0.029687654,True,Roth87
LB,permissive,near-identical,0,0.36889198,False,Roth87
LB,permissive,near-identical,0,0.03259833,True,Roth87
LB,permissive,near-identical,0,0.00072860805,True,Roth87
LB,permissive,near-identical,0,0.0067978115,True,Roth87
LB,permissive,near-identical,0,0.0067978115,True,Roth87
LB,permissive,near-identical,0,0.00040978382,True,Roth87
LB,permissive,near-identical,0,0.00040978382,True,Roth87
LB,permissive,near-identical,1,0.00053772336,True,Roth87
LB,permissive,near-identical,0,0.00040978382,True,Roth87
LB,permissive,near-identical,0,0.36889198,False,Roth87
LB,permissive,near-identical,0,0.36889198,False,Roth87
LB,permissive,near-identical,0,0.0015326367,True,Roth87
LB,permissive,near-identical,0,0.36889198,False,Roth87
LB,permissive,near-identical,0,0.36889198,False,Roth87
LB,permissive,near-identical,0,0.0015326367,True,Roth87
LB,permissive,near-identical,0,0.0015326367,True,Roth87
LB,permissive,near-identical,1,0.36889198,False,Roth87
LB,permissive,near-identical,0,0.36889198,False,Roth87
LB,permissive,near-identical,0,0.0011985627,True,Roth87
LB,permissive,near-identical,1,0.05506273,True,Roth87
LB,permissive,near-identical,0,0.07552204,True,Roth87
LB,permissive,near-identical,0,0.0195148,True,Roth87
LB,permissive,near-identical,0,0.0048041297,True,Roth87
LB,permissive,near-identical,0,0.36889198,False,Roth87
LB,permissive,near-identical,0,0.36889198,False,Roth87
LB,permissive,near-identical,0,0.36889198,False,Roth87
LB,permissive,near-identical,0,0.0067978115,True,Roth87
LB,permissive,near-identical,0,0.00071060535,True,Roth87
LB,permissive,near-identical,0,0.00071060535,True,Roth87
LB,permissive,near-identical,0,0.0009734413,True,Roth87
LB,permissive,near-identical,0,0.36889198,False,Roth87
LB,permissive,near-identical,0,0.00064574,True,Roth87
LB,permissive,near-identical,1,0.008870923,True,Roth87
LB,permissive,near-identical,0,0.008870923,True,Roth87
LB,permissive,near-identical,0,0.029687654,True,Roth87
LB,permissive,near-identical,0,0.0067978115,True,Roth87
LB,permissive,near-identical,0,0.00040978382,True,Roth87
LB,permissive,near-identical,0,0.006593063,True,Roth87
LB,permissive,near-identical,0,0.36889198,False,Roth87
LB,permissive,near-identical,0,0.029687654,True,Roth87
LB,permissive,near-identical,0,0.009729611,True,Roth87
LB,permissive,near-identical,0,0.009729611,True,Roth87
LB,permissive,near-identical,0,0.002424966,True,Roth87
LB,permissive,near-identical,0,0.0011985627,True,Roth87
LB,permissive,near-identical,0,0.0011985627,True,Roth87
LB,permissive,near-identical,0,0.36889198,False,Roth87
LB,permissive,near-identical,1,0.36889198,False,Roth87
LB,permissive,near-identical,0,0.0011540916,True,Roth87
LB,permissive,near-identical,0,0.008109103,True,Roth87
LB,permissive,near-identical,0,0.008109103,True,Roth87
LB,permissive,near-identical,0,0.008109103,True,Roth87
LB,permissive,near-identical,0,0.008109103,True,Roth87
LB,permissive,near-identical,0,0.008109103,True,Roth87
LB,permissive,near-identical,1,0.0005567571,True,Roth87
LB,permissive,near-identical,0,0.0067978115,True,Roth87
LB,permissive,near-identical,1,0.0067978115,True,Roth87
LB,permissive,near-identical,1,0.0005567571,True,Roth87
LB,permissive,near-identical,0,0.008870923,True,Roth87
LB,permissive,near-identical,0,0.008870923,True,Roth87
LB,permissive,near-identical,0,0.008870923,True,Roth87
LB,permissive,near-identical,0,0.008870923,True,Roth87
LB,permissive,near-identical,1,0.008870923,True,Roth87
LB,permissive,near-identical,0,0.008870923,True,Roth87
LB,permissive,near-identical,0,0.008870923,True,Roth87
LB,permissive,near-identical,0,0.008870923,True,Roth87
LB,permissive,near-identical,0,0.02458451,True,Roth24
LB,permissive,near-identical,0,0.02458451,True,Roth24
LB,permissive,near-identical,0,0.02458451,True,Roth24
LB,permissive,near-identical,0,0.36889198,False,Roth24
LB,permissive,near-identical,0,0.00071060535,True,Roth24
LB,permissive,near-identical,1,0.0007580204,True,Roth24
LB,permissive,near-identical,0,0.36889198,False,Roth24
LB,permissive,near-identical,0,0.03370811,True,Roth24
LB,permissive,near-identical,0,0.029687654,True,Roth24
LB,permissive,near-identical,0,0.36889198,False,Roth24
LB,permissive,near-identical,0,0.03259833,True,Roth24
LB,permissive,near-identical,0,0.00072860805,True,Roth24
LB,permissive,near-identical,0,0.0067978115,True,Roth24
LB,permissive,near-identical,0,0.0067978115,True,Roth24
LB,permissive,near-identical,0,0.00040978382,True,Roth24
LB,permissive,near-identical,0,0.00040978382,True,Roth24
LB,permissive,near-identical,1,0.00053772336,True,Roth24
LB,permissive,near-identical,0,0.00040978382,True,Roth24
LB,permissive,near-identical,0,0.36889198,False,Roth24
LB,permissive,near-identical,0,0.36889198,False,Roth24
LB,permissive,near-identical,0,0.0015326367,True,Roth24
LB,permissive,near-identical,0,0.36889198,False,Roth24
LB,permissive,near-identical,0,0.36889198,False,Roth24
LB,permissive,near-identical,0,0.0015326367,True,Roth24
LB,permissive,near-identical,0,0.0015326367,True,Roth24
LB,permissive,near-identical,1,0.36889198,False,Roth24
LB,permissive,near-identical,0,0.36889198,False,Roth24
LB,permissive,near-identical,0,0.0011985627,True,Roth24
LB,permissive,near-identical,1,0.05506273,True,Roth24
LB,permissive,near-identical,0,0.07552204,True,Roth24
LB,permissive,near-identical,1,0.0195148,True,Roth24
LB,permissive,near-identical,0,0.0048041297,True,Roth24
LB,permissive,near-identical,0,0.36889198,False,Roth24
LB,permissive,near-identical,0,0.36889198,False,Roth24
LB,permissive,near-identical,0,0.36889198,False,Roth24
LB,permissive,near-identical,0,0.0067978115,True,Roth24
LB,permissive,near-identical,0,0.00071060535,True,Roth24
LB,permissive,near-identical,0,0.00071060535,True,Roth24
LB,permissive,near-identical,0,0.0009734413,True,Roth24
LB,permissive,near-identical,0,0.36889198,False,Roth24
LB,permissive,near-identical,0,0.00064574,True,Roth24
LB,permissive,near-identical,1,0.008870923,True,Roth24
LB,permissive,near-identical,0,0.008870923,True,Roth24
LB,permissive,near-identical,0,0.029687654,True,Roth24
LB,permissive,near-identical,0,0.0067978115,True,Roth24
LB,permissive,near-identical,0,0.00040978382,True,Roth24
LB,permissive,near-identical,0,0.006593063,True,Roth24
LB,permissive,near-identical,0,0.36889198,False,Roth24
LB,permissive,near-identical,0,0.029687654,True,Roth24
LB,permissive,near-identical,0,0.009729611,True,Roth24
LB,permissive,near-identical,0,0.009729611,True,Roth24
LB,permissive,near-identical,0,0.002424966,True,Roth24
LB,permissive,near-identical,0,0.0011985627,True,Roth24
LB,permissive,near-identical,0,0.0011985627,True,Roth24
LB,permissive,near-identical,0,0.36889198,False,Roth24
LB,permissive,near-identical,1,0.36889198,False,Roth24
LB,permissive,near-identical,0,0.0011540916,True,Roth24
LB,permissive,near-identical,0,0.008109103,True,Roth24
LB,permissive,near-identical,0,0.008109103,True,Roth24
LB,permissive,near-identical,0,0.008109103,True,Roth24
LB,permissive,near-identical,0,0.008109103,True,Roth24
LB,permissive,near-identical,0,0.008109103,True,Roth24
LB,permissive,near-identical,1,0.0005567571,True,Roth24
LB,permissive,near-identical,0,0.0067978115,True,Roth24
LB,permissive,near-identical,1,0.0067978115,True,Roth24
LB,permissive,near-identical,1,0.0005567571,True,Roth24
LB,permissive,near-identical,0,0.008870923,True,Roth24
LB,permissive,near-identical,0,0.008870923,True,Roth24
LB,permissive,near-identical,0,0.008870923,True,Roth24
LB,permissive,near-identical,0,0.008870923,True,Roth24
LB,permissive,near-identical,1,0.008870923,True,Roth24
LB,permissive,near-identical,0,0.008870923,True,Roth24
LB,permissive,near-identical,0,0.008870923,True,Roth24
LB,permissive,near-identical,0,0.008870923,True,Roth24
LB,permissive,near-identical,0,0.02458451,True,Roth30
LB,permissive,near-identical,0,0.02458451,True,Roth30
LB,permissive,near-identical,0,0.02458451,True,Roth30
LB,permissive,near-identical,0,0.36889198,False,Roth30
LB,permissive,near-identical,0,0.00071060535,True,Roth30
LB,permissive,near-identical,1,0.0007580204,True,Roth30
LB,permissive,near-identical,0,0.36889198,False,Roth30
LB,permissive,near-identical,0,0.03370811,True,Roth30
LB,permissive,near-identical,0,0.029687654,True,Roth30
LB,permissive,near-identical,0,0.36889198,False,Roth30
LB,permissive,near-identical,0,0.03259833,True,Roth30
LB,permissive,near-identical,0,0.00072860805,True,Roth30
LB,permissive,near-identical,0,0.0067978115,True,Roth30
LB,permissive,near-identical,0,0.0067978115,True,Roth30
LB,permissive,near-identical,0,0.00040978382,True,Roth30
LB,permissive,near-identical,0,0.00040978382,True,Roth30
LB,permissive,near-identical,1,0.00053772336,True,Roth30
LB,permissive,near-identical,0,0.00040978382,True,Roth30
LB,permissive,near-identical,0,0.36889198,False,Roth30
LB,permissive,near-identical,0,0.36889198,False,Roth30
LB,permissive,near-identical,0,0.0015326367,True,Roth30
LB,permissive,near-identical,0,0.36889198,False,Roth30
LB,permissive,near-identical,0,0.36889198,False,Roth30
LB,permissive,near-identical,0,0.0015326367,True,Roth30
LB,permissive,near-identical,0,0.0015326367,True,Roth30
LB,permissive,near-identical,1,0.36889198,False,Roth30
LB,permissive,near-identical,0,0.36889198,False,Roth30
LB,permissive,near-identical,0,0.0011985627,True,Roth30
LB,permissive,near-identical,1,0.05506273,True,Roth30
LB,permissive,near-identical,0,0.07552204,True,Roth30
LB,permissive,near-identical,0,0.0195148,True,Roth30
LB,permissive,near-identical,0,0.0048041297,True,Roth30
LB,permissive,near-identical,0,0.36889198,False,Roth30
LB,permissive,near-identical,0,0.36889198,False,Roth30
LB,permissive,near-identical,0,0.36889198,False,Roth30
LB,permissive,near-identical,0,0.0067978115,True,Roth30
LB,permissive,near-identical,0,0.00071060535,True,Roth30
LB,permissive,near-identical,0,0.00071060535,True,Roth30
LB,permissive,near-identical,0,0.0009734413,True,Roth30
LB,permissive,near-identical,0,0.36889198,False,Roth30
LB,permissive,near-identical,0,0.00064574,True,Roth30
LB,permissive,near-identical,1,0.008870923,True,Roth30
LB,permissive,near-identical,0,0.008870923,True,Roth30
LB,permissive,near-identical,0,0.029687654,True,Roth30
LB,permissive,near-identical,0,0.0067978115,True,Roth30
LB,permissive,near-identical,0,0.00040978382,True,Roth30
LB,permissive,near-identical,0,0.006593063,True,Roth30
LB,permissive,near-identical,0,0.36889198,False,Roth30
LB,permissive,near-identical,0,0.029687654,True,Roth30
LB,permissive,near-identical,0,0.009729611,True,Roth30
LB,permissive,near-identical,0,0.009729611,True,Roth30
LB,permissive,near-identical,0,0.002424966,True,Roth30
LB,permissive,near-identical,0,0.0011985627,True,Roth30
LB,permissive,near-identical,0,0.0011985627,True,Roth30
LB,permissive,near-identical,0,0.36889198,False,Roth30
LB,permissive,near-identical,0,0.36889198,False,Roth30
LB,permissive,near-identical,0,0.0011540916,True,Roth30
LB,permissive,near-identical,0,0.008109103,True,Roth30
LB,permissive,near-identical,0,0.008109103,True,Roth30
LB,permissive,near-identical,0,0.008109103,True,Roth30
LB,permissive,near-identical,0,0.008109103,True,Roth30
LB,permissive,near-identical,0,0.008109103,True,Roth30
LB,permissive,near-identical,0,0.0005567571,True,Roth30
LB,permissive,near-identical,0,0.0067978115,True,Roth30
LB,permissive,near-identical,1,0.0067978115,True,Roth30
LB,permissive,near-identical,1,0.0005567571,True,Roth30
LB,permissive,near-identical,0,0.008870923,True,Roth30
LB,permissive,near-identical,0,0.008870923,True,Roth30
LB,permissive,near-identical,0,0.008870923,True,Roth30
LB,permissive,near-identical,0,0.008870923,True,Roth30
LB,permissive,near-identical,0,0.008870923,True,Roth30
LB,permissive,near-identical,0,0.008870923,True,Roth30
LB,permissive,near-identical,0,0.008870923,True,Roth30
LB,permissive,near-identical,0,0.008870923,True,Roth30
LB,permissive,related,0,0.044979956,True,Roth44
LB,permissive,related,0,0.044979956,True,Roth44
LB,permissive,related,0,0.044979956,True,Roth44
LB,permissive,related,0,0.46747172,False,Roth44
LB,permissive,related,0,0.0011804732,True,Roth44
LB,permissive,related,1,0.0012060141,True,Roth44
LB,permissive,related,0,0.46747172,False,Roth44
LB,permissive,related,0,0.041202337,True,Roth44
LB,permissive,related,0,0.13266295,True,Roth44
LB,permissive,related,0,0.46747172,False,Roth44
LB,permissive,related,0,0.026348542,True,Roth44
LB,permissive,related,0,0.00065310777,True,Roth44
LB,permissive,related,0,0.054820973,True,Roth44
LB,permissive,related,0,0.054820973,True,Roth44
LB,permissive,related,0,0.0006620349,True,Roth44
LB,permissive,related,0,0.0006620349,True,Roth44
LB,permissive,related,1,0.00075716525,True,Roth44
LB,permissive,related,0,0.0006620349,True,Roth44
LB,permissive,related,0,0.46747172,False,Roth44
LB,permissive,related,0,0.46747172,False,Roth44
LB,permissive,related,0,0.0029654487,True,Roth44
LB,permissive,related,0,0.46747172,False,Roth44
LB,permissive,related,0,0.46747172,False,Roth44
LB,permissive,related,0,0.0029654487,True,Roth44
LB,permissive,related,0,0.0029654487,True,Roth44
LB,permissive,related,1,0.46747172,False,Roth44
LB,permissive,related,0,0.46747172,False,Roth44
LB,permissive,related,0,0.0022113286,True,Roth44
LB,permissive,related,0,0.5203018,True,Roth44
LB,permissive,related,0,0.3618714,True,Roth44
LB,permissive,related,0,0.015114203,True,Roth44
LB,permissive,related,0,0.011126566,True,Roth44
LB,permissive,related,0,0.46747172,False,Roth44
LB,permissive,related,0,0.46747172,False,Roth44
LB,permissive,related,0,0.46747172,False,Roth44
LB,permissive,related,0,0.054820973,True,Roth44
LB,permissive,related,0,0.0011804732,True,Roth44
LB,permissive,related,0,0.0011804732,True,Roth44
LB,permissive,related,0,0.00093506277,True,Roth44
LB,permissive,related,0,0.46747172,False,Roth44
LB,permissive,related,0,0.00082703977,True,Roth44
LB,permissive,related,1,0.011743073,True,Roth44
LB,permissive,related,0,0.011743073,True,Roth44
LB,permissive,related,0,0.13266295,True,Roth44
LB,permissive,related,0,0.054820973,True,Roth44
LB,permissive,related,0,0.0006620349,True,Roth44
LB,permissive,related,0,0.011099213,True,Roth44
LB,permissive,related,0,0.46747172,False,Roth44
LB,permissive,related,0,0.13266295,True,Roth44
LB,permissive,related,0,0.013534944,True,Roth44
LB,permissive,related,0,0.013534944,True,Roth44
LB,permissive,related,1,0.00600833,True,Roth44
LB,permissive,related,0,0.0022113286,True,Roth44
LB,permissive,related,0,0.0022113286,True,Roth44
LB,permissive,related,0,0.46747172,False,Roth44
LB,permissive,related,0,0.46747172,False,Roth44
LB,permissive,related,0,0.0021629876,True,Roth44
LB,permissive,related,0,0.0063104792,True,Roth44
LB,permissive,related,0,0.0063104792,True,Roth44
LB,permissive,related,0,0.0063104792,True,Roth44
LB,permissive,related,0,0.0063104792,True,Roth44
LB,permissive,related,0,0.0063104792,True,Roth44
LB,permissive,related,0,0.0009033994,True,Roth44
LB,permissive,related,0,0.054820973,True,Roth44
LB,permissive,related,1,0.054820973,True,Roth44
LB,permissive,related,1,0.0009033994,True,Roth44
LB,permissive,related,0,0.011743073,True,Roth44
LB,permissive,related,0,0.011743073,True,Roth44
LB,permissive,related,0,0.011743073,True,Roth44
LB,permissive,related,0,0.011743073,True,Roth44
LB,permissive,related,0,0.011743073,True,Roth44
LB,permissive,related,0,0.011743073,True,Roth44
LB,permissive,related,0,0.011743073,True,Roth44
LB,permissive,related,0,0.011743073,True,Roth44
LB,permissive,near-identical,0,0.03386829,True,Roth71
LB,permissive,near-identical,0,0.03386829,True,Roth71
LB,permissive,near-identical,0,0.03386829,True,Roth71
LB,permissive,near-identical,0,0.38579807,False,Roth71
LB,permissive,near-identical,0,0.0007635873,True,Roth71
LB,permissive,near-identical,0,0.0008145355,True,Roth71
LB,permissive,near-identical,0,0.38579807,False,Roth71
LB,permissive,near-identical,0,0.021215886,True,Roth71
LB,permissive,near-identical,0,0.011753392,True,Roth71
LB,permissive,near-identical,0,0.38579807,False,Roth71
LB,permissive,near-identical,0,0.027190072,True,Roth71
LB,permissive,near-identical,0,0.0007829313,True,Roth71
LB,permissive,near-identical,0,0.0052398606,True,Roth71
LB,permissive,near-identical,0,0.0052398606,True,Roth71
LB,permissive,near-identical,0,0.00044034634,True,Roth71
LB,permissive,near-identical,0,0.00044034634,True,Roth71
LB,permissive,near-identical,1,0.0005778229,True,Roth71
LB,permissive,near-identical,0,0.00044034634,True,Roth71
LB,permissive,near-identical,0,0.38579807,False,Roth71
LB,permissive,near-identical,0,0.38579807,False,Roth71
LB,permissive,near-identical,0,0.0016468059,True,Roth71
LB,permissive,near-identical,0,0.38579807,False,Roth71
LB,permissive,near-identical,0,0.38579807,False,Roth71
LB,permissive,near-identical,0,0.0016468059,True,Roth71
LB,permissive,near-identical,0,0.0016468059,True,Roth71
LB,permissive,near-identical,1,0.38579807,False,Roth71
LB,permissive,near-identical,0,0.38579807,False,Roth71
LB,permissive,near-identical,0,0.0012878794,True,Roth71
LB,permissive,near-identical,1,0.08346286,True,Roth71
LB,permissive,near-identical,0,0.34110647,True,Roth71
LB,permissive,near-identical,0,0.020940412,True,Roth71
LB,permissive,near-identical,0,0.0051607396,True,Roth71
LB,permissive,near-identical,0,0.38579807,False,Roth71
LB,permissive,near-identical,0,0.38579807,False,Roth71
LB,permissive,near-identical,0,0.38579807,False,Roth71
LB,permissive,near-identical,0,0.0052398606,True,Roth71
LB,permissive,near-identical,0,0.0007635873,True,Roth71
LB,permissive,near-identical,0,0.0007635873,True,Roth71
LB,permissive,near-identical,0,0.0010459996,True,Roth71
LB,permissive,near-identical,0,0.38579807,False,Roth71
LB,permissive,near-identical,0,0.00064574,True,Roth71
LB,permissive,near-identical,1,0.00952653,True,Roth71
LB,permissive,near-identical,0,0.00952653,True,Roth71
LB,permissive,near-identical,0,0.011753392,True,Roth71
LB,permissive,near-identical,0,0.0052398606,True,Roth71
LB,permissive,near-identical,0,0.00044034634,True,Roth71
LB,permissive,near-identical,0,0.0070815263,True,Roth71
LB,permissive,near-identical,0,0.38579807,False,Roth71
LB,permissive,near-identical,0,0.011753392,True,Roth71
LB,permissive,near-identical,0,0.014910208,True,Roth71
LB,permissive,near-identical,0,0.014910208,True,Roth71
LB,permissive,near-identical,0,0.0026054357,True,Roth71
LB,permissive,near-identical,0,0.0012878794,True,Roth71
LB,permissive,near-identical,0,0.0012878794,True,Roth71
LB,permissive,near-identical,0,0.38579807,False,Roth71
LB,permissive,near-identical,0,0.38579807,False,Roth71
LB,permissive,near-identical,0,0.0012400972,True,Roth71
LB,permissive,near-identical,0,0.008708898,True,Roth71
LB,permissive,near-identical,0,0.008708898,True,Roth71
LB,permissive,near-identical,0,0.008708898,True,Roth71
LB,permissive,near-identical,0,0.008708898,True,Roth71
LB,permissive,near-identical,0,0.008708898,True,Roth71
LB,permissive,near-identical,1,0.0005982752,True,Roth71
LB,permissive,near-identical,0,0.0052398606,True,Roth71
LB,permissive,near-identical,1,0.0052398606,True,Roth71
LB,permissive,near-identical,0,0.0005982752,True,Roth71
LB,permissive,near-identical,0,0.00952653,True,Roth71
LB,permissive,near-identical,0,0.00952653,True,Roth71
LB,permissive,near-identical,0,0.00952653,True,Roth71
LB,permissive,near-identical,0,0.00952653,True,Roth71
LB,permissive,near-identical,0,0.00952653,True,Roth71
LB,permissive,near-identical,0,0.00952653,True,Roth71
LB,permissive,near-identical,0,0.00952653,True,Roth71
LB,permissive,near-identical,0,0.00952653,True,Roth71
LB,permissive,near-identical,0,0.03386829,True,Roth84
LB,permissive,near-identical,0,0.03386829,True,Roth84
LB,permissive,near-identical,0,0.03386829,True,Roth84
LB,permissive,near-identical,0,0.38579807,False,Roth84
LB,permissive,near-identical,0,0.0007635873,True,Roth84
LB,permissive,near-identical,0,0.0008145355,True,Roth84
LB,permissive,near-identical,0,0.38579807,False,Roth84
LB,permissive,near-identical,0,0.021215886,True,Roth84
LB,permissive,near-identical,0,0.011753392,True,Roth84
LB,permissive,near-identical,0,0.38579807,False,Roth84
LB,permissive,near-identical,0,0.027190072,True,Roth84
LB,permissive,near-identical,0,0.0007829313,True,Roth84
LB,permissive,near-identical,0,0.0052398606,True,Roth84
LB,permissive,near-identical,0,0.0052398606,True,Roth84
LB,permissive,near-identical,0,0.00044034634,True,Roth84
LB,permissive,near-identical,0,0.00044034634,True,Roth84
LB,permissive,near-identical,1,0.0005778229,True,Roth84
LB,permissive,near-identical,0,0.00044034634,True,Roth84
LB,permissive,near-identical,0,0.38579807,False,Roth84
LB,permissive,near-identical,0,0.38579807,False,Roth84
LB,permissive,near-identical,0,0.0016468059,True,Roth84
LB,permissive,near-identical,0,0.38579807,False,Roth84
LB,permissive,near-identical,0,0.38579807,False,Roth84
LB,permissive,near-identical,0,0.0016468059,True,Roth84
LB,permissive,near-identical,0,0.0016468059,True,Roth84
LB,permissive,near-identical,1,0.38579807,False,Roth84
LB,permissive,near-identical,0,0.38579807,False,Roth84
LB,permissive,near-identical,0,0.0012878794,True,Roth84
LB,permissive,near-identical,1,0.08346286,True,Roth84
LB,permissive,near-identical,0,0.34110647,True,Roth84
LB,permissive,near-identical,0,0.020940412,True,Roth84
LB,permissive,near-identical,0,0.0051607396,True,Roth84
LB,permissive,near-identical,0,0.38579807,False,Roth84
LB,permissive,near-identical,0,0.38579807,False,Roth84
LB,permissive,near-identical,0,0.38579807,False,Roth84
LB,permissive,near-identical,0,0.0052398606,True,Roth84
LB,permissive,near-identical,0,0.0007635873,True,Roth84
LB,permissive,near-identical,0,0.0007635873,True,Roth84
LB,permissive,near-identical,0,0.0010459996,True,Roth84
LB,permissive,near-identical,0,0.38579807,False,Roth84
LB,permissive,near-identical,0,0.00064574,True,Roth84
LB,permissive,near-identical,1,0.00952653,True,Roth84
LB,permissive,near-identical,0,0.00952653,True,Roth84
LB,permissive,near-identical,0,0.011753392,True,Roth84
LB,permissive,near-identical,0,0.0052398606,True,Roth84
LB,permissive,near-identical,0,0.00044034634,True,Roth84
LB,permissive,near-identical,0,0.0070815263,True,Roth84
LB,permissive,near-identical,0,0.38579807,False,Roth84
LB,permissive,near-identical,0,0.011753392,True,Roth84
LB,permissive,near-identical,0,0.014910208,True,Roth84
LB,permissive,near-identical,0,0.014910208,True,Roth84
LB,permissive,near-identical,1,0.0026054357,True,Roth84
LB,permissive,near-identical,0,0.0012878794,True,Roth84
LB,permissive,near-identical,0,0.0012878794,True,Roth84
LB,permissive,near-identical,0,0.38579807,False,Roth84
LB,permissive,near-identical,0,0.38579807,False,Roth84
LB,permissive,near-identical,0,0.0012400972,True,Roth84
LB,permissive,near-identical,0,0.008708898,True,Roth84
LB,permissive,near-identical,0,0.008708898,True,Roth84
LB,permissive,near-identical,0,0.008708898,True,Roth84
LB,permissive,near-identical,0,0.008708898,True,Roth84
LB,permissive,near-identical,0,0.008708898,True,Roth84
LB,permissive,near-identical,1,0.0005982752,True,Roth84
LB,permissive,near-identical,0,0.0052398606,True,Roth84
LB,permissive,near-identical,0,0.0052398606,True,Roth84
LB,permissive,near-identical,0,0.0005982752,True,Roth84
LB,permissive,near-identical,0,0.00952653,True,Roth84
LB,permissive,near-identical,0,0.00952653,True,Roth84
LB,permissive,near-identical,0,0.00952653,True,Roth84
LB,permissive,near-identical,0,0.00952653,True,Roth84
LB,permissive,near-identical,0,0.00952653,True,Roth84
LB,permissive,near-identical,0,0.00952653,True,Roth84
LB,permissive,near-identical,0,0.00952653,True,Roth84
LB,permissive,near-identical,0,0.00952653,True,Roth84
LB,permissive,near-identical,0,0.03386829,True,Roth10
LB,permissive,near-identical,0,0.03386829,True,Roth10
LB,permissive,near-identical,0,0.03386829,True,Roth10
LB,permissive,near-identical,0,0.38579807,False,Roth10
LB,permissive,near-identical,0,0.0007635873,True,Roth10
LB,permissive,near-identical,0,0.0008145355,True,Roth10
LB,permissive,near-identical,0,0.38579807,False,Roth10
LB,permissive,near-identical,0,0.021215886,True,Roth10
LB,permissive,near-identical,0,0.011753392,True,Roth10
LB,permissive,near-identical,0,0.38579807,False,Roth10
LB,permissive,near-identical,0,0.027190072,True,Roth10
LB,permissive,near-identical,0,0.0007829313,True,Roth10
LB,permissive,near-identical,0,0.0052398606,True,Roth10
LB,permissive,near-identical,0,0.0052398606,True,Roth10
LB,permissive,near-identical,0,0.00044034634,True,Roth10
LB,permissive,near-identical,0,0.00044034634,True,Roth10
LB,permissive,near-identical,1,0.0005778229,True,Roth10
LB,permissive,near-identical,0,0.00044034634,True,Roth10
LB,permissive,near-identical,0,0.38579807,False,Roth10
LB,permissive,near-identical,0,0.38579807,False,Roth10
LB,permissive,near-identical,0,0.0016468059,True,Roth10
LB,permissive,near-identical,0,0.38579807,False,Roth10
LB,permissive,near-identical,0,0.38579807,False,Roth10
LB,permissive,near-identical,1,0.0016468059,True,Roth10
LB,permissive,near-identical,0,0.0016468059,True,Roth10
LB,permissive,near-identical,1,0.38579807,False,Roth10
LB,permissive,near-identical,0,0.38579807,False,Roth10
LB,permissive,near-identical,0,0.0012878794,True,Roth10
LB,permissive,near-identical,1,0.08346286,True,Roth10
LB,permissive,near-identical,0,0.34110647,True,Roth10
LB,permissive,near-identical,0,0.020940412,True,Roth10
LB,permissive,near-identical,0,0.0051607396,True,Roth10
LB,permissive,near-identical,0,0.38579807,False,Roth10
LB,permissive,near-identical,0,0.38579807,False,Roth10
LB,permissive,near-identical,0,0.38579807,False,Roth10
LB,permissive,near-identical,0,0.0052398606,True,Roth10
LB,permissive,near-identical,0,0.0007635873,True,Roth10
LB,permissive,near-identical,0,0.0007635873,True,Roth10
LB,permissive,near-identical,0,0.0010459996,True,Roth10
LB,permissive,near-identical,0,0.38579807,False,Roth10
LB,permissive,near-identical,0,0.00064574,True,Roth10
LB,permissive,near-identical,1,0.00952653,True,Roth10
LB,permissive,near-identical,0,0.00952653,True,Roth10
LB,permissive,near-identical,0,0.011753392,True,Roth10
LB,permissive,near-identical,0,0.0052398606,True,Roth10
LB,permissive,near-identical,0,0.00044034634,True,Roth10
LB,permissive,near-identical,0,0.0070815263,True,Roth10
LB,permissive,near-identical,0,0.38579807,False,Roth10
LB,permissive,near-identical,0,0.011753392,True,Roth10
LB,permissive,near-identical,0,0.014910208,True,Roth10
LB,permissive,near-identical,0,0.014910208,True,Roth10
LB,permissive,near-identical,1,0.0026054357,True,Roth10
LB,permissive,near-identical,0,0.0012878794,True,Roth10
LB,permissive,near-identical,0,0.0012878794,True,Roth10
LB,permissive,near-identical,0,0.38579807,False,Roth10
LB,permissive,near-identical,0,0.38579807,False,Roth10
LB,permissive,near-identical,0,0.0012400972,True,Roth10
LB,permissive,near-identical,0,0.008708898,True,Roth10
LB,permissive,near-identical,0,0.008708898,True,Roth10
LB,permissive,near-identical,0,0.008708898,True,Roth10
LB,permissive,near-identical,0,0.008708898,True,Roth10
LB,permissive,near-identical,0,0.008708898,True,Roth10
LB,permissive,near-identical,1,0.0005982752,True,Roth10
LB,permissive,near-identical,0,0.0052398606,True,Roth10
LB,permissive,near-identical,1,0.0052398606,True,Roth10
LB,permissive,near-identical,0,0.0005982752,True,Roth10
LB,permissive,near-identical,0,0.00952653,True,Roth10
LB,permissive,near-identical,0,0.00952653,True,Roth10
LB,permissive,near-identical,0,0.00952653,True,Roth10
LB,permissive,near-identical,0,0.00952653,True,Roth10
LB,permissive,near-identical,1,0.00952653,True,Roth10
LB,permissive,near-identical,0,0.00952653,True,Roth10
LB,permissive,near-identical,0,0.00952653,True,Roth10
LB,permissive,near-identical,0,0.00952653,True,Roth10
LB,permissive,near-identical,0,0.03386829,True,Roth83
LB,permissive,near-identical,0,0.03386829,True,Roth83
LB,permissive,near-identical,0,0.03386829,True,Roth83
LB,permissive,near-identical,0,0.38579807,False,Roth83
LB,permissive,near-identical,0,0.0007635873,True,Roth83
LB,permissive,near-identical,0,0.0008145355,True,Roth83
LB,permissive,near-identical,0,0.38579807,False,Roth83
LB,permissive,near-identical,0,0.021215886,True,Roth83
LB,permissive,near-identical,0,0.011753392,True,Roth83
LB,permissive,near-identical,0,0.38579807,False,Roth83
LB,permissive,near-identical,0,0.027190072,True,Roth83
LB,permissive,near-identical,0,0.0007829313,True,Roth83
LB,permissive,near-identical,0,0.0052398606,True,Roth83
LB,permissive,near-identical,0,0.0052398606,True,Roth83
LB,permissive,near-identical,0,0.00044034634,True,Roth83
LB,permissive,near-identical,0,0.00044034634,True,Roth83
LB,permissive,near-identical,1,0.0005778229,True,Roth83
LB,permissive,near-identical,0,0.00044034634,True,Roth83
LB,permissive,near-identical,0,0.38579807,False,Roth83
LB,permissive,near-identical,0,0.38579807,False,Roth83
LB,permissive,near-identical,0,0.0016468059,True,Roth83
LB,permissive,near-identical,0,0.38579807,False,Roth83
LB,permissive,near-identical,0,0.38579807,False,Roth83
LB,permissive,near-identical,0,0.0016468059,True,Roth83
LB,permissive,near-identical,0,0.0016468059,True,Roth83
LB,permissive,near-identical,1,0.38579807,False,Roth83
LB,permissive,near-identical,0,0.38579807,False,Roth83
LB,permissive,near-identical,0,0.0012878794,True,Roth83
LB,permissive,near-identical,1,0.08346286,True,Roth83
LB,permissive,near-identical,0,0.34110647,True,Roth83
LB,permissive,near-identical,0,0.020940412,True,Roth83
LB,permissive,near-identical,0,0.0051607396,True,Roth83
LB,permissive,near-identical,0,0.38579807,False,Roth83
LB,permissive,near-identical,0,0.38579807,False,Roth83
LB,permissive,near-identical,0,0.38579807,False,Roth83
LB,permissive,near-identical,0,0.0052398606,True,Roth83
LB,permissive,near-identical,0,0.0007635873,True,Roth83
LB,permissive,near-identical,0,0.0007635873,True,Roth83
LB,permissive,near-identical,0,0.0010459996,True,Roth83
LB,permissive,near-identical,0,0.38579807,False,Roth83
LB,permissive,near-identical,0,0.00064574,True,Roth83
LB,permissive,near-identical,1,0.00952653,True,Roth83
LB,permissive,near-identical,0,0.00952653,True,Roth83
LB,permissive,near-identical,0,0.011753392,True,Roth83
LB,permissive,near-identical,0,0.0052398606,True,Roth83
LB,permissive,near-identical,0,0.00044034634,True,Roth83
LB,permissive,near-identical,0,0.0070815263,True,Roth83
LB,permissive,near-identical,0,0.38579807,False,Roth83
LB,permissive,near-identical,0,0.011753392,True,Roth83
LB,permissive,near-identical,0,0.014910208,True,Roth83
LB,permissive,near-identical,0,0.014910208,True,Roth83
LB,permissive,near-identical,1,0.0026054357,True,Roth83
LB,permissive,near-identical,0,0.0012878794,True,Roth83
LB,permissive,near-identical,0,0.0012878794,True,Roth83
LB,permissive,near-identical,0,0.38579807,False,Roth83
LB,permissive,near-identical,0,0.38579807,False,Roth83
LB,permissive,near-identical,0,0.0012400972,True,Roth83
LB,permissive,near-identical,0,0.008708898,True,Roth83
LB,permissive,near-identical,0,0.008708898,True,Roth83
LB,permissive,near-identical,0,0.008708898,True,Roth83
LB,permissive,near-identical,0,0.008708898,True,Roth83
LB,permissive,near-identical,0,0.008708898,True,Roth83
LB,permissive,near-identical,1,0.0005982752,True,Roth83
LB,permissive,near-identical,0,0.0052398606,True,Roth83
LB,permissive,near-identical,0,0.0052398606,True,Roth83
LB,permissive,near-identical,0,0.0005982752,True,Roth83
LB,permissive,near-identical,0,0.00952653,True,Roth83
LB,permissive,near-identical,0,0.00952653,True,Roth83
LB,permissive,near-identical,0,0.00952653,True,Roth83
LB,permissive,near-identical,0,0.00952653,True,Roth83
LB,permissive,near-identical,1,0.00952653,True,Roth83
LB,permissive,near-identical,0,0.00952653,True,Roth83
LB,permissive,near-identical,0,0.00952653,True,Roth83
LB,permissive,near-identical,0,0.00952653,True,Roth83
LB,permissive,near-identical,0,0.08693585,True,Roth09
LB,permissive,near-identical,0,0.08693585,True,Roth09
LB,permissive,near-identical,0,0.08693585,True,Roth09
LB,permissive,near-identical,0,0.38579807,False,Roth09
LB,permissive,near-identical,0,0.0007635873,True,Roth09
LB,permissive,near-identical,0,0.0008145355,True,Roth09
LB,permissive,near-identical,0,0.38579807,False,Roth09
LB,permissive,near-identical,0,0.041040294,True,Roth09
LB,permissive,near-identical,0,0.012625401,True,Roth09
LB,permissive,near-identical,0,0.38579807,False,Roth09
LB,permissive,near-identical,0,0.035658058,True,Roth09
LB,permissive,near-identical,0,0.0007829313,True,Roth09
LB,permissive,near-identical,0,0.005433639,True,Roth09
LB,permissive,near-identical,0,0.005433639,True,Roth09
LB,permissive,near-identical,0,0.0005131258,True,Roth09
LB,permissive,near-identical,0,0.0005131258,True,Roth09
LB,permissive,near-identical,1,0.0005778229,True,Roth09
LB,permissive,near-identical,0,0.0005131258,True,Roth09
LB,permissive,near-identical,0,0.38579807,False,Roth09
LB,permissive,near-identical,0,0.38579807,False,Roth09
LB,permissive,near-identical,0,0.0016468059,True,Roth09
LB,permissive,near-identical,0,0.38579807,False,Roth09
LB,permissive,near-identical,0,0.38579807,False,Roth09
LB,permissive,near-identical,0,0.0016468059,True,Roth09
LB,permissive,near-identical,0,0.0016468059,True,Roth09
LB,permissive,near-identical,1,0.38579807,False,Roth09
LB,permissive,near-identical,0,0.38579807,False,Roth09
LB,permissive,near-identical,0,0.0012878794,True,Roth09
LB,permissive,near-identical,1,0.05892917,True,Roth09
LB,permissive,near-identical,0,0.34110647,True,Roth09
LB,permissive,near-identical,0,0.020940412,True,Roth09
LB,permissive,near-identical,0,0.0051607396,True,Roth09
LB,permissive,near-identical,0,0.38579807,False,Roth09
LB,permissive,near-identical,0,0.38579807,False,Roth09
LB,permissive,near-identical,0,0.38579807,False,Roth09
LB,permissive,near-identical,0,0.005433639,True,Roth09
LB,permissive,near-identical,0,0.0007635873,True,Roth09
LB,permissive,near-identical,0,0.0007635873,True,Roth09
LB,permissive,near-identical,0,0.0010459996,True,Roth09
LB,permissive,near-identical,0,0.38579807,False,Roth09
LB,permissive,near-identical,0,0.00064574,True,Roth09
LB,permissive,near-identical,1,0.00952653,True,Roth09
LB,permissive,near-identical,0,0.00952653,True,Roth09
LB,permissive,near-identical,0,0.012625401,True,Roth09
LB,permissive,near-identical,0,0.005433639,True,Roth09
LB,permissive,near-identical,0,0.0005131258,True,Roth09
LB,permissive,near-identical,0,0.013356506,True,Roth09
LB,permissive,near-identical,0,0.38579807,False,Roth09
LB,permissive,near-identical,0,0.012625401,True,Roth09
LB,permissive,near-identical,0,0.014910208,True,Roth09
LB,permissive,near-identical,0,0.014910208,True,Roth09
LB,permissive,near-identical,1,0.004363337,True,Roth09
LB,permissive,near-identical,0,0.0012878794,True,Roth09
LB,permissive,near-identical,0,0.0012878794,True,Roth09
LB,permissive,near-identical,0,0.38579807,False,Roth09
LB,permissive,near-identical,0,0.38579807,False,Roth09
LB,permissive,near-identical,0,0.001416974,True,Roth09
LB,permissive,near-identical,0,0.012155367,True,Roth09
LB,permissive,near-identical,0,0.012155367,True,Roth09
LB,permissive,near-identical,0,0.012155367,True,Roth09
LB,permissive,near-identical,0,0.012155367,True,Roth09
LB,permissive,near-identical,0,0.012155367,True,Roth09
LB,permissive,near-identical,1,0.00064386264,True,Roth09
LB,permissive,near-identical,0,0.005433639,True,Roth09
LB,permissive,near-identical,0,0.005433639,True,Roth09
LB,permissive,near-identical,0,0.00064386264,True,Roth09
LB,permissive,near-identical,0,0.00952653,True,Roth09
LB,permissive,near-identical,0,0.00952653,True,Roth09
LB,permissive,near-identical,0,0.00952653,True,Roth09
LB,permissive,near-identical,0,0.00952653,True,Roth09
LB,permissive,near-identical,0,0.00952653,True,Roth09
LB,permissive,near-identical,0,0.00952653,True,Roth09
LB,permissive,near-identical,0,0.00952653,True,Roth09
LB,permissive,near-identical,0,0.00952653,True,Roth09
LB,permissive,near-identical,0,0.06315032,True,Roth93
LB,permissive,near-identical,0,0.06315032,True,Roth93
LB,permissive,near-identical,0,0.06315032,True,Roth93
LB,permissive,near-identical,0,0.45658138,False,Roth93
LB,permissive,near-identical,0,0.0010211311,True,Roth93
LB,permissive,near-identical,1,0.0010892443,True,Roth93
LB,permissive,near-identical,0,0.45658138,False,Roth93
LB,permissive,near-identical,0,0.04382665,True,Roth93
LB,permissive,near-identical,0,0.015659481,True,Roth93
LB,permissive,near-identical,0,0.45658138,False,Roth93
LB,permissive,near-identical,0,0.07530741,True,Roth93
LB,permissive,near-identical,0,0.0009491511,True,Roth93
LB,permissive,near-identical,0,0.009066344,True,Roth93
LB,permissive,near-identical,0,0.009066344,True,Roth93
LB,permissive,near-identical,0,0.00058893114,True,Roth93
LB,permissive,near-identical,0,0.00058893114,True,Roth93
LB,permissive,near-identical,1,0.0006599586,True,Roth93
LB,permissive,near-identical,0,0.00058893114,True,Roth93
LB,permissive,near-identical,0,0.45658138,False,Roth93
LB,permissive,near-identical,0,0.45658138,False,Roth93
LB,permissive,near-identical,0,0.0022015865,True,Roth93
LB,permissive,near-identical,0,0.45658138,False,Roth93
LB,permissive,near-identical,0,0.45658138,False,Roth93
LB,permissive,near-identical,0,0.0022015865,True,Roth93
LB,permissive,near-identical,0,0.0022015865,True,Roth93
LB,permissive,near-identical,1,0.45658138,False,Roth93
LB,permissive,near-identical,0,0.45658138,False,Roth93
LB,permissive,near-identical,0,0.0017219532,True,Roth93
LB,permissive,near-identical,1,0.07728752,True,Roth93
LB,permissive,near-identical,0,0.05420676,True,Roth93
LB,permissive,near-identical,0,0.021264207,True,Roth93
LB,permissive,near-identical,0,0.006891129,True,Roth93
LB,permissive,near-identical,0,0.45658138,False,Roth93
LB,permissive,near-identical,0,0.45658138,False,Roth93
LB,permissive,near-identical,0,0.45658138,False,Roth93
LB,permissive,near-identical,0,0.009066344,True,Roth93
LB,permissive,near-identical,0,0.0010211311,True,Roth93
LB,permissive,near-identical,0,0.0010211311,True,Roth93
LB,permissive,near-identical,0,0.0011946054,True,Roth93
LB,permissive,near-identical,0,0.45658138,False,Roth93
LB,permissive,near-identical,0,0.0008635703,True,Roth93
LB,permissive,near-identical,1,0.012702072,True,Roth93
LB,permissive,near-identical,0,0.012702072,True,Roth93
LB,permissive,near-identical,0,0.015659481,True,Roth93
LB,permissive,near-identical,0,0.009066344,True,Roth93
LB,permissive,near-identical,0,0.00058893114,True,Roth93
LB,permissive,near-identical,0,0.34634572,True,Roth93
LB,permissive,near-identical,0,0.45658138,False,Roth93
LB,permissive,near-identical,0,0.015659481,True,Roth93
LB,permissive,near-identical,0,0.02429088,True,Roth93
LB,permissive,near-identical,0,0.02429088,True,Roth93
LB,permissive,near-identical,1,0.0034820358,True,Roth93
LB,permissive,near-identical,0,0.0017219532,True,Roth93
LB,permissive,near-identical,0,0.0017219532,True,Roth93
LB,permissive,near-identical,0,0.45658138,False,Roth93
LB,permissive,near-identical,0,0.45658138,False,Roth93
LB,permissive,near-identical,0,0.001658092,True,Roth93
LB,permissive,near-identical,0,0.011907996,True,Roth93
LB,permissive,near-identical,0,0.011907996,True,Roth93
LB,permissive,near-identical,0,0.011907996,True,Roth93
LB,permissive,near-identical,0,0.011907996,True,Roth93
LB,permissive,near-identical,0,0.011907996,True,Roth93
LB,permissive,near-identical,1,0.0008048832,True,Roth93
LB,permissive,near-identical,0,0.009066344,True,Roth93
LB,permissive,near-identical,0,0.009066344,True,Roth93
LB,permissive,near-identical,0,0.0008048832,True,Roth93
LB,permissive,near-identical,0,0.012702072,True,Roth93
LB,permissive,near-identical,0,0.012702072,True,Roth93
LB,permissive,near-identical,0,0.012702072,True,Roth93
LB,permissive,near-identical,0,0.012702072,True,Roth93
LB,permissive,near-identical,1,0.012702072,True,Roth93
LB,permissive,near-identical,0,0.012702072,True,Roth93
LB,permissive,near-identical,0,0.012702072,True,Roth93
LB,permissive,near-identical,0,0.012702072,True,Roth93
LB,permissive,near-identical,0,0.034962643,True,Roth85
LB,permissive,near-identical,1,0.034962643,True,Roth85
LB,permissive,near-identical,0,0.034962643,True,Roth85
LB,permissive,near-identical,0,0.45658138,False,Roth85
LB,permissive,near-identical,0,0.0010211311,True,Roth85
LB,permissive,near-identical,1,0.0010892443,True,Roth85
LB,permissive,near-identical,0,0.45658138,False,Roth85
LB,permissive,near-identical,0,0.06692262,True,Roth85
LB,permissive,near-identical,0,0.06071237,True,Roth85
LB,permissive,near-identical,0,0.45658138,False,Roth85
LB,permissive,near-identical,0,0.07530741,True,Roth85
LB,permissive,near-identical,0,0.0009491511,True,Roth85
LB,permissive,near-identical,0,0.01676527,True,Roth85
LB,permissive,near-identical,0,0.01676527,True,Roth85
LB,permissive,near-identical,0,0.00058893114,True,Roth85
LB,permissive,near-identical,0,0.00058893114,True,Roth85
LB,permissive,near-identical,1,0.0006599586,True,Roth85
LB,permissive,near-identical,0,0.00058893114,True,Roth85
LB,permissive,near-identical,1,0.45658138,False,Roth85
LB,permissive,near-identical,0,0.45658138,False,Roth85
LB,permissive,near-identical,0,0.0022015865,True,Roth85
LB,permissive,near-identical,0,0.45658138,False,Roth85
LB,permissive,near-identical,0,0.45658138,False,Roth85
LB,permissive,near-identical,1,0.0022015865,True,Roth85
LB,permissive,near-identical,0,0.0022015865,True,Roth85
LB,permissive,near-identical,1,0.45658138,False,Roth85
LB,permissive,near-identical,0,0.45658138,False,Roth85
LB,permissive,near-identical,0,0.0017219532,True,Roth85
LB,permissive,near-identical,1,0.07728752,True,Roth85
LB,permissive,near-identical,0,0.110469654,True,Roth85
LB,permissive,near-identical,0,0.021264207,True,Roth85
LB,permissive,near-identical,0,0.006891129,True,Roth85
LB,permissive,near-identical,0,0.45658138,False,Roth85
LB,permissive,near-identical,0,0.45658138,False,Roth85
LB,permissive,near-identical,0,0.45658138,False,Roth85
LB,permissive,near-identical,0,0.01676527,True,Roth85
LB,permissive,near-identical,0,0.0010211311,True,Roth85
LB,permissive,near-identical,0,0.0010211311,True,Roth85
LB,permissive,near-identical,0,0.0011946054,True,Roth85
LB,permissive,near-identical,0,0.45658138,False,Roth85
LB,permissive,near-identical,0,0.0008635703,True,Roth85
LB,permissive,near-identical,1,0.012702072,True,Roth85
LB,permissive,near-identical,0,0.012702072,True,Roth85
LB,permissive,near-identical,0,0.06071237,True,Roth85
LB,permissive,near-identical,0,0.01676527,True,Roth85
LB,permissive,near-identical,0,0.00058893114,True,Roth85
LB,permissive,near-identical,0,0.00944984,True,Roth85
LB,permissive,near-identical,0,0.45658138,False,Roth85
LB,permissive,near-identical,0,0.06071237,True,Roth85
LB,permissive,near-identical,0,0.02429088,True,Roth85
LB,permissive,near-identical,0,0.02429088,True,Roth85
LB,permissive,near-identical,1,0.0040069045,True,Roth85
LB,permissive,near-identical,0,0.0017219532,True,Roth85
LB,permissive,near-identical,0,0.0017219532,True,Roth85
LB,permissive,near-identical,0,0.45658138,False,Roth85
LB,permissive,near-identical,1,0.45658138,False,Roth85
LB,permissive,near-identical,0,0.001658092,True,Roth85
LB,permissive,near-identical,0,0.011907996,True,Roth85
LB,permissive,near-identical,0,0.011907996,True,Roth85
LB,permissive,near-identical,0,0.011907996,True,Roth85
LB,permissive,near-identical,0,0.011907996,True,Roth85
LB,permissive,near-identical,0,0.011907996,True,Roth85
LB,permissive,near-identical,1,0.0008048832,True,Roth85
LB,permissive,near-identical,0,0.01676527,True,Roth85
LB,permissive,near-identical,1,0.01676527,True,Roth85
LB,permissive,near-identical,0,0.0008048832,True,Roth85
LB,permissive,near-identical,0,0.012702072,True,Roth85
LB,permissive,near-identical,0,0.012702072,True,Roth85
LB,permissive,near-identical,0,0.012702072,True,Roth85
LB,permissive,near-identical,0,0.012702072,True,Roth85
LB,permissive,near-identical,1,0.012702072,True,Roth85
LB,permissive,near-identical,0,0.012702072,True,Roth85
LB,permissive,near-identical,0,0.012702072,True,Roth85
LB,permissive,near-identical,0,0.012702072,True,Roth85
LB,permissive,near-identical,0,0.06315032,True,Roth61
LB,permissive,near-identical,0,0.06315032,True,Roth61
LB,permissive,near-identical,0,0.06315032,True,Roth61
LB,permissive,near-identical,0,0.45658138,False,Roth61
LB,permissive,near-identical,0,0.0010211311,True,Roth61
LB,permissive,near-identical,0,0.0010892443,True,Roth61
LB,permissive,near-identical,0,0.45658138,False,Roth61
LB,permissive,near-identical,0,0.04382665,True,Roth61
LB,permissive,near-identical,0,0.015659481,True,Roth61
LB,permissive,near-identical,0,0.45658138,False,Roth61
LB,permissive,near-identical,0,0.07530741,True,Roth61
LB,permissive,near-identical,0,0.0009491511,True,Roth61
LB,permissive,near-identical,0,0.009066344,True,Roth61
LB,permissive,near-identical,0,0.009066344,True,Roth61
LB,permissive,near-identical,0,0.00058893114,True,Roth61
LB,permissive,near-identical,0,0.00058893114,True,Roth61
LB,permissive,near-identical,1,0.0006599586,True,Roth61
LB,permissive,near-identical,0,0.00058893114,True,Roth61
LB,permissive,near-identical,0,0.45658138,False,Roth61
LB,permissive,near-identical,0,0.45658138,False,Roth61
LB,permissive,near-identical,0,0.0022015865,True,Roth61
LB,permissive,near-identical,0,0.45658138,False,Roth61
LB,permissive,near-identical,0,0.45658138,False,Roth61
LB,permissive,near-identical,0,0.0022015865,True,Roth61
LB,permissive,near-identical,0,0.0022015865,True,Roth61
LB,permissive,near-identical,1,0.45658138,False,Roth61
LB,permissive,near-identical,0,0.45658138,False,Roth61
LB,permissive,near-identical,0,0.0017219532,True,Roth61
LB,permissive,near-identical,1,0.07728752,True,Roth61
LB,permissive,near-identical,0,0.05420676,True,Roth61
LB,permissive,near-identical,0,0.021264207,True,Roth61
LB,permissive,near-identical,0,0.006891129,True,Roth61
LB,permissive,near-identical,0,0.45658138,False,Roth61
LB,permissive,near-identical,0,0.45658138,False,Roth61
LB,permissive,near-identical,0,0.45658138,False,Roth61
LB,permissive,near-identical,0,0.009066344,True,Roth61
LB,permissive,near-identical,0,0.0010211311,True,Roth61
LB,permissive,near-identical,0,0.0010211311,True,Roth61
LB,permissive,near-identical,0,0.0011946054,True,Roth61
LB,permissive,near-identical,0,0.45658138,False,Roth61
LB,permissive,near-identical,0,0.0008635703,True,Roth61
LB,permissive,near-identical,1,0.012702072,True,Roth61
LB,permissive,near-identical,0,0.012702072,True,Roth61
LB,permissive,near-identical,0,0.015659481,True,Roth61
LB,permissive,near-identical,0,0.009066344,True,Roth61
LB,permissive,near-identical,0,0.00058893114,True,Roth61
LB,permissive,near-identical,0,0.34634572,True,Roth61
LB,permissive,near-identical,0,0.45658138,False,Roth61
LB,permissive,near-identical,0,0.015659481,True,Roth61
LB,permissive,near-identical,0,0.02429088,True,Roth61
LB,permissive,near-identical,0,0.02429088,True,Roth61
LB,permissive,near-identical,1,0.0034820358,True,Roth61
LB,permissive,near-identical,0,0.0017219532,True,Roth61
LB,permissive,near-identical,0,0.0017219532,True,Roth61
LB,permissive,near-identical,0,0.45658138,False,Roth61
LB,permissive,near-identical,0,0.45658138,False,Roth61
LB,permissive,near-identical,0,0.001658092,True,Roth61
LB,permissive,near-identical,0,0.011907996,True,Roth61
LB,permissive,near-identical,0,0.011907996,True,Roth61
LB,permissive,near-identical,0,0.011907996,True,Roth61
LB,permissive,near-identical,0,0.011907996,True,Roth61
LB,permissive,near-identical,0,0.011907996,True,Roth61
LB,permissive,near-identical,1,0.0008048832,True,Roth61
LB,permissive,near-identical,0,0.009066344,True,Roth61
LB,permissive,near-identical,1,0.009066344,True,Roth61
LB,permissive,near-identical,0,0.0008048832,True,Roth61
LB,permissive,near-identical,0,0.012702072,True,Roth61
LB,permissive,near-identical,0,0.012702072,True,Roth61
LB,permissive,near-identical,0,0.012702072,True,Roth61
LB,permissive,near-identical,0,0.012702072,True,Roth61
LB,permissive,near-identical,1,0.012702072,True,Roth61
LB,permissive,near-identical,0,0.012702072,True,Roth61
LB,permissive,near-identical,0,0.012702072,True,Roth61
LB,permissive,near-identical,0,0.012702072,True,Roth61
LB,permissive,near-identical,0,0.034962643,True,Roth47
LB,permissive,near-identical,0,0.034962643,True,Roth47
LB,permissive,near-identical,0,0.034962643,True,Roth47
LB,permissive,near-identical,0,0.45658138,False,Roth47
LB,permissive,near-identical,0,0.0010211311,True,Roth47
LB,permissive,near-identical,1,0.0010892443,True,Roth47
LB,permissive,near-identical,0,0.45658138,False,Roth47
LB,permissive,near-identical,0,0.04382665,True,Roth47
LB,permissive,near-identical,0,0.015659481,True,Roth47
LB,permissive,near-identical,0,0.45658138,False,Roth47
LB,permissive,near-identical,0,0.07530741,True,Roth47
LB,permissive,near-identical,0,0.0009491511,True,Roth47
LB,permissive,near-identical,0,0.009066344,True,Roth47
LB,permissive,near-identical,0,0.009066344,True,Roth47
LB,permissive,near-identical,0,0.00058893114,True,Roth47
LB,permissive,near-identical,0,0.00058893114,True,Roth47
LB,permissive,near-identical,0,0.0006599586,True,Roth47
LB,permissive,near-identical,0,0.00058893114,True,Roth47
LB,permissive,near-identical,0,0.45658138,False,Roth47
LB,permissive,near-identical,0,0.45658138,False,Roth47
LB,permissive,near-identical,0,0.0022015865,True,Roth47
LB,permissive,near-identical,0,0.45658138,False,Roth47
LB,permissive,near-identical,0,0.45658138,False,Roth47
LB,permissive,near-identical,0,0.0022015865,True,Roth47
LB,permissive,near-identical,0,0.0022015865,True,Roth47
LB,permissive,near-identical,1,0.45658138,False,Roth47
LB,permissive,near-identical,0,0.45658138,False,Roth47
LB,permissive,near-identical,0,0.0017219532,True,Roth47
LB,permissive,near-identical,1,0.07728752,True,Roth47
LB,permissive,near-identical,0,0.05420676,True,Roth47
LB,permissive,near-identical,1,0.021264207,True,Roth47
LB,permissive,near-identical,0,0.006891129,True,Roth47
LB,permissive,near-identical,0,0.45658138,False,Roth47
LB,permissive,near-identical,0,0.45658138,False,Roth47
LB,permissive,near-identical,0,0.45658138,False,Roth47
LB,permissive,near-identical,0,0.009066344,True,Roth47
LB,permissive,near-identical,0,0.0010211311,True,Roth47
LB,permissive,near-identical,0,0.0010211311,True,Roth47
LB,permissive,near-identical,0,0.0011946054,True,Roth47
LB,permissive,near-identical,0,0.45658138,False,Roth47
LB,permissive,near-identical,0,0.0008635703,True,Roth47
LB,permissive,near-identical,1,0.012702072,True,Roth47
LB,permissive,near-identical,0,0.012702072,True,Roth47
LB,permissive,near-identical,0,0.015659481,True,Roth47
LB,permissive,near-identical,0,0.009066344,True,Roth47
LB,permissive,near-identical,0,0.00058893114,True,Roth47
LB,permissive,near-identical,0,0.00944984,True,Roth47
LB,permissive,near-identical,0,0.45658138,False,Roth47
LB,permissive,near-identical,0,0.015659481,True,Roth47
LB,permissive,near-identical,0,0.02429088,True,Roth47
LB,permissive,near-identical,0,0.02429088,True,Roth47
LB,permissive,near-identical,1,0.0036224306,True,Roth47
LB,permissive,near-identical,0,0.0017219532,True,Roth47
LB,permissive,near-identical,0,0.0017219532,True,Roth47
LB,permissive,near-identical,0,0.45658138,False,Roth47
LB,permissive,near-identical,0,0.45658138,False,Roth47
LB,permissive,near-identical,0,0.001658092,True,Roth47
LB,permissive,near-identical,0,0.011907996,True,Roth47
LB,permissive,near-identical,0,0.011907996,True,Roth47
LB,permissive,near-identical,0,0.011907996,True,Roth47
LB,permissive,near-identical,0,0.011907996,True,Roth47
LB,permissive,near-identical,0,0.011907996,True,Roth47
LB,permissive,near-identical,1,0.0008048832,True,Roth47
LB,permissive,near-identical,0,0.009066344,True,Roth47
LB,permissive,near-identical,0,0.009066344,True,Roth47
LB,permissive,near-identical,0,0.0008048832,True,Roth47
LB,permissive,near-identical,0,0.012702072,True,Roth47
LB,permissive,near-identical,0,0.012702072,True,Roth47
LB,permissive,near-identical,0,0.012702072,True,Roth47
LB,permissive,near-identical,0,0.012702072,True,Roth47
LB,permissive,near-identical,0,0.012702072,True,Roth47
LB,permissive,near-identical,0,0.012702072,True,Roth47
LB,permissive,near-identical,0,0.012702072,True,Roth47
LB,permissive,near-identical,0,0.012702072,True,Roth47
LB,permissive,near-identical,0,0.034962643,True,Roth96
LB,permissive,near-identical,0,0.034962643,True,Roth96
LB,permissive,near-identical,0,0.034962643,True,Roth96
LB,permissive,near-identical,0,0.45658138,False,Roth96
LB,permissive,near-identical,0,0.0010211311,True,Roth96
LB,permissive,near-identical,1,0.0010892443,True,Roth96
LB,permissive,near-identical,0,0.45658138,False,Roth96
LB,permissive,near-identical,0,0.04382665,True,Roth96
LB,permissive,near-identical,0,0.025918633,True,Roth96
LB,permissive,near-identical,0,0.45658138,False,Roth96
LB,permissive,near-identical,0,0.07530741,True,Roth96
LB,permissive,near-identical,0,0.0009491511,True,Roth96
LB,permissive,near-identical,0,0.009066344,True,Roth96
LB,permissive,near-identical,0,0.009066344,True,Roth96
LB,permissive,near-identical,0,0.00058893114,True,Roth96
LB,permissive,near-identical,0,0.00058893114,True,Roth96
LB,permissive,near-identical,0,0.0006599586,True,Roth96
LB,permissive,near-identical,0,0.00058893114,True,Roth96
LB,permissive,near-identical,0,0.45658138,False,Roth96
LB,permissive,near-identical,0,0.45658138,False,Roth96
LB,permissive,near-identical,0,0.0022015865,True,Roth96
LB,permissive,near-identical,0,0.45658138,False,Roth96
LB,permissive,near-identical,0,0.45658138,False,Roth96
LB,permissive,near-identical,0,0.0022015865,True,Roth96
LB,permissive,near-identical,0,0.0022015865,True,Roth96
LB,permissive,near-identical,1,0.45658138,False,Roth96
LB,permissive,near-identical,0,0.45658138,False,Roth96
LB,permissive,near-identical,0,0.0017219532,True,Roth96
LB,permissive,near-identical,1,0.07728752,True,Roth96
LB,permissive,near-identical,0,0.05420676,True,Roth96
LB,permissive,near-identical,1,0.021264207,True,Roth96
LB,permissive,near-identical,0,0.006891129,True,Roth96
LB,permissive,near-identical,0,0.45658138,False,Roth96
LB,permissive,near-identical,0,0.45658138,False,Roth96
LB,permissive,near-identical,0,0.45658138,False,Roth96
LB,permissive,near-identical,0,0.009066344,True,Roth96
LB,permissive,near-identical,0,0.0010211311,True,Roth96
LB,permissive,near-identical,0,0.0010211311,True,Roth96
LB,permissive,near-identical,0,0.0011946054,True,Roth96
LB,permissive,near-identical,0,0.45658138,False,Roth96
LB,permissive,near-identical,0,0.0008635703,True,Roth96
LB,permissive,near-identical,1,0.012702072,True,Roth96
LB,permissive,near-identical,0,0.012702072,True,Roth96
LB,permissive,near-identical,0,0.025918633,True,Roth96
LB,permissive,near-identical,0,0.009066344,True,Roth96
LB,permissive,near-identical,0,0.00058893114,True,Roth96
LB,permissive,near-identical,0,0.00944984,True,Roth96
LB,permissive,near-identical,0,0.45658138,False,Roth96
LB,permissive,near-identical,0,0.025918633,True,Roth96
LB,permissive,near-identical,0,0.02429088,True,Roth96
LB,permissive,near-identical,0,0.02429088,True,Roth96
LB,permissive,near-identical,1,0.0058220625,True,Roth96
LB,permissive,near-identical,0,0.0017219532,True,Roth96
LB,permissive,near-identical,0,0.0017219532,True,Roth96
LB,permissive,near-identical,0,0.45658138,False,Roth96
LB,permissive,near-identical,0,0.45658138,False,Roth96
LB,permissive,near-identical,0,0.001658092,True,Roth96
LB,permissive,near-identical,0,0.011907996,True,Roth96
LB,permissive,near-identical,0,0.011907996,True,Roth96
LB,permissive,near-identical,0,0.011907996,True,Roth96
LB,permissive,near-identical,0,0.011907996,True,Roth96
LB,permissive,near-identical,0,0.011907996,True,Roth96
LB,permissive,near-identical,1,0.0008048832,True,Roth96
LB,permissive,near-identical,0,0.009066344,True,Roth96
LB,permissive,near-identical,0,0.009066344,True,Roth96
LB,permissive,near-identical,0,0.0008048832,True,Roth96
LB,permissive,near-identical,0,0.012702072,True,Roth96
LB,permissive,near-identical,0,0.012702072,True,Roth96
LB,permissive,near-identical,0,0.012702072,True,Roth96
LB,permissive,near-identical,0,0.012702072,True,Roth96
LB,permissive,near-identical,1,0.012702072,True,Roth96
LB,permissive,near-identical,0,0.012702072,True,Roth96
LB,permissive,near-identical,0,0.012702072,True,Roth96
LB,permissive,near-identical,0,0.012702072,True,Roth96
LB,permissive,near-identical,0,0.034962643,True,Roth72
LB,permissive,near-identical,0,0.034962643,True,Roth72
LB,permissive,near-identical,0,0.034962643,True,Roth72
LB,permissive,near-identical,0,0.45658138,False,Roth72
LB,permissive,near-identical,0,0.0010211311,True,Roth72
LB,permissive,near-identical,1,0.0010892443,True,Roth72
LB,permissive,near-identical,0,0.45658138,False,Roth72
LB,permissive,near-identical,0,0.04382665,True,Roth72
LB,permissive,near-identical,0,0.025918633,True,Roth72
LB,permissive,near-identical,0,0.45658138,False,Roth72
LB,permissive,near-identical,0,0.07530741,True,Roth72
LB,permissive,near-identical,0,0.0009491511,True,Roth72
LB,permissive,near-identical,0,0.009066344,True,Roth72
LB,permissive,near-identical,0,0.009066344,True,Roth72
LB,permissive,near-identical,0,0.00058893114,True,Roth72
LB,permissive,near-identical,0,0.00058893114,True,Roth72
LB,permissive,near-identical,0,0.0006599586,True,Roth72
LB,permissive,near-identical,0,0.00058893114,True,Roth72
LB,permissive,near-identical,0,0.45658138,False,Roth72
LB,permissive,near-identical,0,0.45658138,False,Roth72
LB,permissive,near-identical,0,0.0022015865,True,Roth72
LB,permissive,near-identical,0,0.45658138,False,Roth72
LB,permissive,near-identical,0,0.45658138,False,Roth72
LB,permissive,near-identical,0,0.0022015865,True,Roth72
LB,permissive,near-identical,0,0.0022015865,True,Roth72
LB,permissive,near-identical,1,0.45658138,False,Roth72
LB,permissive,near-identical,0,0.45658138,False,Roth72
LB,permissive,near-identical,0,0.0017219532,True,Roth72
LB,permissive,near-identical,1,0.07728752,True,Roth72
LB,permissive,near-identical,0,0.05420676,True,Roth72
LB,permissive,near-identical,0,0.021264207,True,Roth72
LB,permissive,near-identical,0,0.006891129,True,Roth72
LB,permissive,near-identical,0,0.45658138,False,Roth72
LB,permissive,near-identical,0,0.45658138,False,Roth72
LB,permissive,near-identical,0,0.45658138,False,Roth72
LB,permissive,near-identical,0,0.009066344,True,Roth72
LB,permissive,near-identical,0,0.0010211311,True,Roth72
LB,permissive,near-identical,0,0.0010211311,True,Roth72
LB,permissive,near-identical,0,0.0011946054,True,Roth72
LB,permissive,near-identical,0,0.45658138,False,Roth72
LB,permissive,near-identical,0,0.0008635703,True,Roth72
LB,permissive,near-identical,1,0.012702072,True,Roth72
LB,permissive,near-identical,0,0.012702072,True,Roth72
LB,permissive,near-identical,0,0.025918633,True,Roth72
LB,permissive,near-identical,0,0.009066344,True,Roth72
LB,permissive,near-identical,0,0.00058893114,True,Roth72
LB,permissive,near-identical,0,0.00944984,True,Roth72
LB,permissive,near-identical,0,0.45658138,False,Roth72
LB,permissive,near-identical,0,0.025918633,True,Roth72
LB,permissive,near-identical,0,0.02429088,True,Roth72
LB,permissive,near-identical,0,0.02429088,True,Roth72
LB,permissive,near-identical,1,0.0058220625,True,Roth72
LB,permissive,near-identical,0,0.0017219532,True,Roth72
LB,permissive,near-identical,0,0.0017219532,True,Roth72
LB,permissive,near-identical,0,0.45658138,False,Roth72
LB,permissive,near-identical,0,0.45658138,False,Roth72
LB,permissive,near-identical,0,0.001658092,True,Roth72
LB,permissive,near-identical,0,0.011907996,True,Roth72
LB,permissive,near-identical,0,0.011907996,True,Roth72
LB,permissive,near-identical,0,0.011907996,True,Roth72
LB,permissive,near-identical,0,0.011907996,True,Roth72
LB,permissive,near-identical,0,0.011907996,True,Roth72
LB,permissive,near-identical,1,0.0008048832,True,Roth72
LB,permissive,near-identical,0,0.009066344,True,Roth72
LB,permissive,near-identical,1,0.009066344,True,Roth72
LB,permissive,near-identical,0,0.0008048832,True,Roth72
LB,permissive,near-identical,0,0.012702072,True,Roth72
LB,permissive,near-identical,0,0.012702072,True,Roth72
LB,permissive,near-identical,0,0.012702072,True,Roth72
LB,permissive,near-identical,0,0.012702072,True,Roth72
LB,permissive,near-identical,0,0.012702072,True,Roth72
LB,permissive,near-identical,0,0.012702072,True,Roth72
LB,permissive,near-identical,0,0.012702072,True,Roth72
LB,permissive,near-identical,0,0.012702072,True,Roth72
LB,permissive,novel,0,0.0010054255,True,RothD
LB,permissive,novel,0,0.0010054255,True,RothD
LB,permissive,novel,0,0.0010054255,True,RothD
LB,permissive,novel,0,0.01227756,False,RothD
LB,permissive,novel,1,8.037652e-05,True,RothD
LB,permissive,novel,0,3.1206673e-05,True,RothD
LB,permissive,novel,0,0.01227756,False,RothD
LB,permissive,novel,0,0.0009141354,True,RothD
LB,permissive,novel,0,0.0002996932,True,RothD
LB,permissive,novel,0,0.01227756,False,RothD
LB,permissive,novel,0,0.00066546793,True,RothD
LB,permissive,novel,0,4.9398095e-05,True,RothD
LB,permissive,novel,0,0.00057658536,True,RothD
LB,permissive,novel,0,0.00057658536,True,RothD
LB,permissive,novel,0,4.0681345e-05,True,RothD
LB,permissive,novel,0,4.0681345e-05,True,RothD
LB,permissive,novel,0,2.0530448e-05,True,RothD
LB,permissive,novel,0,4.0681345e-05,True,RothD
LB,permissive,novel,0,0.01227756,False,RothD
LB,permissive,novel,0,0.01227756,False,RothD
LB,permissive,novel,0,0.0001326915,True,RothD
LB,permissive,novel,0,0.01227756,False,RothD
LB,permissive,novel,0,0.01227756,False,RothD
LB,permissive,novel,0,0.0001326915,True,RothD
LB,permissive,novel,0,0.0001326915,True,RothD
LB,permissive,novel,0,0.01227756,False,RothD
LB,permissive,novel,0,0.01227756,False,RothD
LB,permissive,novel,0,0.00018923216,True,RothD
LB,permissive,novel,0,0.010227197,True,RothD
LB,permissive,novel,0,0.014119121,True,RothD
LB,permissive,novel,0,0.0010350932,True,RothD
LB,permissive,novel,0,0.00018726815,True,RothD
LB,permissive,novel,0,0.01227756,False,RothD
LB,permissive,novel,0,0.01227756,False,RothD
LB,permissive,novel,0,0.01227756,False,RothD
LB,permissive,novel,0,0.00057658536,True,RothD
LB,permissive,novel,1,8.037652e-05,True,RothD
LB,permissive,novel,1,8.037652e-05,True,RothD
LB,permissive,novel,0,3.28675e-05,True,RothD
LB,permissive,novel,0,0.01227756,False,RothD
LB,permissive,novel,0,3.247645e-05,True,RothD
LB,permissive,novel,0,0.00025482778,True,RothD
LB,permissive,novel,0,0.00025482778,True,RothD
LB,permissive,novel,0,0.0002996932,True,RothD
LB,permissive,novel,0,0.00057658536,True,RothD
LB,permissive,novel,0,4.0681345e-05,True,RothD
LB,permissive,novel,0,0.00050054287,True,RothD
LB,permissive,novel,0,0.01227756,False,RothD
LB,permissive,novel,0,0.0002996932,True,RothD
LB,permissive,novel,0,0.00088611466,True,RothD
LB,permissive,novel,0,0.00088611466,True,RothD
LB,permissive,novel,0,0.0023878475,True,RothD
LB,permissive,novel,0,0.00018923216,True,RothD
LB,permissive,novel,0,0.00018923216,True,RothD
LB,permissive,novel,0,0.01227756,False,RothD
LB,permissive,novel,0,0.01227756,False,RothD
LB,permissive,novel,0,9.331983e-05,True,RothD
LB,permissive,novel,0,0.00020302723,True,RothD
LB,permissive,novel,0,0.00020302723,True,RothD
LB,permissive,novel,0,0.00020302723,True,RothD
LB,permissive,novel,0,0.00020302723,True,RothD
LB,permissive,novel,0,0.00020302723,True,RothD
LB,permissive,novel,0,4.010402e-05,True,RothD
LB,permissive,novel,0,0.00057658536,True,RothD
LB,permissive,novel,0,0.00057658536,True,RothD
LB,permissive,novel,0,4.010402e-05,True,RothD
LB,permissive,novel,0,0.00025482778,True,RothD
LB,permissive,novel,0,0.00025482778,True,RothD
LB,permissive,novel,0,0.00025482778,True,RothD
LB,permissive,novel,0,0.00025482778,True,RothD
LB,permissive,novel,0,0.00025482778,True,RothD
LB,permissive,novel,0,0.00025482778,True,RothD
LB,permissive,novel,0,0.00025482778,True,RothD
LB,permissive,novel,0,0.00025482778,True,RothD
LB,permissive,novel,0,0.052626207,True,Roth32
LB,permissive,novel,0,0.052626207,True,Roth32
LB,permissive,novel,0,0.052626207,True,Roth32
LB,permissive,novel,0,0.20002176,False,Roth32
LB,permissive,novel,0,0.0010200352,True,Roth32
LB,permissive,novel,0,0.000523154,True,Roth32
LB,permissive,novel,0,0.20002176,False,Roth32
LB,permissive,novel,0,0.0058071823,True,Roth32
LB,permissive,novel,0,0.010172744,True,Roth32
LB,permissive,novel,0,0.20002176,False,Roth32
LB,permissive,novel,0,0.0107591115,True,Roth32
LB,permissive,novel,0,0.00049764494,True,Roth32
LB,permissive,novel,0,0.0067176097,True,Roth32
LB,permissive,novel,0,0.0067176097,True,Roth32
LB,permissive,novel,0,0.0006083267,True,Roth32
LB,permissive,novel,0,0.0006083267,True,Roth32
LB,permissive,novel,0,0.00032048643,True,Roth32
LB,permissive,novel,0,0.0006083267,True,Roth32
LB,permissive,novel,0,0.20002176,False,Roth32
LB,permissive,novel,0,0.20002176,False,Roth32
LB,permissive,novel,0,0.00261861,True,Roth32
LB,permissive,novel,0,0.20002176,False,Roth32
LB,permissive,novel,0,0.20002176,False,Roth32
LB,permissive,novel,0,0.00261861,True,Roth32
LB,permissive,novel,0,0.00261861,True,Roth32
LB,permissive,novel,0,0.20002176,False,Roth32
LB,permissive,novel,0,0.20002176,False,Roth32
LB,permissive,novel,0,0.0019192183,True,Roth32
LB,permissive,novel,0,0.0029589408,True,Roth32
LB,permissive,novel,0,0.025944166,True,Roth32
LB,permissive,novel,0,0.02856261,True,Roth32
LB,permissive,novel,0,0.003362126,True,Roth32
LB,permissive,novel,0,0.20002176,False,Roth32
LB,permissive,novel,0,0.20002176,False,Roth32
LB,permissive,novel,0,0.20002176,False,Roth32
LB,permissive,novel,0,0.0067176097,True,Roth32
LB,permissive,novel,0,0.0010200352,True,Roth32
LB,permissive,novel,0,0.0010200352,True,Roth32
LB,permissive,novel,0,0.00067609054,True,Roth32
LB,permissive,novel,0,0.20002176,False,Roth32
LB,permissive,novel,0,0.0004110789,True,Roth32
LB,permissive,novel,0,0.0123888,True,Roth32
LB,permissive,novel,0,0.0123888,True,Roth32
LB,permissive,novel,0,0.010172744,True,Roth32
LB,permissive,novel,0,0.0067176097,True,Roth32
LB,permissive,novel,0,0.0006083267,True,Roth32
LB,permissive,novel,0,0.0123527795,True,Roth32
LB,permissive,novel,0,0.20002176,False,Roth32
LB,permissive,novel,0,0.010172744,True,Roth32
LB,permissive,novel,0,0.10697098,True,Roth32
LB,permissive,novel,1,0.10697098,True,Roth32
LB,permissive,novel,0,0.0004023832,True,Roth32
LB,permissive,novel,0,0.0019192183,True,Roth32
LB,permissive,novel,0,0.0019192183,True,Roth32
LB,permissive,novel,0,0.20002176,False,Roth32
LB,permissive,novel,0,0.20002176,False,Roth32
LB,permissive,novel,0,0.002073863,True,Roth32
LB,permissive,novel,0,0.005383942,True,Roth32
LB,permissive,novel,0,0.005383942,True,Roth32
LB,permissive,novel,0,0.005383942,True,Roth32
LB,permissive,novel,0,0.005383942,True,Roth32
LB,permissive,novel,0,0.005383942,True,Roth32
LB,permissive,novel,0,0.0007571992,True,Roth32
LB,permissive,novel,0,0.0067176097,True,Roth32
LB,permissive,novel,0,0.0067176097,True,Roth32
LB,permissive,novel,0,0.0007571992,True,Roth32
LB,permissive,novel,0,0.0123888,True,Roth32
LB,permissive,novel,0,0.0123888,True,Roth32
LB,permissive,novel,0,0.0123888,True,Roth32
LB,permissive,novel,0,0.0123888,True,Roth32
LB,permissive,novel,0,0.0123888,True,Roth32
LB,permissive,novel,0,0.0123888,True,Roth32
LB,permissive,novel,0,0.0123888,True,Roth32
LB,permissive,novel,0,0.0123888,True,Roth32
LB,permissive,related,0,0.06909864,True,RothG
LB,permissive,related,0,0.06909864,True,RothG
LB,permissive,related,0,0.06909864,True,RothG
LB,permissive,related,0,0.36133373,False,RothG
LB,permissive,related,1,0.0037444422,True,RothG
LB,permissive,related,0,0.0015940451,True,RothG
LB,permissive,related,0,0.36133373,False,RothG
LB,permissive,related,0,0.078829415,True,RothG
LB,permissive,related,0,0.010625207,True,RothG
LB,permissive,related,0,0.36133373,False,RothG
LB,permissive,related,0,0.009977921,True,RothG
LB,permissive,related,1,0.0010289958,True,RothG
LB,permissive,related,0,0.06483084,True,RothG
LB,permissive,related,0,0.06483084,True,RothG
LB,permissive,related,0,0.0013533417,True,RothG
LB,permissive,related,0,0.0013533417,True,RothG
LB,permissive,related,0,0.0011480259,True,RothG
LB,permissive,related,0,0.0013533417,True,RothG
LB,permissive,related,0,0.36133373,False,RothG
LB,permissive,related,0,0.36133373,False,RothG
LB,permissive,related,0,0.005833121,True,RothG
LB,permissive,related,0,0.36133373,False,RothG
LB,permissive,related,0,0.36133373,False,RothG
LB,permissive,related,0,0.005833121,True,RothG
LB,permissive,related,0,0.005833121,True,RothG
LB,permissive,related,0,0.36133373,False,RothG
LB,permissive,related,0,0.36133373,False,RothG
LB,permissive,related,0,0.0043322016,True,RothG
LB,permissive,related,0,0.0019957866,True,RothG
LB,permissive,related,0,0.025837315,True,RothG
LB,permissive,related,0,0.3472311,True,RothG
LB,permissive,related,0,0.0066781896,True,RothG
LB,permissive,related,0,0.36133373,False,RothG
LB,permissive,related,0,0.36133373,False,RothG
LB,permissive,related,0,0.36133373,False,RothG
LB,permissive,related,0,0.06483084,True,RothG
LB,permissive,related,1,0.0037444422,True,RothG
LB,permissive,related,1,0.0037444422,True,RothG
LB,permissive,related,0,0.0011318674,True,RothG
LB,permissive,related,0,0.36133373,False,RothG
LB,permissive,related,0,0.0012059761,True,RothG
LB,permissive,related,0,0.026914107,True,RothG
LB,permissive,related,0,0.026914107,True,RothG
LB,permissive,related,0,0.010625207,True,RothG
LB,permissive,related,0,0.06483084,True,RothG
LB,permissive,related,0,0.0013533417,True,RothG
LB,permissive,related,0,0.030591713,True,RothG
LB,permissive,related,0,0.36133373,False,RothG
LB,permissive,related,0,0.010625207,True,RothG
LB,permissive,related,0,0.017459532,True,RothG
LB,permissive,related,0,0.017459532,True,RothG
LB,permissive,related,0,0.35589752,True,RothG
LB,permissive,related,0,0.0043322016,True,RothG
LB,permissive,related,0,0.0043322016,True,RothG
LB,permissive,related,0,0.36133373,False,RothG
LB,permissive,related,0,0.36133373,False,RothG
LB,permissive,related,0,0.004601248,True,RothG
LB,permissive,related,0,0.0029630177,True,RothG
LB,permissive,related,0,0.0029630177,True,RothG
LB,permissive,related,0,0.0029630177,True,RothG
LB,permissive,related,0,0.0029630177,True,RothG
LB,permissive,related,0,0.0029630177,True,RothG
LB,permissive,related,0,0.0018035414,True,RothG
LB,permissive,related,0,0.06483084,True,RothG
LB,permissive,related,0,0.06483084,True,RothG
LB,permissive,related,0,0.0018035414,True,RothG
LB,permissive,related,0,0.026914107,True,RothG
LB,permissive,related,0,0.026914107,True,RothG
LB,permissive,related,0,0.026914107,True,RothG
LB,permissive,related,0,0.026914107,True,RothG
LB,permissive,related,0,0.026914107,True,RothG
LB,permissive,related,0,0.026914107,True,RothG
LB,permissive,related,0,0.026914107,True,RothG
LB,permissive,related,0,0.026914107,True,RothG
LB,permissive,related,0,0.067762665,True,RothJ
LB,permissive,related,0,0.067762665,True,RothJ
LB,permissive,related,0,0.067762665,True,RothJ
LB,permissive,related,0,0.3271599,False,RothJ
LB,permissive,related,1,0.0032198033,True,RothJ
LB,permissive,related,0,0.0013702876,True,RothJ
LB,permissive,related,0,0.3271599,False,RothJ
LB,permissive,related,0,0.038293656,True,RothJ
LB,permissive,related,0,0.00914535,True,RothJ
LB,permissive,related,0,0.3271599,False,RothJ
LB,permissive,related,0,0.008587446,True,RothJ
LB,permissive,related,1,0.0008844845,True,RothJ
LB,permissive,related,0,0.037369456,True,RothJ
LB,permissive,related,0,0.037369456,True,RothJ
LB,permissive,related,0,0.001163332,True,RothJ
LB,permissive,related,0,0.001163332,True,RothJ
LB,permissive,related,0,0.0008565684,True,RothJ
LB,permissive,related,0,0.001163332,True,RothJ
LB,permissive,related,0,0.3271599,False,RothJ
LB,permissive,related,0,0.3271599,False,RothJ
LB,permissive,related,0,0.005017306,True,RothJ
LB,permissive,related,0,0.3271599,False,RothJ
LB,permissive,related,0,0.3271599,False,RothJ
LB,permissive,related,0,0.005017306,True,RothJ
LB,permissive,related,0,0.005017306,True,RothJ
LB,permissive,related,0,0.3271599,False,RothJ
LB,permissive,related,0,0.3271599,False,RothJ
LB,permissive,related,0,0.0037255208,True,RothJ
LB,permissive,related,0,0.0017157315,True,RothJ
LB,permissive,related,0,0.028243285,True,RothJ
LB,permissive,related,0,0.4862301,True,RothJ
LB,permissive,related,0,0.0057448675,True,RothJ
LB,permissive,related,0,0.3271599,False,RothJ
LB,permissive,related,0,0.3271599,False,RothJ
LB,permissive,related,0,0.3271599,False,RothJ
LB,permissive,related,0,0.037369456,True,RothJ
LB,permissive,related,1,0.0032198033,True,RothJ
LB,permissive,related,1,0.0032198033,True,RothJ
LB,permissive,related,0,0.00084450876,True,RothJ
LB,permissive,related,0,0.3271599,False,RothJ
LB,permissive,related,0,0.0010366357,True,RothJ
LB,permissive,related,0,0.02321882,True,RothJ
LB,permissive,related,0,0.02321882,True,RothJ
LB,permissive,related,0,0.00914535,True,RothJ
LB,permissive,related,0,0.037369456,True,RothJ
LB,permissive,related,0,0.001163332,True,RothJ
LB,permissive,related,0,0.02640518,True,RothJ
LB,permissive,related,0,0.3271599,False,RothJ
LB,permissive,related,0,0.00914535,True,RothJ
LB,permissive,related,0,0.015042283,True,RothJ
LB,permissive,related,0,0.015042283,True,RothJ
LB,permissive,related,0,0.53966594,True,RothJ
LB,permissive,related,0,0.0037255208,True,RothJ
LB,permissive,related,0,0.0037255208,True,RothJ
LB,permissive,related,0,0.3271599,False,RothJ
LB,permissive,related,0,0.3271599,False,RothJ
LB,permissive,related,0,0.00395704,True,RothJ
LB,permissive,related,0,0.002547588,True,RothJ
LB,permissive,related,0,0.002547588,True,RothJ
LB,permissive,related,0,0.002547588,True,RothJ
LB,permissive,related,0,0.002547588,True,RothJ
LB,permissive,related,0,0.002547588,True,RothJ
LB,permissive,related,0,0.0015504218,True,RothJ
LB,permissive,related,0,0.037369456,True,RothJ
LB,permissive,related,0,0.037369456,True,RothJ
LB,permissive,related,0,0.0015504218,True,RothJ
LB,permissive,related,0,0.02321882,True,RothJ
LB,permissive,related,0,0.02321882,True,RothJ
LB,permissive,related,0,0.02321882,True,RothJ
LB,permissive,related,0,0.02321882,True,RothJ
LB,permissive,related,0,0.02321882,True,RothJ
LB,permissive,related,0,0.02321882,True,RothJ
LB,permissive,related,0,0.02321882,True,RothJ
LB,permissive,related,0,0.02321882,True,RothJ
LB,permissive,related,0,0.084019035,True,RothI
LB,permissive,related,0,0.084019035,True,RothI
LB,permissive,related,0,0.084019035,True,RothI
LB,permissive,related,0,0.38026232,False,RothI
LB,permissive,related,1,0.0037984394,True,RothI
LB,permissive,related,0,0.0017508175,True,RothI
LB,permissive,related,1,0.38026232,False,RothI
LB,permissive,related,0,0.062065396,True,RothI
LB,permissive,related,0,0.011512988,True,RothI
LB,permissive,related,0,0.38026232,False,RothI
LB,permissive,related,0,0.010812235,True,RothI
LB,permissive,related,1,0.0011158776,True,RothI
LB,permissive,related,0,0.0699276,True,RothI
LB,permissive,related,0,0.0699276,True,RothI
LB,permissive,related,0,0.0014864772,True,RothI
LB,permissive,related,0,0.0014864772,True,RothI
LB,permissive,related,0,0.0012449446,True,RothI
LB,permissive,related,0,0.0014864772,True,RothI
LB,permissive,related,0,0.38026232,False,RothI
LB,permissive,related,0,0.38026232,False,RothI
LB,permissive,related,0,0.0064041275,True,RothI
LB,permissive,related,0,0.38026232,False,RothI
LB,permissive,related,0,0.38026232,False,RothI
LB,permissive,related,0,0.0064041275,True,RothI
LB,permissive,related,0,0.0064041275,True,RothI
LB,permissive,related,0,0.38026232,False,RothI
LB,permissive,related,0,0.38026232,False,RothI
LB,permissive,related,0,0.004696678,True,RothI
LB,permissive,related,0,0.002164121,True,RothI
LB,permissive,related,0,0.035378657,True,RothI
LB,permissive,related,0,0.5647564,True,RothI
LB,permissive,related,0,0.0072385836,True,RothI
LB,permissive,related,0,0.38026232,False,RothI
LB,permissive,related,0,0.38026232,False,RothI
LB,permissive,related,0,0.38026232,False,RothI
LB,permissive,related,0,0.0699276,True,RothI
LB,permissive,related,1,0.0037984394,True,RothI
LB,permissive,related,1,0.0037984394,True,RothI
LB,permissive,related,0,0.0012274244,True,RothI
LB,permissive,related,0,0.38026232,False,RothI
LB,permissive,related,0,0.0013077814,True,RothI
LB,permissive,related,0,0.018170092,True,RothI
LB,permissive,related,0,0.018170092,True,RothI
LB,permissive,related,0,0.011512988,True,RothI
LB,permissive,related,0,0.0699276,True,RothI
LB,permissive,related,0,0.0014864772,True,RothI
LB,permissive,related,0,0.03941174,True,RothI
LB,permissive,related,0,0.38026232,False,RothI
LB,permissive,related,0,0.011512988,True,RothI
LB,permissive,related,0,0.011750097,True,RothI
LB,permissive,related,0,0.011750097,True,RothI
LB,permissive,related,0,0.58187765,True,RothI
LB,permissive,related,0,0.004696678,True,RothI
LB,permissive,related,0,0.004696678,True,RothI
LB,permissive,related,0,0.38026232,False,RothI
LB,permissive,related,0,0.38026232,False,RothI
LB,permissive,related,0,0.0049882466,True,RothI
LB,permissive,related,0,0.0035346835,True,RothI
LB,permissive,related,0,0.0035346835,True,RothI
LB,permissive,related,0,0.0035346835,True,RothI
LB,permissive,related,0,0.0035346835,True,RothI
LB,permissive,related,0,0.0035346835,True,RothI
LB,permissive,related,0,0.0019808759,True,RothI
LB,permissive,related,0,0.0699276,True,RothI
LB,permissive,related,0,0.0699276,True,RothI
LB,permissive,related,0,0.0019808759,True,RothI
LB,permissive,related,0,0.018170092,True,RothI
LB,permissive,related,0,0.018170092,True,RothI
LB,permissive,related,0,0.018170092,True,RothI
LB,permissive,related,0,0.018170092,True,RothI
LB,permissive,related,0,0.018170092,True,RothI
LB,permissive,related,0,0.018170092,True,RothI
LB,permissive,related,0,0.018170092,True,RothI
LB,permissive,related,0,0.018170092,True,RothI
LB,permissive,novel,1,0.2291066,True,Roth88
LB,permissive,novel,1,0.2291066,True,Roth88
LB,permissive,novel,1,0.2291066,True,Roth88
LB,permissive,novel,1,0.45841157,False,Roth88
LB,permissive,novel,0,0.0016465558,True,Roth88
LB,permissive,novel,1,0.00051433925,True,Roth88
LB,permissive,novel,0,0.45841157,False,Roth88
LB,permissive,novel,0,0.072110854,True,Roth88
LB,permissive,novel,1,0.07831333,True,Roth88
LB,permissive,novel,0,0.45841157,False,Roth88
LB,permissive,novel,0,0.36229432,True,Roth88
LB,permissive,novel,0,0.0008528632,True,Roth88
LB,permissive,novel,0,0.043709822,True,Roth88
LB,permissive,novel,1,0.043709822,True,Roth88
LB,permissive,novel,0,0.00096163247,True,Roth88
LB,permissive,novel,0,0.00096163247,True,Roth88
LB,permissive,novel,1,0.00044536253,True,Roth88
LB,permissive,novel,1,0.00096163247,True,Roth88
LB,permissive,novel,0,0.45841157,False,Roth88
LB,permissive,novel,0,0.45841157,False,Roth88
LB,permissive,novel,0,0.004249051,True,Roth88
LB,permissive,novel,0,0.45841157,False,Roth88
LB,permissive,novel,0,0.45841157,False,Roth88
LB,permissive,novel,1,0.004249051,True,Roth88
LB,permissive,novel,0,0.004249051,True,Roth88
LB,permissive,novel,0,0.45841157,False,Roth88
LB,permissive,novel,0,0.45841157,False,Roth88
LB,permissive,novel,1,0.0032117805,True,Roth88
LB,permissive,novel,0,0.0051123127,True,Roth88
LB,permissive,novel,1,0.36624837,True,Roth88
LB,permissive,novel,0,0.06646945,True,Roth88
LB,permissive,novel,0,0.0035601738,True,Roth88
LB,permissive,novel,1,0.45841157,False,Roth88
LB,permissive,novel,0,0.45841157,False,Roth88
LB,permissive,novel,0,0.45841157,False,Roth88
LB,permissive,novel,0,0.043709822,True,Roth88
LB,permissive,novel,1,0.0016465558,True,Roth88
LB,permissive,novel,0,0.0016465558,True,Roth88
LB,permissive,novel,1,0.00078859046,True,Roth88
LB,permissive,novel,0,0.45841157,False,Roth88
LB,permissive,novel,0,0.0004349741,True,Roth88
LB,permissive,novel,1,0.07842935,True,Roth88
LB,permissive,novel,0,0.07842935,True,Roth88
LB,permissive,novel,0,0.07831333,True,Roth88
LB,permissive,novel,0,0.043709822,True,Roth88
LB,permissive,novel,0,0.00096163247,True,Roth88
LB,permissive,novel,0,0.7441557,True,Roth88
LB,permissive,novel,1,0.45841157,False,Roth88
LB,permissive,novel,0,0.07831333,True,Roth88
LB,permissive,novel,0,0.0055883853,True,Roth88
LB,permissive,novel,1,0.0055883853,True,Roth88
LB,permissive,novel,1,0.12720983,True,Roth88
LB,permissive,novel,0,0.0032117805,True,Roth88
LB,permissive,novel,1,0.0032117805,True,Roth88
LB,permissive,novel,1,0.45841157,False,Roth88
LB,permissive,novel,0,0.45841157,False,Roth88
LB,permissive,novel,1,0.004332839,True,Roth88
LB,permissive,novel,0,0.00094154244,True,Roth88
LB,permissive,novel,0,0.00094154244,True,Roth88
LB,permissive,novel,0,0.00094154244,True,Roth88
LB,permissive,novel,1,0.00094154244,True,Roth88
LB,permissive,novel,0,0.00094154244,True,Roth88
LB,permissive,novel,1,0.0012065041,True,Roth88
LB,permissive,novel,0,0.043709822,True,Roth88
LB,permissive,novel,1,0.043709822,True,Roth88
LB,permissive,novel,1,0.0012065041,True,Roth88
LB,permissive,novel,0,0.07842935,True,Roth88
LB,permissive,novel,0,0.07842935,True,Roth88
LB,permissive,novel,1,0.07842935,True,Roth88
LB,permissive,novel,0,0.07842935,True,Roth88
LB,permissive,novel,1,0.07842935,True,Roth88
LB,permissive,novel,1,0.07842935,True,Roth88
LB,permissive,novel,0,0.07842935,True,Roth88
LB,permissive,novel,0,0.07842935,True,Roth88
LB,permissive,novel,1,0.2291066,True,Roth27
LB,permissive,novel,1,0.2291066,True,Roth27
LB,permissive,novel,1,0.2291066,True,Roth27
LB,permissive,novel,1,0.45841157,False,Roth27
LB,permissive,novel,1,0.0016465558,True,Roth27
LB,permissive,novel,1,0.00051433925,True,Roth27
LB,permissive,novel,0,0.45841157,False,Roth27
LB,permissive,novel,0,0.072110854,True,Roth27
LB,permissive,novel,1,0.07831333,True,Roth27
LB,permissive,novel,0,0.45841157,False,Roth27
LB,permissive,novel,0,0.36229432,True,Roth27
LB,permissive,novel,0,0.0008528632,True,Roth27
LB,permissive,novel,0,0.043709822,True,Roth27
LB,permissive,novel,0,0.043709822,True,Roth27
LB,permissive,novel,0,0.00096163247,True,Roth27
LB,permissive,novel,0,0.00096163247,True,Roth27
LB,permissive,novel,0,0.00044536253,True,Roth27
LB,permissive,novel,0,0.00096163247,True,Roth27
LB,permissive,novel,0,0.45841157,False,Roth27
LB,permissive,novel,1,0.45841157,False,Roth27
LB,permissive,novel,0,0.004249051,True,Roth27
LB,permissive,novel,0,0.45841157,False,Roth27
LB,permissive,novel,0,0.45841157,False,Roth27
LB,permissive,novel,0,0.004249051,True,Roth27
LB,permissive,novel,0,0.004249051,True,Roth27
LB,permissive,novel,1,0.45841157,False,Roth27
LB,permissive,novel,0,0.45841157,False,Roth27
LB,permissive,novel,1,0.0032117805,True,Roth27
LB,permissive,novel,1,0.0051123127,True,Roth27
LB,permissive,novel,1,0.36624837,True,Roth27
LB,permissive,novel,0,0.06646945,True,Roth27
LB,permissive,novel,0,0.0035601738,True,Roth27
LB,permissive,novel,1,0.45841157,False,Roth27
LB,permissive,novel,1,0.45841157,False,Roth27
LB,permissive,novel,1,0.45841157,False,Roth27
LB,permissive,novel,0,0.043709822,True,Roth27
LB,permissive,novel,1,0.0016465558,True,Roth27
LB,permissive,novel,1,0.0016465558,True,Roth27
LB,permissive,novel,1,0.00078859046,True,Roth27
LB,permissive,novel,0,0.45841157,False,Roth27
LB,permissive,novel,0,0.0004349741,True,Roth27
LB,permissive,novel,1,0.07842935,True,Roth27
LB,permissive,novel,0,0.07842935,True,Roth27
LB,permissive,novel,0,0.07831333,True,Roth27
LB,permissive,novel,0,0.043709822,True,Roth27
LB,permissive,novel,0,0.00096163247,True,Roth27
LB,permissive,novel,1,0.7441557,True,Roth27
LB,permissive,novel,1,0.45841157,False,Roth27
LB,permissive,novel,0,0.07831333,True,Roth27
LB,permissive,novel,0,0.0055883853,True,Roth27
LB,permissive,novel,0,0.0055883853,True,Roth27
LB,permissive,novel,1,0.12720983,True,Roth27
LB,permissive,novel,0,0.0032117805,True,Roth27
LB,permissive,novel,1,0.0032117805,True,Roth27
LB,permissive,novel,1,0.45841157,False,Roth27
LB,permissive,novel,1,0.45841157,False,Roth27
LB,permissive,novel,0,0.004332839,True,Roth27
LB,permissive,novel,0,0.00094154244,True,Roth27
LB,permissive,novel,0,0.00094154244,True,Roth27
LB,permissive,novel,0,0.00094154244,True,Roth27
LB,permissive,novel,0,0.00094154244,True,Roth27
LB,permissive,novel,0,0.00094154244,True,Roth27
LB,permissive,novel,1,0.0012065041,True,Roth27
LB,permissive,novel,0,0.043709822,True,Roth27
LB,permissive,novel,0,0.043709822,True,Roth27
LB,permissive,novel,0,0.0012065041,True,Roth27
LB,permissive,novel,0,0.07842935,True,Roth27
LB,permissive,novel,0,0.07842935,True,Roth27
LB,permissive,novel,1,0.07842935,True,Roth27
LB,permissive,novel,0,0.07842935,True,Roth27
LB,permissive,novel,0,0.07842935,True,Roth27
LB,permissive,novel,1,0.07842935,True,Roth27
LB,permissive,novel,0,0.07842935,True,Roth27
LB,permissive,novel,0,0.07842935,True,Roth27
LB,permissive,novel,1,0.2291066,True,Roth22
LB,permissive,novel,1,0.2291066,True,Roth22
LB,permissive,novel,1,0.2291066,True,Roth22
LB,permissive,novel,1,0.45841157,False,Roth22
LB,permissive,novel,1,0.0016465558,True,Roth22
LB,permissive,novel,1,0.00051433925,True,Roth22
LB,permissive,novel,0,0.45841157,False,Roth22
LB,permissive,novel,0,0.072110854,True,Roth22
LB,permissive,novel,1,0.07831333,True,Roth22
LB,permissive,novel,0,0.45841157,False,Roth22
LB,permissive,novel,0,0.36229432,True,Roth22
LB,permissive,novel,0,0.0008528632,True,Roth22
LB,permissive,novel,0,0.043709822,True,Roth22
LB,permissive,novel,0,0.043709822,True,Roth22
LB,permissive,novel,0,0.00096163247,True,Roth22
LB,permissive,novel,0,0.00096163247,True,Roth22
LB,permissive,novel,1,0.00044536253,True,Roth22
LB,permissive,novel,0,0.00096163247,True,Roth22
LB,permissive,novel,0,0.45841157,False,Roth22
LB,permissive,novel,1,0.45841157,False,Roth22
LB,permissive,novel,0,0.004249051,True,Roth22
LB,permissive,novel,0,0.45841157,False,Roth22
LB,permissive,novel,0,0.45841157,False,Roth22
LB,permissive,novel,1,0.004249051,True,Roth22
LB,permissive,novel,0,0.004249051,True,Roth22
LB,permissive,novel,1,0.45841157,False,Roth22
LB,permissive,novel,0,0.45841157,False,Roth22
LB,permissive,novel,0,0.0032117805,True,Roth22
LB,permissive,novel,1,0.0051123127,True,Roth22
LB,permissive,novel,1,0.36624837,True,Roth22
LB,permissive,novel,0,0.06646945,True,Roth22
LB,permissive,novel,0,0.0035601738,True,Roth22
LB,permissive,novel,1,0.45841157,False,Roth22
LB,permissive,novel,1,0.45841157,False,Roth22
LB,permissive,novel,1,0.45841157,False,Roth22
LB,permissive,novel,0,0.043709822,True,Roth22
LB,permissive,novel,1,0.0016465558,True,Roth22
LB,permissive,novel,1,0.0016465558,True,Roth22
LB,permissive,novel,1,0.00078859046,True,Roth22
LB,permissive,novel,0,0.45841157,False,Roth22
LB,permissive,novel,0,0.0004349741,True,Roth22
LB,permissive,novel,1,0.07842935,True,Roth22
LB,permissive,novel,0,0.07842935,True,Roth22
LB,permissive,novel,0,0.07831333,True,Roth22
LB,permissive,novel,0,0.043709822,True,Roth22
LB,permissive,novel,0,0.00096163247,True,Roth22
LB,permissive,novel,1,0.7441557,True,Roth22
LB,permissive,novel,1,0.45841157,False,Roth22
LB,permissive,novel,0,0.07831333,True,Roth22
LB,permissive,novel,0,0.0055883853,True,Roth22
LB,permissive,novel,0,0.0055883853,True,Roth22
LB,permissive,novel,1,0.12720983,True,Roth22
LB,permissive,novel,0,0.0032117805,True,Roth22
LB,permissive,novel,1,0.0032117805,True,Roth22
LB,permissive,novel,1,0.45841157,False,Roth22
LB,permissive,novel,1,0.45841157,False,Roth22
LB,permissive,novel,0,0.004332839,True,Roth22
LB,permissive,novel,0,0.00094154244,True,Roth22
LB,permissive,novel,0,0.00094154244,True,Roth22
LB,permissive,novel,0,0.00094154244,True,Roth22
LB,permissive,novel,0,0.00094154244,True,Roth22
LB,permissive,novel,0,0.00094154244,True,Roth22
LB,permissive,novel,1,0.0012065041,True,Roth22
LB,permissive,novel,0,0.043709822,True,Roth22
LB,permissive,novel,0,0.043709822,True,Roth22
LB,permissive,novel,1,0.0012065041,True,Roth22
LB,permissive,novel,0,0.07842935,True,Roth22
LB,permissive,novel,1,0.07842935,True,Roth22
LB,permissive,novel,1,0.07842935,True,Roth22
LB,permissive,novel,0,0.07842935,True,Roth22
LB,permissive,novel,0,0.07842935,True,Roth22
LB,permissive,novel,1,0.07842935,True,Roth22
LB,permissive,novel,0,0.07842935,True,Roth22
LB,permissive,novel,0,0.07842935,True,Roth22
LB,permissive,novel,1,0.2291066,True,Roth90
LB,permissive,novel,1,0.2291066,True,Roth90
LB,permissive,novel,0,0.2291066,True,Roth90
LB,permissive,novel,1,0.45841157,False,Roth90
LB,permissive,novel,0,0.0016465558,True,Roth90
LB,permissive,novel,1,0.00051433925,True,Roth90
LB,permissive,novel,0,0.45841157,False,Roth90
LB,permissive,novel,0,0.072110854,True,Roth90
LB,permissive,novel,1,0.07831333,True,Roth90
LB,permissive,novel,0,0.45841157,False,Roth90
LB,permissive,novel,0,0.36229432,True,Roth90
LB,permissive,novel,0,0.0008528632,True,Roth90
LB,permissive,novel,0,0.043709822,True,Roth90
LB,permissive,novel,0,0.043709822,True,Roth90
LB,permissive,novel,0,0.00096163247,True,Roth90
LB,permissive,novel,0,0.00096163247,True,Roth90
LB,permissive,novel,0,0.00044536253,True,Roth90
LB,permissive,novel,0,0.00096163247,True,Roth90
LB,permissive,novel,0,0.45841157,False,Roth90
LB,permissive,novel,0,0.45841157,False,Roth90
LB,permissive,novel,0,0.004249051,True,Roth90
LB,permissive,novel,0,0.45841157,False,Roth90
LB,permissive,novel,0,0.45841157,False,Roth90
LB,permissive,novel,0,0.004249051,True,Roth90
LB,permissive,novel,0,0.004249051,True,Roth90
LB,permissive,novel,0,0.45841157,False,Roth90
LB,permissive,novel,0,0.45841157,False,Roth90
LB,permissive,novel,0,0.0032117805,True,Roth90
LB,permissive,novel,0,0.0051123127,True,Roth90
LB,permissive,novel,1,0.36624837,True,Roth90
LB,permissive,novel,0,0.06646945,True,Roth90
LB,permissive,novel,0,0.0035601738,True,Roth90
LB,permissive,novel,0,0.45841157,False,Roth90
LB,permissive,novel,0,0.45841157,False,Roth90
LB,permissive,novel,0,0.45841157,False,Roth90
LB,permissive,novel,0,0.043709822,True,Roth90
LB,permissive,novel,1,0.0016465558,True,Roth90
LB,permissive,novel,0,0.0016465558,True,Roth90
LB,permissive,novel,1,0.00078859046,True,Roth90
LB,permissive,novel,0,0.45841157,False,Roth90
LB,permissive,novel,0,0.0004349741,True,Roth90
LB,permissive,novel,1,0.07842935,True,Roth90
LB,permissive,novel,0,0.07842935,True,Roth90
LB,permissive,novel,0,0.07831333,True,Roth90
LB,permissive,novel,0,0.043709822,True,Roth90
LB,permissive,novel,0,0.00096163247,True,Roth90
LB,permissive,novel,0,0.7441557,True,Roth90
LB,permissive,novel,1,0.45841157,False,Roth90
LB,permissive,novel,0,0.07831333,True,Roth90
LB,permissive,novel,0,0.0055883853,True,Roth90
LB,permissive,novel,0,0.0055883853,True,Roth90
LB,permissive,novel,1,0.12720983,True,Roth90
LB,permissive,novel,0,0.0032117805,True,Roth90
LB,permissive,novel,0,0.0032117805,True,Roth90
LB,permissive,novel,1,0.45841157,False,Roth90
LB,permissive,novel,0,0.45841157,False,Roth90
LB,permissive,novel,1,0.004332839,True,Roth90
LB,permissive,novel,0,0.00094154244,True,Roth90
LB,permissive,novel,0,0.00094154244,True,Roth90
LB,permissive,novel,0,0.00094154244,True,Roth90
LB,permissive,novel,0,0.00094154244,True,Roth90
LB,permissive,novel,0,0.00094154244,True,Roth90
LB,permissive,novel,1,0.0012065041,True,Roth90
LB,permissive,novel,0,0.043709822,True,Roth90
LB,permissive,novel,0,0.043709822,True,Roth90
LB,permissive,novel,1,0.0012065041,True,Roth90
LB,permissive,novel,0,0.07842935,True,Roth90
LB,permissive,novel,1,0.07842935,True,Roth90
LB,permissive,novel,0,0.07842935,True,Roth90
LB,permissive,novel,0,0.07842935,True,Roth90
LB,permissive,novel,1,0.07842935,True,Roth90
LB,permissive,novel,1,0.07842935,True,Roth90
LB,permissive,novel,0,0.07842935,True,Roth90
LB,permissive,novel,0,0.07842935,True,Roth90
LB,permissive,novel,1,0.2291066,True,Roth26
LB,permissive,novel,1,0.2291066,True,Roth26
LB,permissive,novel,1,0.2291066,True,Roth26
LB,permissive,novel,1,0.45841157,False,Roth26
LB,permissive,novel,1,0.0016465558,True,Roth26
LB,permissive,novel,1,0.00051433925,True,Roth26
LB,permissive,novel,0,0.45841157,False,Roth26
LB,permissive,novel,1,0.072110854,True,Roth26
LB,permissive,novel,1,0.07831333,True,Roth26
LB,permissive,novel,0,0.45841157,False,Roth26
LB,permissive,novel,0,0.36229432,True,Roth26
LB,permissive,novel,0,0.0008528632,True,Roth26
LB,permissive,novel,0,0.043709822,True,Roth26
LB,permissive,novel,1,0.043709822,True,Roth26
LB,permissive,novel,0,0.00096163247,True,Roth26
LB,permissive,novel,0,0.00096163247,True,Roth26
LB,permissive,novel,1,0.00044536253,True,Roth26
LB,permissive,novel,0,0.00096163247,True,Roth26
LB,permissive,novel,0,0.45841157,False,Roth26
LB,permissive,novel,1,0.45841157,False,Roth26
LB,permissive,novel,0,0.004249051,True,Roth26
LB,permissive,novel,0,0.45841157,False,Roth26
LB,permissive,novel,0,0.45841157,False,Roth26
LB,permissive,novel,0,0.004249051,True,Roth26
LB,permissive,novel,0,0.004249051,True,Roth26
LB,permissive,novel,1,0.45841157,False,Roth26
LB,permissive,novel,0,0.45841157,False,Roth26
LB,permissive,novel,1,0.0032117805,True,Roth26
LB,permissive,novel,1,0.0051123127,True,Roth26
LB,permissive,novel,1,0.36624837,True,Roth26
LB,permissive,novel,0,0.06646945,True,Roth26
LB,permissive,novel,0,0.0035601738,True,Roth26
LB,permissive,novel,1,0.45841157,False,Roth26
LB,permissive,novel,1,0.45841157,False,Roth26
LB,permissive,novel,1,0.45841157,False,Roth26
LB,permissive,novel,0,0.043709822,True,Roth26
LB,permissive,novel,1,0.0016465558,True,Roth26
LB,permissive,novel,1,0.0016465558,True,Roth26
LB,permissive,novel,1,0.00078859046,True,Roth26
LB,permissive,novel,0,0.45841157,False,Roth26
LB,permissive,novel,0,0.0004349741,True,Roth26
LB,permissive,novel,1,0.07842935,True,Roth26
LB,permissive,novel,0,0.07842935,True,Roth26
LB,permissive,novel,0,0.07831333,True,Roth26
LB,permissive,novel,0,0.043709822,True,Roth26
LB,permissive,novel,0,0.00096163247,True,Roth26
LB,permissive,novel,1,0.7441557,True,Roth26
LB,permissive,novel,1,0.45841157,False,Roth26
LB,permissive,novel,0,0.07831333,True,Roth26
LB,permissive,novel,0,0.0055883853,True,Roth26
LB,permissive,novel,0,0.0055883853,True,Roth26
LB,permissive,novel,1,0.12720983,True,Roth26
LB,permissive,novel,0,0.0032117805,True,Roth26
LB,permissive,novel,1,0.0032117805,True,Roth26
LB,permissive,novel,1,0.45841157,False,Roth26
LB,permissive,novel,1,0.45841157,False,Roth26
LB,permissive,novel,0,0.004332839,True,Roth26
LB,permissive,novel,0,0.00094154244,True,Roth26
LB,permissive,novel,0,0.00094154244,True,Roth26
LB,permissive,novel,0,0.00094154244,True,Roth26
LB,permissive,novel,0,0.00094154244,True,Roth26
LB,permissive,novel,0,0.00094154244,True,Roth26
LB,permissive,novel,1,0.0012065041,True,Roth26
LB,permissive,novel,0,0.043709822,True,Roth26
LB,permissive,novel,0,0.043709822,True,Roth26
LB,permissive,novel,1,0.0012065041,True,Roth26
LB,permissive,novel,0,0.07842935,True,Roth26
LB,permissive,novel,1,0.07842935,True,Roth26
LB,permissive,novel,1,0.07842935,True,Roth26
LB,permissive,novel,0,0.07842935,True,Roth26
LB,permissive,novel,1,0.07842935,True,Roth26
LB,permissive,novel,1,0.07842935,True,Roth26
LB,permissive,novel,0,0.07842935,True,Roth26
LB,permissive,novel,0,0.07842935,True,Roth26
LB,permissive,novel,1,0.2291066,True,Roth41
LB,permissive,novel,1,0.2291066,True,Roth41
LB,permissive,novel,1,0.2291066,True,Roth41
LB,permissive,novel,1,0.45841157,False,Roth41
LB,permissive,novel,1,0.0016465558,True,Roth41
LB,permissive,novel,1,0.00051433925,True,Roth41
LB,permissive,novel,0,0.45841157,False,Roth41
LB,permissive,novel,1,0.072110854,True,Roth41
LB,permissive,novel,1,0.07831333,True,Roth41
LB,permissive,novel,0,0.45841157,False,Roth41
LB,permissive,novel,0,0.36229432,True,Roth41
LB,permissive,novel,1,0.0008528632,True,Roth41
LB,permissive,novel,0,0.043709822,True,Roth41
LB,permissive,novel,1,0.043709822,True,Roth41
LB,permissive,novel,0,0.00096163247,True,Roth41
LB,permissive,novel,0,0.00096163247,True,Roth41
LB,permissive,novel,1,0.00044536253,True,Roth41
LB,permissive,novel,0,0.00096163247,True,Roth41
LB,permissive,novel,0,0.45841157,False,Roth41
LB,permissive,novel,1,0.45841157,False,Roth41
LB,permissive,novel,0,0.004249051,True,Roth41
LB,permissive,novel,0,0.45841157,False,Roth41
LB,permissive,novel,0,0.45841157,False,Roth41
LB,permissive,novel,0,0.004249051,True,Roth41
LB,permissive,novel,0,0.004249051,True,Roth41
LB,permissive,novel,0,0.45841157,False,Roth41
LB,permissive,novel,0,0.45841157,False,Roth41
LB,permissive,novel,1,0.0032117805,True,Roth41
LB,permissive,novel,1,0.0051123127,True,Roth41
LB,permissive,novel,1,0.36624837,True,Roth41
LB,permissive,novel,0,0.06646945,True,Roth41
LB,permissive,novel,0,0.0035601738,True,Roth41
LB,permissive,novel,1,0.45841157,False,Roth41
LB,permissive,novel,1,0.45841157,False,Roth41
LB,permissive,novel,1,0.45841157,False,Roth41
LB,permissive,novel,0,0.043709822,True,Roth41
LB,permissive,novel,1,0.0016465558,True,Roth41
LB,permissive,novel,1,0.0016465558,True,Roth41
LB,permissive,novel,1,0.00078859046,True,Roth41
LB,permissive,novel,0,0.45841157,False,Roth41
LB,permissive,novel,0,0.0004349741,True,Roth41
LB,permissive,novel,1,0.07842935,True,Roth41
LB,permissive,novel,0,0.07842935,True,Roth41
LB,permissive,novel,0,0.07831333,True,Roth41
LB,permissive,novel,0,0.043709822,True,Roth41
LB,permissive,novel,0,0.00096163247,True,Roth41
LB,permissive,novel,1,0.7441557,True,Roth41
LB,permissive,novel,1,0.45841157,False,Roth41
LB,permissive,novel,0,0.07831333,True,Roth41
LB,permissive,novel,0,0.0055883853,True,Roth41
LB,permissive,novel,0,0.0055883853,True,Roth41
LB,permissive,novel,1,0.12720983,True,Roth41
LB,permissive,novel,0,0.0032117805,True,Roth41
LB,permissive,novel,1,0.0032117805,True,Roth41
LB,permissive,novel,1,0.45841157,False,Roth41
LB,permissive,novel,1,0.45841157,False,Roth41
LB,permissive,novel,0,0.004332839,True,Roth41
LB,permissive,novel,0,0.00094154244,True,Roth41
LB,permissive,novel,0,0.00094154244,True,Roth41
LB,permissive,novel,0,0.00094154244,True,Roth41
LB,permissive,novel,1,0.00094154244,True,Roth41
LB,permissive,novel,0,0.00094154244,True,Roth41
LB,permissive,novel,0,0.0012065041,True,Roth41
LB,permissive,novel,0,0.043709822,True,Roth41
LB,permissive,novel,1,0.043709822,True,Roth41
LB,permissive,novel,1,0.0012065041,True,Roth41
LB,permissive,novel,0,0.07842935,True,Roth41
LB,permissive,novel,1,0.07842935,True,Roth41
LB,permissive,novel,1,0.07842935,True,Roth41
LB,permissive,novel,0,0.07842935,True,Roth41
LB,permissive,novel,0,0.07842935,True,Roth41
LB,permissive,novel,1,0.07842935,True,Roth41
LB,permissive,novel,0,0.07842935,True,Roth41
LB,permissive,novel,0,0.07842935,True,Roth41
LB,permissive,novel,1,0.2291066,True,Roth23
LB,permissive,novel,1,0.2291066,True,Roth23
LB,permissive,novel,1,0.2291066,True,Roth23
LB,permissive,novel,1,0.45841157,False,Roth23
LB,permissive,novel,1,0.0016465558,True,Roth23
LB,permissive,novel,1,0.00051433925,True,Roth23
LB,permissive,novel,0,0.45841157,False,Roth23
LB,permissive,novel,0,0.072110854,True,Roth23
LB,permissive,novel,1,0.07831333,True,Roth23
LB,permissive,novel,0,0.45841157,False,Roth23
LB,permissive,novel,1,0.36229432,True,Roth23
LB,permissive,novel,0,0.0008528632,True,Roth23
LB,permissive,novel,0,0.043709822,True,Roth23
LB,permissive,novel,1,0.043709822,True,Roth23
LB,permissive,novel,0,0.00096163247,True,Roth23
LB,permissive,novel,0,0.00096163247,True,Roth23
LB,permissive,novel,1,0.00044536253,True,Roth23
LB,permissive,novel,1,0.00096163247,True,Roth23
LB,permissive,novel,0,0.45841157,False,Roth23
LB,permissive,novel,1,0.45841157,False,Roth23
LB,permissive,novel,0,0.004249051,True,Roth23
LB,permissive,novel,0,0.45841157,False,Roth23
LB,permissive,novel,0,0.45841157,False,Roth23
LB,permissive,novel,1,0.004249051,True,Roth23
LB,permissive,novel,0,0.004249051,True,Roth23
LB,permissive,novel,1,0.45841157,False,Roth23
LB,permissive,novel,0,0.45841157,False,Roth23
LB,permissive,novel,1,0.0032117805,True,Roth23
LB,permissive,novel,1,0.0051123127,True,Roth23
LB,permissive,novel,1,0.36624837,True,Roth23
LB,permissive,novel,0,0.06646945,True,Roth23
LB,permissive,novel,0,0.0035601738,True,Roth23
LB,permissive,novel,1,0.45841157,False,Roth23
LB,permissive,novel,0,0.45841157,False,Roth23
LB,permissive,novel,1,0.45841157,False,Roth23
LB,permissive,novel,0,0.043709822,True,Roth23
LB,permissive,novel,1,0.0016465558,True,Roth23
LB,permissive,novel,1,0.0016465558,True,Roth23
LB,permissive,novel,1,0.00078859046,True,Roth23
LB,permissive,novel,0,0.45841157,False,Roth23
LB,permissive,novel,0,0.0004349741,True,Roth23
LB,permissive,novel,1,0.07842935,True,Roth23
LB,permissive,novel,0,0.07842935,True,Roth23
LB,permissive,novel,0,0.07831333,True,Roth23
LB,permissive,novel,0,0.043709822,True,Roth23
LB,permissive,novel,0,0.00096163247,True,Roth23
LB,permissive,novel,0,0.7441557,True,Roth23
LB,permissive,novel,1,0.45841157,False,Roth23
LB,permissive,novel,0,0.07831333,True,Roth23
LB,permissive,novel,0,0.0055883853,True,Roth23
LB,permissive,novel,1,0.0055883853,True,Roth23
LB,permissive,novel,1,0.12720983,True,Roth23
LB,permissive,novel,0,0.0032117805,True,Roth23
LB,permissive,novel,1,0.0032117805,True,Roth23
LB,permissive,novel,1,0.45841157,False,Roth23
LB,permissive,novel,1,0.45841157,False,Roth23
LB,permissive,novel,1,0.004332839,True,Roth23
LB,permissive,novel,0,0.00094154244,True,Roth23
LB,permissive,novel,0,0.00094154244,True,Roth23
LB,permissive,novel,0,0.00094154244,True,Roth23
LB,permissive,novel,1,0.00094154244,True,Roth23
LB,permissive,novel,0,0.00094154244,True,Roth23
LB,permissive,novel,1,0.0012065041,True,Roth23
LB,permissive,novel,0,0.043709822,True,Roth23
LB,permissive,novel,1,0.043709822,True,Roth23
LB,permissive,novel,1,0.0012065041,True,Roth23
LB,permissive,novel,0,0.07842935,True,Roth23
LB,permissive,novel,1,0.07842935,True,Roth23
LB,permissive,novel,1,0.07842935,True,Roth23
LB,permissive,novel,0,0.07842935,True,Roth23
LB,permissive,novel,1,0.07842935,True,Roth23
LB,permissive,novel,1,0.07842935,True,Roth23
LB,permissive,novel,0,0.07842935,True,Roth23
LB,permissive,novel,0,0.07842935,True,Roth23
LB,permissive,novel,0,0.16797939,True,Roth19
LB,permissive,novel,0,0.16797939,True,Roth19
LB,permissive,novel,0,0.16797939,True,Roth19
LB,permissive,novel,1,0.36642292,False,Roth19
LB,permissive,novel,0,0.0017960108,True,Roth19
LB,permissive,novel,0,0.00047482483,True,Roth19
LB,permissive,novel,1,0.36642292,False,Roth19
LB,permissive,novel,0,0.11605978,True,Roth19
LB,permissive,novel,1,0.07081676,True,Roth19
LB,permissive,novel,0,0.36642292,False,Roth19
LB,permissive,novel,0,0.069815174,True,Roth19
LB,permissive,novel,0,0.00053351687,True,Roth19
LB,permissive,novel,0,0.028360134,True,Roth19
LB,permissive,novel,0,0.028360134,True,Roth19
LB,permissive,novel,0,0.0010756012,True,Roth19
LB,permissive,novel,0,0.0010756012,True,Roth19
LB,permissive,novel,0,0.0015965324,True,Roth19
LB,permissive,novel,1,0.0010756012,True,Roth19
LB,permissive,novel,0,0.36642292,False,Roth19
LB,permissive,novel,0,0.36642292,False,Roth19
LB,permissive,novel,0,0.0048010508,True,Roth19
LB,permissive,novel,0,0.36642292,False,Roth19
LB,permissive,novel,0,0.36642292,False,Roth19
LB,permissive,novel,1,0.0048010508,True,Roth19
LB,permissive,novel,0,0.0048010508,True,Roth19
LB,permissive,novel,0,0.36642292,False,Roth19
LB,permissive,novel,0,0.36642292,False,Roth19
LB,permissive,novel,0,0.003376927,True,Roth19
LB,permissive,novel,0,0.028211148,True,Roth19
LB,permissive,novel,0,0.06767739,True,Roth19
LB,permissive,novel,0,0.03609298,True,Roth19
LB,permissive,novel,0,0.010363363,True,Roth19
LB,permissive,novel,0,0.36642292,False,Roth19
LB,permissive,novel,0,0.36642292,False,Roth19
LB,permissive,novel,0,0.36642292,False,Roth19
LB,permissive,novel,0,0.028360134,True,Roth19
LB,permissive,novel,0,0.0017960108,True,Roth19
LB,permissive,novel,0,0.0017960108,True,Roth19
LB,permissive,novel,0,0.0015651964,True,Roth19
LB,permissive,novel,0,0.36642292,False,Roth19
LB,permissive,novel,0,0.0008405946,True,Roth19
LB,permissive,novel,0,0.014740437,True,Roth19
LB,permissive,novel,0,0.014740437,True,Roth19
LB,permissive,novel,0,0.07081676,True,Roth19
LB,permissive,novel,0,0.028360134,True,Roth19
LB,permissive,novel,0,0.0010756012,True,Roth19
LB,permissive,novel,0,0.017440949,True,Roth19
LB,permissive,novel,0,0.36642292,False,Roth19
LB,permissive,novel,0,0.07081676,True,Roth19
LB,permissive,novel,0,0.032860223,True,Roth19
LB,permissive,novel,0,0.032860223,True,Roth19
LB,permissive,novel,0,0.16098498,True,Roth19
LB,permissive,novel,0,0.003376927,True,Roth19
LB,permissive,novel,0,0.003376927,True,Roth19
LB,permissive,novel,0,0.36642292,False,Roth19
LB,permissive,novel,0,0.36642292,False,Roth19
LB,permissive,novel,0,0.0036485968,True,Roth19
LB,permissive,novel,0,0.011788015,True,Roth19
LB,permissive,novel,0,0.011788015,True,Roth19
LB,permissive,novel,0,0.011788015,True,Roth19
LB,permissive,novel,0,0.011788015,True,Roth19
LB,permissive,novel,0,0.011788015,True,Roth19
LB,permissive,novel,0,0.0013506757,True,Roth19
LB,permissive,novel,0,0.028360134,True,Roth19
LB,permissive,novel,0,0.028360134,True,Roth19
LB,permissive,novel,0,0.0013506757,True,Roth19
LB,permissive,novel,0,0.014740437,True,Roth19
LB,permissive,novel,0,0.014740437,True,Roth19
LB,permissive,novel,0,0.014740437,True,Roth19
LB,permissive,novel,0,0.014740437,True,Roth19
LB,permissive,novel,1,0.014740437,True,Roth19
LB,permissive,novel,0,0.014740437,True,Roth19
LB,permissive,novel,0,0.014740437,True,Roth19
LB,permissive,novel,0,0.014740437,True,Roth19
LB,permissive,novel,1,0.16797939,True,Roth20
LB,permissive,novel,0,0.16797939,True,Roth20
LB,permissive,novel,0,0.16797939,True,Roth20
LB,permissive,novel,0,0.36642292,False,Roth20
LB,permissive,novel,0,0.0017960108,True,Roth20
LB,permissive,novel,0,0.00047482483,True,Roth20
LB,permissive,novel,1,0.36642292,False,Roth20
LB,permissive,novel,0,0.11605978,True,Roth20
LB,permissive,novel,1,0.07081676,True,Roth20
LB,permissive,novel,0,0.36642292,False,Roth20
LB,permissive,novel,0,0.069815174,True,Roth20
LB,permissive,novel,0,0.00053351687,True,Roth20
LB,permissive,novel,0,0.028360134,True,Roth20
LB,permissive,novel,0,0.028360134,True,Roth20
LB,permissive,novel,0,0.0010756012,True,Roth20
LB,permissive,novel,0,0.0010756012,True,Roth20
LB,permissive,novel,0,0.0015965324,True,Roth20
LB,permissive,novel,1,0.0010756012,True,Roth20
LB,permissive,novel,0,0.36642292,False,Roth20
LB,permissive,novel,1,0.36642292,False,Roth20
LB,permissive,novel,0,0.0048010508,True,Roth20
LB,permissive,novel,0,0.36642292,False,Roth20
LB,permissive,novel,0,0.36642292,False,Roth20
LB,permissive,novel,1,0.0048010508,True,Roth20
LB,permissive,novel,0,0.0048010508,True,Roth20
LB,permissive,novel,1,0.36642292,False,Roth20
LB,permissive,novel,0,0.36642292,False,Roth20
LB,permissive,novel,0,0.003376927,True,Roth20
LB,permissive,novel,0,0.028211148,True,Roth20
LB,permissive,novel,0,0.06767739,True,Roth20
LB,permissive,novel,0,0.03609298,True,Roth20
LB,permissive,novel,0,0.010363363,True,Roth20
LB,permissive,novel,0,0.36642292,False,Roth20
LB,permissive,novel,0,0.36642292,False,Roth20
LB,permissive,novel,0,0.36642292,False,Roth20
LB,permissive,novel,0,0.028360134,True,Roth20
LB,permissive,novel,0,0.0017960108,True,Roth20
LB,permissive,novel,0,0.0017960108,True,Roth20
LB,permissive,novel,0,0.0015651964,True,Roth20
LB,permissive,novel,0,0.36642292,False,Roth20
LB,permissive,novel,0,0.0008405946,True,Roth20
LB,permissive,novel,1,0.014740437,True,Roth20
LB,permissive,novel,0,0.014740437,True,Roth20
LB,permissive,novel,0,0.07081676,True,Roth20
LB,permissive,novel,0,0.028360134,True,Roth20
LB,permissive,novel,0,0.0010756012,True,Roth20
LB,permissive,novel,0,0.017440949,True,Roth20
LB,permissive,novel,0,0.36642292,False,Roth20
LB,permissive,novel,0,0.07081676,True,Roth20
LB,permissive,novel,0,0.032860223,True,Roth20
LB,permissive,novel,0,0.032860223,True,Roth20
LB,permissive,novel,1,0.16098498,True,Roth20
LB,permissive,novel,0,0.003376927,True,Roth20
LB,permissive,novel,0,0.003376927,True,Roth20
LB,permissive,novel,0,0.36642292,False,Roth20
LB,permissive,novel,0,0.36642292,False,Roth20
LB,permissive,novel,0,0.0036485968,True,Roth20
LB,permissive,novel,0,0.011788015,True,Roth20
LB,permissive,novel,0,0.011788015,True,Roth20
LB,permissive,novel,0,0.011788015,True,Roth20
LB,permissive,novel,0,0.011788015,True,Roth20
LB,permissive,novel,0,0.011788015,True,Roth20
LB,permissive,novel,0,0.0013506757,True,Roth20
LB,permissive,novel,0,0.028360134,True,Roth20
LB,permissive,novel,0,0.028360134,True,Roth20
LB,permissive,novel,0,0.0013506757,True,Roth20
LB,permissive,novel,0,0.014740437,True,Roth20
LB,permissive,novel,0,0.014740437,True,Roth20
LB,permissive,novel,0,0.014740437,True,Roth20
LB,permissive,novel,0,0.014740437,True,Roth20
LB,permissive,novel,1,0.014740437,True,Roth20
LB,permissive,novel,0,0.014740437,True,Roth20
LB,permissive,novel,0,0.014740437,True,Roth20
LB,permissive,novel,0,0.014740437,True,Roth20
LB,permissive,novel,1,0.23346981,True,Roth04
LB,permissive,novel,0,0.23346981,True,Roth04
LB,permissive,novel,0,0.23346981,True,Roth04
LB,permissive,novel,0,0.3260062,False,Roth04
LB,permissive,novel,0,0.0009605158,True,Roth04
LB,permissive,novel,0,0.0007677038,True,Roth04
LB,permissive,novel,0,0.3260062,False,Roth04
LB,permissive,novel,0,0.08956151,True,Roth04
LB,permissive,novel,1,0.054016914,True,Roth04
LB,permissive,novel,0,0.3260062,False,Roth04
LB,permissive,novel,0,0.13786322,True,Roth04
LB,permissive,novel,0,0.0006900198,True,Roth04
LB,permissive,novel,0,0.39887217,True,Roth04
LB,permissive,novel,1,0.39887217,True,Roth04
LB,permissive,novel,0,0.000567723,True,Roth04
LB,permissive,novel,0,0.000567723,True,Roth04
LB,permissive,novel,0,0.0011966394,True,Roth04
LB,permissive,novel,0,0.000567723,True,Roth04
LB,permissive,novel,0,0.3260062,False,Roth04
LB,permissive,novel,1,0.3260062,False,Roth04
LB,permissive,novel,0,0.0025072442,True,Roth04
LB,permissive,novel,0,0.3260062,False,Roth04
LB,permissive,novel,0,0.3260062,False,Roth04
LB,permissive,novel,0,0.0025072442,True,Roth04
LB,permissive,novel,0,0.0025072442,True,Roth04
LB,permissive,novel,1,0.3260062,False,Roth04
LB,permissive,novel,0,0.3260062,False,Roth04
LB,permissive,novel,0,0.0018073269,True,Roth04
LB,permissive,novel,0,0.022341365,True,Roth04
LB,permissive,novel,0,0.06928774,True,Roth04
LB,permissive,novel,0,0.054096892,True,Roth04
LB,permissive,novel,0,0.005242481,True,Roth04
LB,permissive,novel,0,0.3260062,False,Roth04
LB,permissive,novel,0,0.3260062,False,Roth04
LB,permissive,novel,0,0.3260062,False,Roth04
LB,permissive,novel,1,0.39887217,True,Roth04
LB,permissive,novel,0,0.0009605158,True,Roth04
LB,permissive,novel,0,0.0009605158,True,Roth04
LB,permissive,novel,0,0.0011731426,True,Roth04
LB,permissive,novel,0,0.3260062,False,Roth04
LB,permissive,novel,0,0.0005656656,True,Roth04
LB,permissive,novel,0,0.038453195,True,Roth04
LB,permissive,novel,0,0.038453195,True,Roth04
LB,permissive,novel,0,0.054016914,True,Roth04
LB,permissive,novel,0,0.39887217,True,Roth04
LB,permissive,novel,0,0.000567723,True,Roth04
LB,permissive,novel,0,0.009396038,True,Roth04
LB,permissive,novel,0,0.3260062,False,Roth04
LB,permissive,novel,0,0.054016914,True,Roth04
LB,permissive,novel,0,0.013618798,True,Roth04
LB,permissive,novel,0,0.013618798,True,Roth04
LB,permissive,novel,0,0.090294525,True,Roth04
LB,permissive,novel,0,0.0018073269,True,Roth04
LB,permissive,novel,0,0.0018073269,True,Roth04
LB,permissive,novel,0,0.3260062,False,Roth04
LB,permissive,novel,0,0.3260062,False,Roth04
LB,permissive,novel,0,0.0019198696,True,Roth04
LB,permissive,novel,0,0.013751831,True,Roth04
LB,permissive,novel,0,0.013751831,True,Roth04
LB,permissive,novel,0,0.013751831,True,Roth04
LB,permissive,novel,0,0.013751831,True,Roth04
LB,permissive,novel,0,0.013751831,True,Roth04
LB,permissive,novel,0,0.0007130053,True,Roth04
LB,permissive,novel,0,0.39887217,True,Roth04
LB,permissive,novel,0,0.39887217,True,Roth04
LB,permissive,novel,0,0.0007130053,True,Roth04
LB,permissive,novel,0,0.038453195,True,Roth04
LB,permissive,novel,0,0.038453195,True,Roth04
LB,permissive,novel,0,0.038453195,True,Roth04
LB,permissive,novel,0,0.038453195,True,Roth04
LB,permissive,novel,1,0.038453195,True,Roth04
LB,permissive,novel,1,0.038453195,True,Roth04
LB,permissive,novel,0,0.038453195,True,Roth04
LB,permissive,novel,0,0.038453195,True,Roth04
LB,permissive,novel,1,0.23346981,True,Roth78
LB,permissive,novel,0,0.23346981,True,Roth78
LB,permissive,novel,0,0.23346981,True,Roth78
LB,permissive,novel,0,0.3260062,False,Roth78
LB,permissive,novel,0,0.0009605158,True,Roth78
LB,permissive,novel,1,0.0007677038,True,Roth78
LB,permissive,novel,0,0.3260062,False,Roth78
LB,permissive,novel,0,0.08956151,True,Roth78
LB,permissive,novel,1,0.054016914,True,Roth78
LB,permissive,novel,0,0.3260062,False,Roth78
LB,permissive,novel,0,0.13786322,True,Roth78
LB,permissive,novel,0,0.0006900198,True,Roth78
LB,permissive,novel,0,0.39887217,True,Roth78
LB,permissive,novel,0,0.39887217,True,Roth78
LB,permissive,novel,0,0.000567723,True,Roth78
LB,permissive,novel,0,0.000567723,True,Roth78
LB,permissive,novel,0,0.0011966394,True,Roth78
LB,permissive,novel,0,0.000567723,True,Roth78
LB,permissive,novel,0,0.3260062,False,Roth78
LB,permissive,novel,1,0.3260062,False,Roth78
LB,permissive,novel,0,0.0025072442,True,Roth78
LB,permissive,novel,1,0.3260062,False,Roth78
LB,permissive,novel,0,0.3260062,False,Roth78
LB,permissive,novel,1,0.0025072442,True,Roth78
LB,permissive,novel,0,0.0025072442,True,Roth78
LB,permissive,novel,1,0.3260062,False,Roth78
LB,permissive,novel,0,0.3260062,False,Roth78
LB,permissive,novel,0,0.0018073269,True,Roth78
LB,permissive,novel,0,0.022341365,True,Roth78
LB,permissive,novel,0,0.06928774,True,Roth78
LB,permissive,novel,0,0.04934352,True,Roth78
LB,permissive,novel,0,0.005242481,True,Roth78
LB,permissive,novel,0,0.3260062,False,Roth78
LB,permissive,novel,0,0.3260062,False,Roth78
LB,permissive,novel,0,0.3260062,False,Roth78
LB,permissive,novel,1,0.39887217,True,Roth78
LB,permissive,novel,0,0.0009605158,True,Roth78
LB,permissive,novel,0,0.0009605158,True,Roth78
LB,permissive,novel,0,0.0011731426,True,Roth78
LB,permissive,novel,0,0.3260062,False,Roth78
LB,permissive,novel,0,0.0005656656,True,Roth78
LB,permissive,novel,0,0.038453195,True,Roth78
LB,permissive,novel,0,0.038453195,True,Roth78
LB,permissive,novel,0,0.054016914,True,Roth78
LB,permissive,novel,0,0.39887217,True,Roth78
LB,permissive,novel,0,0.000567723,True,Roth78
LB,permissive,novel,0,0.009396038,True,Roth78
LB,permissive,novel,0,0.3260062,False,Roth78
LB,permissive,novel,0,0.054016914,True,Roth78
LB,permissive,novel,0,0.013618798,True,Roth78
LB,permissive,novel,0,0.013618798,True,Roth78
LB,permissive,novel,1,0.090294525,True,Roth78
LB,permissive,novel,0,0.0018073269,True,Roth78
LB,permissive,novel,0,0.0018073269,True,Roth78
LB,permissive,novel,0,0.3260062,False,Roth78
LB,permissive,novel,0,0.3260062,False,Roth78
LB,permissive,novel,0,0.0019198696,True,Roth78
LB,permissive,novel,0,0.013751831,True,Roth78
LB,permissive,novel,0,0.013751831,True,Roth78
LB,permissive,novel,0,0.013751831,True,Roth78
LB,permissive,novel,0,0.013751831,True,Roth78
LB,permissive,novel,0,0.013751831,True,Roth78
LB,permissive,novel,0,0.0007130053,True,Roth78
LB,permissive,novel,0,0.39887217,True,Roth78
LB,permissive,novel,0,0.39887217,True,Roth78
LB,permissive,novel,0,0.0007130053,True,Roth78
LB,permissive,novel,0,0.038453195,True,Roth78
LB,permissive,novel,0,0.038453195,True,Roth78
LB,permissive,novel,0,0.038453195,True,Roth78
LB,permissive,novel,0,0.038453195,True,Roth78
LB,permissive,novel,1,0.038453195,True,Roth78
LB,permissive,novel,1,0.038453195,True,Roth78
LB,permissive,novel,0,0.038453195,True,Roth78
LB,permissive,novel,0,0.038453195,True,Roth78
LB,permissive,novel,1,0.23346981,True,Roth67
LB,permissive,novel,1,0.23346981,True,Roth67
LB,permissive,novel,0,0.23346981,True,Roth67
LB,permissive,novel,0,0.3260062,False,Roth67
LB,permissive,novel,0,0.0009605158,True,Roth67
LB,permissive,novel,0,0.0007677038,True,Roth67
LB,permissive,novel,0,0.3260062,False,Roth67
LB,permissive,novel,0,0.08956151,True,Roth67
LB,permissive,novel,1,0.054016914,True,Roth67
LB,permissive,novel,0,0.3260062,False,Roth67
LB,permissive,novel,0,0.13786322,True,Roth67
LB,permissive,novel,0,0.0006900198,True,Roth67
LB,permissive,novel,0,0.39887217,True,Roth67
LB,permissive,novel,0,0.39887217,True,Roth67
LB,permissive,novel,0,0.000567723,True,Roth67
LB,permissive,novel,0,0.000567723,True,Roth67
LB,permissive,novel,0,0.0011966394,True,Roth67
LB,permissive,novel,0,0.000567723,True,Roth67
LB,permissive,novel,1,0.3260062,False,Roth67
LB,permissive,novel,1,0.3260062,False,Roth67
LB,permissive,novel,0,0.0025072442,True,Roth67
LB,permissive,novel,1,0.3260062,False,Roth67
LB,permissive,novel,0,0.3260062,False,Roth67
LB,permissive,novel,1,0.0025072442,True,Roth67
LB,permissive,novel,0,0.0025072442,True,Roth67
LB,permissive,novel,1,0.3260062,False,Roth67
LB,permissive,novel,0,0.3260062,False,Roth67
LB,permissive,novel,0,0.0018073269,True,Roth67
LB,permissive,novel,0,0.022341365,True,Roth67
LB,permissive,novel,0,0.06928774,True,Roth67
LB,permissive,novel,0,0.054096892,True,Roth67
LB,permissive,novel,0,0.005242481,True,Roth67
LB,permissive,novel,0,0.3260062,False,Roth67
LB,permissive,novel,0,0.3260062,False,Roth67
LB,permissive,novel,0,0.3260062,False,Roth67
LB,permissive,novel,1,0.39887217,True,Roth67
LB,permissive,novel,0,0.0009605158,True,Roth67
LB,permissive,novel,0,0.0009605158,True,Roth67
LB,permissive,novel,0,0.0011731426,True,Roth67
LB,permissive,novel,0,0.3260062,False,Roth67
LB,permissive,novel,0,0.0005656656,True,Roth67
LB,permissive,novel,0,0.038453195,True,Roth67
LB,permissive,novel,0,0.038453195,True,Roth67
LB,permissive,novel,0,0.054016914,True,Roth67
LB,permissive,novel,0,0.39887217,True,Roth67
LB,permissive,novel,0,0.000567723,True,Roth67
LB,permissive,novel,0,0.009396038,True,Roth67
LB,permissive,novel,0,0.3260062,False,Roth67
LB,permissive,novel,0,0.054016914,True,Roth67
LB,permissive,novel,0,0.013618798,True,Roth67
LB,permissive,novel,0,0.013618798,True,Roth67
LB,permissive,novel,1,0.090294525,True,Roth67
LB,permissive,novel,0,0.0018073269,True,Roth67
LB,permissive,novel,0,0.0018073269,True,Roth67
LB,permissive,novel,0,0.3260062,False,Roth67
LB,permissive,novel,0,0.3260062,False,Roth67
LB,permissive,novel,0,0.0019198696,True,Roth67
LB,permissive,novel,0,0.013751831,True,Roth67
LB,permissive,novel,0,0.013751831,True,Roth67
LB,permissive,novel,0,0.013751831,True,Roth67
LB,permissive,novel,0,0.013751831,True,Roth67
LB,permissive,novel,0,0.013751831,True,Roth67
LB,permissive,novel,0,0.0007130053,True,Roth67
LB,permissive,novel,0,0.39887217,True,Roth67
LB,permissive,novel,0,0.39887217,True,Roth67
LB,permissive,novel,0,0.0007130053,True,Roth67
LB,permissive,novel,0,0.038453195,True,Roth67
LB,permissive,novel,0,0.038453195,True,Roth67
LB,permissive,novel,0,0.038453195,True,Roth67
LB,permissive,novel,0,0.038453195,True,Roth67
LB,permissive,novel,0,0.038453195,True,Roth67
LB,permissive,novel,1,0.038453195,True,Roth67
LB,permissive,novel,0,0.038453195,True,Roth67
LB,permissive,novel,0,0.038453195,True,Roth67
LB,permissive,novel,1,0.23346981,True,Roth77
LB,permissive,novel,0,0.23346981,True,Roth77
LB,permissive,novel,0,0.23346981,True,Roth77
LB,permissive,novel,0,0.3260062,False,Roth77
LB,permissive,novel,0,0.0009605158,True,Roth77
LB,permissive,novel,1,0.0007677038,True,Roth77
LB,permissive,novel,0,0.3260062,False,Roth77
LB,permissive,novel,0,0.08956151,True,Roth77
LB,permissive,novel,1,0.054016914,True,Roth77
LB,permissive,novel,0,0.3260062,False,Roth77
LB,permissive,novel,0,0.13786322,True,Roth77
LB,permissive,novel,0,0.0006900198,True,Roth77
LB,permissive,novel,0,0.39887217,True,Roth77
LB,permissive,novel,0,0.39887217,True,Roth77
LB,permissive,novel,0,0.000567723,True,Roth77
LB,permissive,novel,0,0.000567723,True,Roth77
LB,permissive,novel,0,0.0011966394,True,Roth77
LB,permissive,novel,0,0.000567723,True,Roth77
LB,permissive,novel,1,0.3260062,False,Roth77
LB,permissive,novel,1,0.3260062,False,Roth77
LB,permissive,novel,0,0.0025072442,True,Roth77
LB,permissive,novel,1,0.3260062,False,Roth77
LB,permissive,novel,0,0.3260062,False,Roth77
LB,permissive,novel,1,0.0025072442,True,Roth77
LB,permissive,novel,0,0.0025072442,True,Roth77
LB,permissive,novel,1,0.3260062,False,Roth77
LB,permissive,novel,0,0.3260062,False,Roth77
LB,permissive,novel,0,0.0018073269,True,Roth77
LB,permissive,novel,0,0.022341365,True,Roth77
LB,permissive,novel,0,0.06928774,True,Roth77
LB,permissive,novel,0,0.054096892,True,Roth77
LB,permissive,novel,0,0.005242481,True,Roth77
LB,permissive,novel,0,0.3260062,False,Roth77
LB,permissive,novel,0,0.3260062,False,Roth77
LB,permissive,novel,0,0.3260062,False,Roth77
LB,permissive,novel,1,0.39887217,True,Roth77
LB,permissive,novel,0,0.0009605158,True,Roth77
LB,permissive,novel,0,0.0009605158,True,Roth77
LB,permissive,novel,0,0.0011731426,True,Roth77
LB,permissive,novel,0,0.3260062,False,Roth77
LB,permissive,novel,0,0.0005656656,True,Roth77
LB,permissive,novel,0,0.038453195,True,Roth77
LB,permissive,novel,0,0.038453195,True,Roth77
LB,permissive,novel,0,0.054016914,True,Roth77
LB,permissive,novel,0,0.39887217,True,Roth77
LB,permissive,novel,0,0.000567723,True,Roth77
LB,permissive,novel,0,0.009396038,True,Roth77
LB,permissive,novel,0,0.3260062,False,Roth77
LB,permissive,novel,0,0.054016914,True,Roth77
LB,permissive,novel,0,0.013618798,True,Roth77
LB,permissive,novel,0,0.013618798,True,Roth77
LB,permissive,novel,1,0.090294525,True,Roth77
LB,permissive,novel,0,0.0018073269,True,Roth77
LB,permissive,novel,0,0.0018073269,True,Roth77
LB,permissive,novel,0,0.3260062,False,Roth77
LB,permissive,novel,0,0.3260062,False,Roth77
LB,permissive,novel,0,0.0019198696,True,Roth77
LB,permissive,novel,1,0.013751831,True,Roth77
LB,permissive,novel,0,0.013751831,True,Roth77
LB,permissive,novel,1,0.013751831,True,Roth77
LB,permissive,novel,0,0.013751831,True,Roth77
LB,permissive,novel,0,0.013751831,True,Roth77
LB,permissive,novel,0,0.0007130053,True,Roth77
LB,permissive,novel,0,0.39887217,True,Roth77
LB,permissive,novel,0,0.39887217,True,Roth77
LB,permissive,novel,0,0.0007130053,True,Roth77
LB,permissive,novel,0,0.038453195,True,Roth77
LB,permissive,novel,0,0.038453195,True,Roth77
LB,permissive,novel,0,0.038453195,True,Roth77
LB,permissive,novel,0,0.038453195,True,Roth77
LB,permissive,novel,0,0.038453195,True,Roth77
LB,permissive,novel,1,0.038453195,True,Roth77
LB,permissive,novel,0,0.038453195,True,Roth77
LB,permissive,novel,0,0.038453195,True,Roth77
LB,permissive,novel,1,0.53548986,True,Roth16
LB,permissive,novel,1,0.53548986,True,Roth16
LB,permissive,novel,0,0.53548986,True,Roth16
LB,permissive,novel,1,0.557893,False,Roth16
LB,permissive,novel,0,0.0013065371,True,Roth16
LB,permissive,novel,1,0.0013092783,True,Roth16
LB,permissive,novel,1,0.557893,False,Roth16
LB,permissive,novel,0,0.11978584,True,Roth16
LB,permissive,novel,1,0.113934636,True,Roth16
LB,permissive,novel,0,0.557893,False,Roth16
LB,permissive,novel,0,0.38791013,True,Roth16
LB,permissive,novel,0,0.001885943,True,Roth16
LB,permissive,novel,0,0.5213097,True,Roth16
LB,permissive,novel,1,0.5213097,True,Roth16
LB,permissive,novel,0,0.000772352,True,Roth16
LB,permissive,novel,1,0.000772352,True,Roth16
LB,permissive,novel,0,0.0015486409,True,Roth16
LB,permissive,novel,1,0.000772352,True,Roth16
LB,permissive,novel,1,0.557893,False,Roth16
LB,permissive,novel,1,0.557893,False,Roth16
LB,permissive,novel,1,0.0033112797,True,Roth16
LB,permissive,novel,0,0.557893,False,Roth16
LB,permissive,novel,1,0.557893,False,Roth16
LB,permissive,novel,1,0.0033112797,True,Roth16
LB,permissive,novel,0,0.0033112797,True,Roth16
LB,permissive,novel,1,0.557893,False,Roth16
LB,permissive,novel,0,0.557893,False,Roth16
LB,permissive,novel,0,0.0024576588,True,Roth16
LB,permissive,novel,0,0.027386786,True,Roth16
LB,permissive,novel,1,0.19537602,True,Roth16
LB,permissive,novel,1,0.055626206,True,Roth16
LB,permissive,novel,0,0.027959447,True,Roth16
LB,permissive,novel,1,0.557893,False,Roth16
LB,permissive,novel,0,0.557893,False,Roth16
LB,permissive,novel,0,0.557893,False,Roth16
LB,permissive,novel,0,0.5213097,True,Roth16
LB,permissive,novel,0,0.0013065371,True,Roth16
LB,permissive,novel,0,0.0013065371,True,Roth16
LB,permissive,novel,0,0.0015182435,True,Roth16
LB,permissive,novel,0,0.557893,False,Roth16
LB,permissive,novel,0,0.0011108023,True,Roth16
LB,permissive,novel,0,0.08957022,True,Roth16
LB,permissive,novel,0,0.08957022,True,Roth16
LB,permissive,novel,0,0.113934636,True,Roth16
LB,permissive,novel,1,0.5213097,True,Roth16
LB,permissive,novel,0,0.000772352,True,Roth16
LB,permissive,novel,0,0.75985914,True,Roth16
LB,permissive,novel,0,0.557893,False,Roth16
LB,permissive,novel,0,0.113934636,True,Roth16
LB,permissive,novel,0,0.031904474,True,Roth16
LB,permissive,novel,1,0.031904474,True,Roth16
LB,permissive,novel,1,0.12243236,True,Roth16
LB,permissive,novel,0,0.0024576588,True,Roth16
LB,permissive,novel,0,0.0024576588,True,Roth16
LB,permissive,novel,0,0.557893,False,Roth16
LB,permissive,novel,0,0.557893,False,Roth16
LB,permissive,novel,0,0.0024864906,True,Roth16
LB,permissive,novel,0,0.0150513705,True,Roth16
LB,permissive,novel,0,0.0150513705,True,Roth16
LB,permissive,novel,0,0.0150513705,True,Roth16
LB,permissive,novel,0,0.0150513705,True,Roth16
LB,permissive,novel,0,0.0150513705,True,Roth16
LB,permissive,novel,0,0.00096994784,True,Roth16
LB,permissive,novel,0,0.5213097,True,Roth16
LB,permissive,novel,0,0.5213097,True,Roth16
LB,permissive,novel,1,0.00096994784,True,Roth16
LB,permissive,novel,0,0.08957022,True,Roth16
LB,permissive,novel,0,0.08957022,True,Roth16
LB,permissive,novel,0,0.08957022,True,Roth16
LB,permissive,novel,0,0.08957022,True,Roth16
LB,permissive,novel,0,0.08957022,True,Roth16
LB,permissive,novel,0,0.08957022,True,Roth16
LB,permissive,novel,0,0.08957022,True,Roth16
LB,permissive,novel,0,0.08957022,True,Roth16
LB,permissive,novel,1,0.53548986,True,Roth17
LB,permissive,novel,1,0.53548986,True,Roth17
LB,permissive,novel,0,0.53548986,True,Roth17
LB,permissive,novel,1,0.557893,False,Roth17
LB,permissive,novel,0,0.0013065371,True,Roth17
LB,permissive,novel,0,0.0013092783,True,Roth17
LB,permissive,novel,1,0.557893,False,Roth17
LB,permissive,novel,0,0.11978584,True,Roth17
LB,permissive,novel,1,0.113934636,True,Roth17
LB,permissive,novel,0,0.557893,False,Roth17
LB,permissive,novel,0,0.38791013,True,Roth17
LB,permissive,novel,0,0.001885943,True,Roth17
LB,permissive,novel,0,0.5213097,True,Roth17
LB,permissive,novel,0,0.5213097,True,Roth17
LB,permissive,novel,1,0.000772352,True,Roth17
LB,permissive,novel,0,0.000772352,True,Roth17
LB,permissive,novel,0,0.0015486409,True,Roth17
LB,permissive,novel,1,0.000772352,True,Roth17
LB,permissive,novel,1,0.557893,False,Roth17
LB,permissive,novel,1,0.557893,False,Roth17
LB,permissive,novel,0,0.0033112797,True,Roth17
LB,permissive,novel,0,0.557893,False,Roth17
LB,permissive,novel,1,0.557893,False,Roth17
LB,permissive,novel,1,0.0033112797,True,Roth17
LB,permissive,novel,0,0.0033112797,True,Roth17
LB,permissive,novel,1,0.557893,False,Roth17
LB,permissive,novel,0,0.557893,False,Roth17
LB,permissive,novel,0,0.0024576588,True,Roth17
LB,permissive,novel,0,0.027386786,True,Roth17
LB,permissive,novel,0,0.19537602,True,Roth17
LB,permissive,novel,0,0.055626206,True,Roth17
LB,permissive,novel,0,0.027959447,True,Roth17
LB,permissive,novel,0,0.557893,False,Roth17
LB,permissive,novel,0,0.557893,False,Roth17
LB,permissive,novel,0,0.557893,False,Roth17
LB,permissive,novel,0,0.5213097,True,Roth17
LB,permissive,novel,0,0.0013065371,True,Roth17
LB,permissive,novel,0,0.0013065371,True,Roth17
LB,permissive,novel,0,0.0015182435,True,Roth17
LB,permissive,novel,0,0.557893,False,Roth17
LB,permissive,novel,0,0.0011108023,True,Roth17
LB,permissive,novel,0,0.08957022,True,Roth17
LB,permissive,novel,0,0.08957022,True,Roth17
LB,permissive,novel,0,0.113934636,True,Roth17
LB,permissive,novel,1,0.5213097,True,Roth17
LB,permissive,novel,0,0.000772352,True,Roth17
LB,permissive,novel,0,0.75985914,True,Roth17
LB,permissive,novel,0,0.557893,False,Roth17
LB,permissive,novel,0,0.113934636,True,Roth17
LB,permissive,novel,0,0.031904474,True,Roth17
LB,permissive,novel,0,0.031904474,True,Roth17
LB,permissive,novel,1,0.12243236,True,Roth17
LB,permissive,novel,0,0.0024576588,True,Roth17
LB,permissive,novel,0,0.0024576588,True,Roth17
LB,permissive,novel,0,0.557893,False,Roth17
LB,permissive,novel,0,0.557893,False,Roth17
LB,permissive,novel,0,0.0024864906,True,Roth17
LB,permissive,novel,0,0.0150513705,True,Roth17
LB,permissive,novel,0,0.0150513705,True,Roth17
LB,permissive,novel,0,0.0150513705,True,Roth17
LB,permissive,novel,0,0.0150513705,True,Roth17
LB,permissive,novel,0,0.0150513705,True,Roth17
LB,permissive,novel,0,0.00096994784,True,Roth17
LB,permissive,novel,0,0.5213097,True,Roth17
LB,permissive,novel,0,0.5213097,True,Roth17
LB,permissive,novel,0,0.00096994784,True,Roth17
LB,permissive,novel,0,0.08957022,True,Roth17
LB,permissive,novel,0,0.08957022,True,Roth17
LB,permissive,novel,0,0.08957022,True,Roth17
LB,permissive,novel,0,0.08957022,True,Roth17
LB,permissive,novel,0,0.08957022,True,Roth17
LB,permissive,novel,0,0.08957022,True,Roth17
LB,permissive,novel,0,0.08957022,True,Roth17
LB,permissive,novel,0,0.08957022,True,Roth17
LB,permissive,novel,1,0.53548986,True,Roth21
LB,permissive,novel,1,0.53548986,True,Roth21
LB,permissive,novel,0,0.53548986,True,Roth21
LB,permissive,novel,1,0.557893,False,Roth21
LB,permissive,novel,0,0.0013065371,True,Roth21
LB,permissive,novel,0,0.0013092783,True,Roth21
LB,permissive,novel,1,0.557893,False,Roth21
LB,permissive,novel,0,0.11978584,True,Roth21
LB,permissive,novel,1,0.113934636,True,Roth21
LB,permissive,novel,0,0.557893,False,Roth21
LB,permissive,novel,0,0.38791013,True,Roth21
LB,permissive,novel,0,0.001885943,True,Roth21
LB,permissive,novel,0,0.5213097,True,Roth21
LB,permissive,novel,0,0.5213097,True,Roth21
LB,permissive,novel,1,0.000772352,True,Roth21
LB,permissive,novel,0,0.000772352,True,Roth21
LB,permissive,novel,0,0.0015486409,True,Roth21
LB,permissive,novel,1,0.000772352,True,Roth21
LB,permissive,novel,1,0.557893,False,Roth21
LB,permissive,novel,1,0.557893,False,Roth21
LB,permissive,novel,0,0.0033112797,True,Roth21
LB,permissive,novel,1,0.557893,False,Roth21
LB,permissive,novel,1,0.557893,False,Roth21
LB,permissive,novel,1,0.0033112797,True,Roth21
LB,permissive,novel,0,0.0033112797,True,Roth21
LB,permissive,novel,1,0.557893,False,Roth21
LB,permissive,novel,0,0.557893,False,Roth21
LB,permissive,novel,0,0.0024576588,True,Roth21
LB,permissive,novel,0,0.027386786,True,Roth21
LB,permissive,novel,0,0.19537602,True,Roth21
LB,permissive,novel,0,0.055626206,True,Roth21
LB,permissive,novel,0,0.027959447,True,Roth21
LB,permissive,novel,0,0.557893,False,Roth21
LB,permissive,novel,0,0.557893,False,Roth21
LB,permissive,novel,0,0.557893,False,Roth21
LB,permissive,novel,1,0.5213097,True,Roth21
LB,permissive,novel,0,0.0013065371,True,Roth21
LB,permissive,novel,0,0.0013065371,True,Roth21
LB,permissive,novel,1,0.0015182435,True,Roth21
LB,permissive,novel,0,0.557893,False,Roth21
LB,permissive,novel,0,0.0011108023,True,Roth21
LB,permissive,novel,0,0.08957022,True,Roth21
LB,permissive,novel,0,0.08957022,True,Roth21
LB,permissive,novel,0,0.113934636,True,Roth21
LB,permissive,novel,1,0.5213097,True,Roth21
LB,permissive,novel,0,0.000772352,True,Roth21
LB,permissive,novel,0,0.75985914,True,Roth21
LB,permissive,novel,1,0.557893,False,Roth21
LB,permissive,novel,0,0.113934636,True,Roth21
LB,permissive,novel,0,0.031904474,True,Roth21
LB,permissive,novel,0,0.031904474,True,Roth21
LB,permissive,novel,1,0.12243236,True,Roth21
LB,permissive,novel,0,0.0024576588,True,Roth21
LB,permissive,novel,0,0.0024576588,True,Roth21
LB,permissive,novel,0,0.557893,False,Roth21
LB,permissive,novel,1,0.557893,False,Roth21
LB,permissive,novel,0,0.0024864906,True,Roth21
LB,permissive,novel,1,0.0150513705,True,Roth21
LB,permissive,novel,1,0.0150513705,True,Roth21
LB,permissive,novel,0,0.0150513705,True,Roth21
LB,permissive,novel,0,0.0150513705,True,Roth21
LB,permissive,novel,0,0.0150513705,True,Roth21
LB,permissive,novel,0,0.00096994784,True,Roth21
LB,permissive,novel,0,0.5213097,True,Roth21
LB,permissive,novel,0,0.5213097,True,Roth21
LB,permissive,novel,0,0.00096994784,True,Roth21
LB,permissive,novel,0,0.08957022,True,Roth21
LB,permissive,novel,0,0.08957022,True,Roth21
LB,permissive,novel,0,0.08957022,True,Roth21
LB,permissive,novel,0,0.08957022,True,Roth21
LB,permissive,novel,0,0.08957022,True,Roth21
LB,permissive,novel,1,0.08957022,True,Roth21
LB,permissive,novel,1,0.08957022,True,Roth21
LB,permissive,novel,0,0.08957022,True,Roth21
LB,permissive,novel,1,0.30818033,True,Roth51
LB,permissive,novel,1,0.30818033,True,Roth51
LB,permissive,novel,0,0.30818033,True,Roth51
LB,permissive,novel,1,0.32778427,False,Roth51
LB,permissive,novel,0,0.0008813991,True,Roth51
LB,permissive,novel,1,0.0005063335,True,Roth51
LB,permissive,novel,1,0.32778427,False,Roth51
LB,permissive,novel,0,0.09799873,True,Roth51
LB,permissive,novel,1,0.057122394,True,Roth51
LB,permissive,novel,0,0.32778427,False,Roth51
LB,permissive,novel,0,0.14724192,True,Roth51
LB,permissive,novel,0,0.0007296048,True,Roth51
LB,permissive,novel,0,0.094725184,True,Roth51
LB,permissive,novel,1,0.094725184,True,Roth51
LB,permissive,novel,0,0.000527662,True,Roth51
LB,permissive,novel,0,0.000527662,True,Roth51
LB,permissive,novel,0,0.0012367512,True,Roth51
LB,permissive,novel,0,0.000527662,True,Roth51
LB,permissive,novel,1,0.32778427,False,Roth51
LB,permissive,novel,1,0.32778427,False,Roth51
LB,permissive,novel,1,0.0023597504,True,Roth51
LB,permissive,novel,1,0.32778427,False,Roth51
LB,permissive,novel,1,0.32778427,False,Roth51
LB,permissive,novel,1,0.0023597504,True,Roth51
LB,permissive,novel,0,0.0023597504,True,Roth51
LB,permissive,novel,1,0.32778427,False,Roth51
LB,permissive,novel,0,0.32778427,False,Roth51
LB,permissive,novel,0,0.001658576,True,Roth51
LB,permissive,novel,0,0.023073873,True,Roth51
LB,permissive,novel,1,0.21719797,True,Roth51
LB,permissive,novel,0,0.036210254,True,Roth51
LB,permissive,novel,0,0.017355517,True,Roth51
LB,permissive,novel,0,0.32778427,False,Roth51
LB,permissive,novel,0,0.32778427,False,Roth51
LB,permissive,novel,0,0.32778427,False,Roth51
LB,permissive,novel,0,0.094725184,True,Roth51
LB,permissive,novel,0,0.0008813991,True,Roth51
LB,permissive,novel,0,0.0008813991,True,Roth51
LB,permissive,novel,0,0.0012124683,True,Roth51
LB,permissive,novel,0,0.32778427,False,Roth51
LB,permissive,novel,0,0.00065105443,True,Roth51
LB,permissive,novel,0,0.0203978,True,Roth51
LB,permissive,novel,0,0.0203978,True,Roth51
LB,permissive,novel,0,0.057122394,True,Roth51
LB,permissive,novel,0,0.094725184,True,Roth51
LB,permissive,novel,0,0.000527662,True,Roth51
LB,permissive,novel,0,0.5500984,True,Roth51
LB,permissive,novel,0,0.32778427,False,Roth51
LB,permissive,novel,0,0.057122394,True,Roth51
LB,permissive,novel,0,0.025636023,True,Roth51
LB,permissive,novel,1,0.025636023,True,Roth51
LB,permissive,novel,1,0.15523356,True,Roth51
LB,permissive,novel,0,0.001658576,True,Roth51
LB,permissive,novel,0,0.001658576,True,Roth51
LB,permissive,novel,0,0.32778427,False,Roth51
LB,permissive,novel,0,0.32778427,False,Roth51
LB,permissive,novel,0,0.0017922549,True,Roth51
LB,permissive,novel,1,0.009504634,True,Roth51
LB,permissive,novel,1,0.009504634,True,Roth51
LB,permissive,novel,1,0.009504634,True,Roth51
LB,permissive,novel,0,0.009504634,True,Roth51
LB,permissive,novel,0,0.009504634,True,Roth51
LB,permissive,novel,1,0.00066269864,True,Roth51
LB,permissive,novel,0,0.094725184,True,Roth51
LB,permissive,novel,0,0.094725184,True,Roth51
LB,permissive,novel,0,0.00066269864,True,Roth51
LB,permissive,novel,0,0.0203978,True,Roth51
LB,permissive,novel,0,0.0203978,True,Roth51
LB,permissive,novel,0,0.0203978,True,Roth51
LB,permissive,novel,0,0.0203978,True,Roth51
LB,permissive,novel,0,0.0203978,True,Roth51
LB,permissive,novel,0,0.0203978,True,Roth51
LB,permissive,novel,0,0.0203978,True,Roth51
LB,permissive,novel,0,0.0203978,True,Roth51
LB,permissive,novel,1,0.30818033,True,Roth80
LB,permissive,novel,1,0.30818033,True,Roth80
LB,permissive,novel,0,0.30818033,True,Roth80
LB,permissive,novel,1,0.32778427,False,Roth80
LB,permissive,novel,0,0.0008813991,True,Roth80
LB,permissive,novel,1,0.0005063335,True,Roth80
LB,permissive,novel,1,0.32778427,False,Roth80
LB,permissive,novel,0,0.09799873,True,Roth80
LB,permissive,novel,1,0.057122394,True,Roth80
LB,permissive,novel,0,0.32778427,False,Roth80
LB,permissive,novel,0,0.14724192,True,Roth80
LB,permissive,novel,0,0.0007296048,True,Roth80
LB,permissive,novel,0,0.094725184,True,Roth80
LB,permissive,novel,1,0.094725184,True,Roth80
LB,permissive,novel,0,0.000527662,True,Roth80
LB,permissive,novel,0,0.000527662,True,Roth80
LB,permissive,novel,0,0.0012367512,True,Roth80
LB,permissive,novel,0,0.000527662,True,Roth80
LB,permissive,novel,1,0.32778427,False,Roth80
LB,permissive,novel,1,0.32778427,False,Roth80
LB,permissive,novel,0,0.0023597504,True,Roth80
LB,permissive,novel,1,0.32778427,False,Roth80
LB,permissive,novel,1,0.32778427,False,Roth80
LB,permissive,novel,1,0.0023597504,True,Roth80
LB,permissive,novel,0,0.0023597504,True,Roth80
LB,permissive,novel,1,0.32778427,False,Roth80
LB,permissive,novel,0,0.32778427,False,Roth80
LB,permissive,novel,0,0.001658576,True,Roth80
LB,permissive,novel,0,0.023073873,True,Roth80
LB,permissive,novel,1,0.21719797,True,Roth80
LB,permissive,novel,0,0.036210254,True,Roth80
LB,permissive,novel,0,0.017355517,True,Roth80
LB,permissive,novel,0,0.32778427,False,Roth80
LB,permissive,novel,0,0.32778427,False,Roth80
LB,permissive,novel,0,0.32778427,False,Roth80
LB,permissive,novel,1,0.094725184,True,Roth80
LB,permissive,novel,1,0.0008813991,True,Roth80
LB,permissive,novel,0,0.0008813991,True,Roth80
LB,permissive,novel,0,0.0012124683,True,Roth80
LB,permissive,novel,0,0.32778427,False,Roth80
LB,permissive,novel,0,0.00065105443,True,Roth80
LB,permissive,novel,0,0.0203978,True,Roth80
LB,permissive,novel,0,0.0203978,True,Roth80
LB,permissive,novel,0,0.057122394,True,Roth80
LB,permissive,novel,0,0.094725184,True,Roth80
LB,permissive,novel,0,0.000527662,True,Roth80
LB,permissive,novel,0,0.5500984,True,Roth80
LB,permissive,novel,0,0.32778427,False,Roth80
LB,permissive,novel,0,0.057122394,True,Roth80
LB,permissive,novel,0,0.025636023,True,Roth80
LB,permissive,novel,0,0.025636023,True,Roth80
LB,permissive,novel,1,0.15523356,True,Roth80
LB,permissive,novel,0,0.001658576,True,Roth80
LB,permissive,novel,0,0.001658576,True,Roth80
LB,permissive,novel,0,0.32778427,False,Roth80
LB,permissive,novel,0,0.32778427,False,Roth80
LB,permissive,novel,0,0.0017922549,True,Roth80
LB,permissive,novel,0,0.009504634,True,Roth80
LB,permissive,novel,0,0.009504634,True,Roth80
LB,permissive,novel,0,0.009504634,True,Roth80
LB,permissive,novel,0,0.009504634,True,Roth80
LB,permissive,novel,0,0.009504634,True,Roth80
LB,permissive,novel,0,0.00066269864,True,Roth80
LB,permissive,novel,0,0.094725184,True,Roth80
LB,permissive,novel,0,0.094725184,True,Roth80
LB,permissive,novel,0,0.00066269864,True,Roth80
LB,permissive,novel,0,0.0203978,True,Roth80
LB,permissive,novel,0,0.0203978,True,Roth80
LB,permissive,novel,0,0.0203978,True,Roth80
LB,permissive,novel,0,0.0203978,True,Roth80
LB,permissive,novel,0,0.0203978,True,Roth80
LB,permissive,novel,0,0.0203978,True,Roth80
LB,permissive,novel,0,0.0203978,True,Roth80
LB,permissive,novel,0,0.0203978,True,Roth80
LB,permissive,novel,1,0.30818033,True,Roth66
LB,permissive,novel,1,0.30818033,True,Roth66
LB,permissive,novel,0,0.30818033,True,Roth66
LB,permissive,novel,1,0.32778427,False,Roth66
LB,permissive,novel,0,0.0008813991,True,Roth66
LB,permissive,novel,1,0.0005063335,True,Roth66
LB,permissive,novel,1,0.32778427,False,Roth66
LB,permissive,novel,0,0.09799873,True,Roth66
LB,permissive,novel,1,0.057122394,True,Roth66
LB,permissive,novel,0,0.32778427,False,Roth66
LB,permissive,novel,0,0.14724192,True,Roth66
LB,permissive,novel,0,0.0007296048,True,Roth66
LB,permissive,novel,0,0.094725184,True,Roth66
LB,permissive,novel,1,0.094725184,True,Roth66
LB,permissive,novel,0,0.000527662,True,Roth66
LB,permissive,novel,0,0.000527662,True,Roth66
LB,permissive,novel,0,0.0012367512,True,Roth66
LB,permissive,novel,0,0.000527662,True,Roth66
LB,permissive,novel,1,0.32778427,False,Roth66
LB,permissive,novel,1,0.32778427,False,Roth66
LB,permissive,novel,0,0.0023597504,True,Roth66
LB,permissive,novel,1,0.32778427,False,Roth66
LB,permissive,novel,1,0.32778427,False,Roth66
LB,permissive,novel,1,0.0023597504,True,Roth66
LB,permissive,novel,1,0.0023597504,True,Roth66
LB,permissive,novel,1,0.32778427,False,Roth66
LB,permissive,novel,0,0.32778427,False,Roth66
LB,permissive,novel,1,0.001658576,True,Roth66
LB,permissive,novel,0,0.023073873,True,Roth66
LB,permissive,novel,1,0.21719797,True,Roth66
LB,permissive,novel,0,0.036210254,True,Roth66
LB,permissive,novel,0,0.017355517,True,Roth66
LB,permissive,novel,0,0.32778427,False,Roth66
LB,permissive,novel,0,0.32778427,False,Roth66
LB,permissive,novel,1,0.32778427,False,Roth66
LB,permissive,novel,1,0.094725184,True,Roth66
LB,permissive,novel,0,0.0008813991,True,Roth66
LB,permissive,novel,0,0.0008813991,True,Roth66
LB,permissive,novel,1,0.0012124683,True,Roth66
LB,permissive,novel,0,0.32778427,False,Roth66
LB,permissive,novel,0,0.00065105443,True,Roth66
LB,permissive,novel,0,0.0203978,True,Roth66
LB,permissive,novel,0,0.0203978,True,Roth66
LB,permissive,novel,0,0.057122394,True,Roth66
LB,permissive,novel,1,0.094725184,True,Roth66
LB,permissive,novel,0,0.000527662,True,Roth66
LB,permissive,novel,0,0.5500984,True,Roth66
LB,permissive,novel,0,0.32778427,False,Roth66
LB,permissive,novel,0,0.057122394,True,Roth66
LB,permissive,novel,0,0.025636023,True,Roth66
LB,permissive,novel,0,0.025636023,True,Roth66
LB,permissive,novel,1,0.15523356,True,Roth66
LB,permissive,novel,0,0.001658576,True,Roth66
LB,permissive,novel,0,0.001658576,True,Roth66
LB,permissive,novel,0,0.32778427,False,Roth66
LB,permissive,novel,0,0.32778427,False,Roth66
LB,permissive,novel,1,0.0017922549,True,Roth66
LB,permissive,novel,1,0.009504634,True,Roth66
LB,permissive,novel,1,0.009504634,True,Roth66
LB,permissive,novel,1,0.009504634,True,Roth66
LB,permissive,novel,0,0.009504634,True,Roth66
LB,permissive,novel,0,0.009504634,True,Roth66
LB,permissive,novel,1,0.00066269864,True,Roth66
LB,permissive,novel,0,0.094725184,True,Roth66
LB,permissive,novel,0,0.094725184,True,Roth66
LB,permissive,novel,0,0.00066269864,True,Roth66
LB,permissive,novel,0,0.0203978,True,Roth66
LB,permissive,novel,0,0.0203978,True,Roth66
LB,permissive,novel,0,0.0203978,True,Roth66
LB,permissive,novel,0,0.0203978,True,Roth66
LB,permissive,novel,0,0.0203978,True,Roth66
LB,permissive,novel,1,0.0203978,True,Roth66
LB,permissive,novel,0,0.0203978,True,Roth66
LB,permissive,novel,0,0.0203978,True,Roth66
LB,permissive,novel,1,0.30818033,True,Roth68
LB,permissive,novel,1,0.30818033,True,Roth68
LB,permissive,novel,0,0.30818033,True,Roth68
LB,permissive,novel,1,0.32778427,False,Roth68
LB,permissive,novel,0,0.0008813991,True,Roth68
LB,permissive,novel,1,0.0005063335,True,Roth68
LB,permissive,novel,1,0.32778427,False,Roth68
LB,permissive,novel,0,0.09799873,True,Roth68
LB,permissive,novel,1,0.057122394,True,Roth68
LB,permissive,novel,0,0.32778427,False,Roth68
LB,permissive,novel,0,0.14724192,True,Roth68
LB,permissive,novel,0,0.0007296048,True,Roth68
LB,permissive,novel,0,0.094725184,True,Roth68
LB,permissive,novel,1,0.094725184,True,Roth68
LB,permissive,novel,0,0.000527662,True,Roth68
LB,permissive,novel,0,0.000527662,True,Roth68
LB,permissive,novel,0,0.0012367512,True,Roth68
LB,permissive,novel,0,0.000527662,True,Roth68
LB,permissive,novel,1,0.32778427,False,Roth68
LB,permissive,novel,1,0.32778427,False,Roth68
LB,permissive,novel,0,0.0023597504,True,Roth68
LB,permissive,novel,1,0.32778427,False,Roth68
LB,permissive,novel,1,0.32778427,False,Roth68
LB,permissive,novel,1,0.0023597504,True,Roth68
LB,permissive,novel,0,0.0023597504,True,Roth68
LB,permissive,novel,1,0.32778427,False,Roth68
LB,permissive,novel,0,0.32778427,False,Roth68
LB,permissive,novel,1,0.001658576,True,Roth68
LB,permissive,novel,0,0.023073873,True,Roth68
LB,permissive,novel,1,0.21719797,True,Roth68
LB,permissive,novel,0,0.036210254,True,Roth68
LB,permissive,novel,0,0.017355517,True,Roth68
LB,permissive,novel,0,0.32778427,False,Roth68
LB,permissive,novel,0,0.32778427,False,Roth68
LB,permissive,novel,1,0.32778427,False,Roth68
LB,permissive,novel,1,0.094725184,True,Roth68
LB,permissive,novel,0,0.0008813991,True,Roth68
LB,permissive,novel,0,0.0008813991,True,Roth68
LB,permissive,novel,1,0.0012124683,True,Roth68
LB,permissive,novel,0,0.32778427,False,Roth68
LB,permissive,novel,0,0.00065105443,True,Roth68
LB,permissive,novel,0,0.0203978,True,Roth68
LB,permissive,novel,0,0.0203978,True,Roth68
LB,permissive,novel,0,0.057122394,True,Roth68
LB,permissive,novel,1,0.094725184,True,Roth68
LB,permissive,novel,0,0.000527662,True,Roth68
LB,permissive,novel,0,0.5500984,True,Roth68
LB,permissive,novel,0,0.32778427,False,Roth68
LB,permissive,novel,0,0.057122394,True,Roth68
LB,permissive,novel,0,0.025636023,True,Roth68
LB,permissive,novel,0,0.025636023,True,Roth68
LB,permissive,novel,1,0.15523356,True,Roth68
LB,permissive,novel,0,0.001658576,True,Roth68
LB,permissive,novel,0,0.001658576,True,Roth68
LB,permissive,novel,0,0.32778427,False,Roth68
LB,permissive,novel,0,0.32778427,False,Roth68
LB,permissive,novel,1,0.0017922549,True,Roth68
LB,permissive,novel,1,0.009504634,True,Roth68
LB,permissive,novel,1,0.009504634,True,Roth68
LB,permissive,novel,1,0.009504634,True,Roth68
LB,permissive,novel,0,0.009504634,True,Roth68
LB,permissive,novel,0,0.009504634,True,Roth68
LB,permissive,novel,1,0.00066269864,True,Roth68
LB,permissive,novel,0,0.094725184,True,Roth68
LB,permissive,novel,0,0.094725184,True,Roth68
LB,permissive,novel,0,0.00066269864,True,Roth68
LB,permissive,novel,0,0.0203978,True,Roth68
LB,permissive,novel,0,0.0203978,True,Roth68
LB,permissive,novel,0,0.0203978,True,Roth68
LB,permissive,novel,0,0.0203978,True,Roth68
LB,permissive,novel,0,0.0203978,True,Roth68
LB,permissive,novel,1,0.0203978,True,Roth68
LB,permissive,novel,0,0.0203978,True,Roth68
LB,permissive,novel,0,0.0203978,True,Roth68
LB,permissive,novel,1,0.30818033,True,Roth76
LB,permissive,novel,1,0.30818033,True,Roth76
LB,permissive,novel,0,0.30818033,True,Roth76
LB,permissive,novel,1,0.32778427,False,Roth76
LB,permissive,novel,0,0.0008813991,True,Roth76
LB,permissive,novel,1,0.0005063335,True,Roth76
LB,permissive,novel,1,0.32778427,False,Roth76
LB,permissive,novel,0,0.09799873,True,Roth76
LB,permissive,novel,1,0.057122394,True,Roth76
LB,permissive,novel,0,0.32778427,False,Roth76
LB,permissive,novel,0,0.14724192,True,Roth76
LB,permissive,novel,0,0.0007296048,True,Roth76
LB,permissive,novel,0,0.094725184,True,Roth76
LB,permissive,novel,1,0.094725184,True,Roth76
LB,permissive,novel,0,0.000527662,True,Roth76
LB,permissive,novel,0,0.000527662,True,Roth76
LB,permissive,novel,0,0.0012367512,True,Roth76
LB,permissive,novel,0,0.000527662,True,Roth76
LB,permissive,novel,1,0.32778427,False,Roth76
LB,permissive,novel,1,0.32778427,False,Roth76
LB,permissive,novel,0,0.0023597504,True,Roth76
LB,permissive,novel,1,0.32778427,False,Roth76
LB,permissive,novel,0,0.32778427,False,Roth76
LB,permissive,novel,1,0.0023597504,True,Roth76
LB,permissive,novel,0,0.0023597504,True,Roth76
LB,permissive,novel,1,0.32778427,False,Roth76
LB,permissive,novel,0,0.32778427,False,Roth76
LB,permissive,novel,0,0.001658576,True,Roth76
LB,permissive,novel,0,0.023073873,True,Roth76
LB,permissive,novel,1,0.21719797,True,Roth76
LB,permissive,novel,0,0.036210254,True,Roth76
LB,permissive,novel,0,0.017355517,True,Roth76
LB,permissive,novel,0,0.32778427,False,Roth76
LB,permissive,novel,0,0.32778427,False,Roth76
LB,permissive,novel,1,0.32778427,False,Roth76
LB,permissive,novel,1,0.094725184,True,Roth76
LB,permissive,novel,1,0.0008813991,True,Roth76
LB,permissive,novel,0,0.0008813991,True,Roth76
LB,permissive,novel,1,0.0012124683,True,Roth76
LB,permissive,novel,0,0.32778427,False,Roth76
LB,permissive,novel,0,0.00065105443,True,Roth76
LB,permissive,novel,0,0.0203978,True,Roth76
LB,permissive,novel,0,0.0203978,True,Roth76
LB,permissive,novel,0,0.057122394,True,Roth76
LB,permissive,novel,0,0.094725184,True,Roth76
LB,permissive,novel,0,0.000527662,True,Roth76
LB,permissive,novel,1,0.5500984,True,Roth76
LB,permissive,novel,0,0.32778427,False,Roth76
LB,permissive,novel,0,0.057122394,True,Roth76
LB,permissive,novel,0,0.025636023,True,Roth76
LB,permissive,novel,0,0.025636023,True,Roth76
LB,permissive,novel,1,0.15523356,True,Roth76
LB,permissive,novel,0,0.001658576,True,Roth76
LB,permissive,novel,0,0.001658576,True,Roth76
LB,permissive,novel,0,0.32778427,False,Roth76
LB,permissive,novel,0,0.32778427,False,Roth76
LB,permissive,novel,1,0.0017922549,True,Roth76
LB,permissive,novel,1,0.009504634,True,Roth76
LB,permissive,novel,1,0.009504634,True,Roth76
LB,permissive,novel,0,0.009504634,True,Roth76
LB,permissive,novel,0,0.009504634,True,Roth76
LB,permissive,novel,0,0.009504634,True,Roth76
LB,permissive,novel,1,0.00066269864,True,Roth76
LB,permissive,novel,0,0.094725184,True,Roth76
LB,permissive,novel,0,0.094725184,True,Roth76
LB,permissive,novel,0,0.00066269864,True,Roth76
LB,permissive,novel,0,0.0203978,True,Roth76
LB,permissive,novel,0,0.0203978,True,Roth76
LB,permissive,novel,0,0.0203978,True,Roth76
LB,permissive,novel,0,0.0203978,True,Roth76
LB,permissive,novel,0,0.0203978,True,Roth76
LB,permissive,novel,0,0.0203978,True,Roth76
LB,permissive,novel,0,0.0203978,True,Roth76
LB,permissive,novel,0,0.0203978,True,Roth76
LB,permissive,novel,1,0.30818033,True,Roth34
LB,permissive,novel,1,0.30818033,True,Roth34
LB,permissive,novel,0,0.30818033,True,Roth34
LB,permissive,novel,1,0.32778427,False,Roth34
LB,permissive,novel,0,0.0008813991,True,Roth34
LB,permissive,novel,1,0.0005063335,True,Roth34
LB,permissive,novel,1,0.32778427,False,Roth34
LB,permissive,novel,0,0.09799873,True,Roth34
LB,permissive,novel,1,0.057122394,True,Roth34
LB,permissive,novel,0,0.32778427,False,Roth34
LB,permissive,novel,0,0.14724192,True,Roth34
LB,permissive,novel,0,0.0007296048,True,Roth34
LB,permissive,novel,1,0.094725184,True,Roth34
LB,permissive,novel,1,0.094725184,True,Roth34
LB,permissive,novel,0,0.000527662,True,Roth34
LB,permissive,novel,0,0.000527662,True,Roth34
LB,permissive,novel,0,0.0012367512,True,Roth34
LB,permissive,novel,0,0.000527662,True,Roth34
LB,permissive,novel,1,0.32778427,False,Roth34
LB,permissive,novel,1,0.32778427,False,Roth34
LB,permissive,novel,0,0.0023597504,True,Roth34
LB,permissive,novel,1,0.32778427,False,Roth34
LB,permissive,novel,0,0.32778427,False,Roth34
LB,permissive,novel,1,0.0023597504,True,Roth34
LB,permissive,novel,0,0.0023597504,True,Roth34
LB,permissive,novel,1,0.32778427,False,Roth34
LB,permissive,novel,0,0.32778427,False,Roth34
LB,permissive,novel,0,0.001658576,True,Roth34
LB,permissive,novel,0,0.023073873,True,Roth34
LB,permissive,novel,1,0.21719797,True,Roth34
LB,permissive,novel,0,0.036210254,True,Roth34
LB,permissive,novel,0,0.017355517,True,Roth34
LB,permissive,novel,0,0.32778427,False,Roth34
LB,permissive,novel,0,0.32778427,False,Roth34
LB,permissive,novel,0,0.32778427,False,Roth34
LB,permissive,novel,0,0.094725184,True,Roth34
LB,permissive,novel,1,0.0008813991,True,Roth34
LB,permissive,novel,0,0.0008813991,True,Roth34
LB,permissive,novel,0,0.0012124683,True,Roth34
LB,permissive,novel,0,0.32778427,False,Roth34
LB,permissive,novel,0,0.00065105443,True,Roth34
LB,permissive,novel,0,0.0203978,True,Roth34
LB,permissive,novel,0,0.0203978,True,Roth34
LB,permissive,novel,0,0.057122394,True,Roth34
LB,permissive,novel,1,0.094725184,True,Roth34
LB,permissive,novel,0,0.000527662,True,Roth34
LB,permissive,novel,0,0.5500984,True,Roth34
LB,permissive,novel,0,0.32778427,False,Roth34
LB,permissive,novel,0,0.057122394,True,Roth34
LB,permissive,novel,0,0.025636023,True,Roth34
LB,permissive,novel,1,0.025636023,True,Roth34
LB,permissive,novel,1,0.15523356,True,Roth34
LB,permissive,novel,0,0.001658576,True,Roth34
LB,permissive,novel,0,0.001658576,True,Roth34
LB,permissive,novel,0,0.32778427,False,Roth34
LB,permissive,novel,0,0.32778427,False,Roth34
LB,permissive,novel,0,0.0017922549,True,Roth34
LB,permissive,novel,1,0.009504634,True,Roth34
LB,permissive,novel,1,0.009504634,True,Roth34
LB,permissive,novel,1,0.009504634,True,Roth34
LB,permissive,novel,1,0.009504634,True,Roth34
LB,permissive,novel,0,0.009504634,True,Roth34
LB,permissive,novel,1,0.00066269864,True,Roth34
LB,permissive,novel,0,0.094725184,True,Roth34
LB,permissive,novel,0,0.094725184,True,Roth34
LB,permissive,novel,1,0.00066269864,True,Roth34
LB,permissive,novel,0,0.0203978,True,Roth34
LB,permissive,novel,0,0.0203978,True,Roth34
LB,permissive,novel,0,0.0203978,True,Roth34
LB,permissive,novel,0,0.0203978,True,Roth34
LB,permissive,novel,0,0.0203978,True,Roth34
LB,permissive,novel,0,0.0203978,True,Roth34
LB,permissive,novel,0,0.0203978,True,Roth34
LB,permissive,novel,0,0.0203978,True,Roth34
LB,permissive,novel,1,0.30818033,True,Roth79
LB,permissive,novel,1,0.30818033,True,Roth79
LB,permissive,novel,0,0.30818033,True,Roth79
LB,permissive,novel,1,0.32778427,False,Roth79
LB,permissive,novel,0,0.0008813991,True,Roth79
LB,permissive,novel,1,0.0005063335,True,Roth79
LB,permissive,novel,1,0.32778427,False,Roth79
LB,permissive,novel,0,0.09799873,True,Roth79
LB,permissive,novel,1,0.057122394,True,Roth79
LB,permissive,novel,0,0.32778427,False,Roth79
LB,permissive,novel,0,0.14724192,True,Roth79
LB,permissive,novel,0,0.0007296048,True,Roth79
LB,permissive,novel,1,0.094725184,True,Roth79
LB,permissive,novel,1,0.094725184,True,Roth79
LB,permissive,novel,0,0.000527662,True,Roth79
LB,permissive,novel,0,0.000527662,True,Roth79
LB,permissive,novel,0,0.0012367512,True,Roth79
LB,permissive,novel,0,0.000527662,True,Roth79
LB,permissive,novel,1,0.32778427,False,Roth79
LB,permissive,novel,1,0.32778427,False,Roth79
LB,permissive,novel,0,0.0023597504,True,Roth79
LB,permissive,novel,1,0.32778427,False,Roth79
LB,permissive,novel,1,0.32778427,False,Roth79
LB,permissive,novel,1,0.0023597504,True,Roth79
LB,permissive,novel,0,0.0023597504,True,Roth79
LB,permissive,novel,1,0.32778427,False,Roth79
LB,permissive,novel,0,0.32778427,False,Roth79
LB,permissive,novel,0,0.001658576,True,Roth79
LB,permissive,novel,0,0.023073873,True,Roth79
LB,permissive,novel,1,0.21719797,True,Roth79
LB,permissive,novel,0,0.036210254,True,Roth79
LB,permissive,novel,0,0.017355517,True,Roth79
LB,permissive,novel,0,0.32778427,False,Roth79
LB,permissive,novel,0,0.32778427,False,Roth79
LB,permissive,novel,0,0.32778427,False,Roth79
LB,permissive,novel,1,0.094725184,True,Roth79
LB,permissive,novel,1,0.0008813991,True,Roth79
LB,permissive,novel,0,0.0008813991,True,Roth79
LB,permissive,novel,1,0.0012124683,True,Roth79
LB,permissive,novel,0,0.32778427,False,Roth79
LB,permissive,novel,0,0.00065105443,True,Roth79
LB,permissive,novel,0,0.0203978,True,Roth79
LB,permissive,novel,0,0.0203978,True,Roth79
LB,permissive,novel,0,0.057122394,True,Roth79
LB,permissive,novel,0,0.094725184,True,Roth79
LB,permissive,novel,0,0.000527662,True,Roth79
LB,permissive,novel,0,0.5500984,True,Roth79
LB,permissive,novel,0,0.32778427,False,Roth79
LB,permissive,novel,0,0.057122394,True,Roth79
LB,permissive,novel,0,0.025636023,True,Roth79
LB,permissive,novel,0,0.025636023,True,Roth79
LB,permissive,novel,1,0.15523356,True,Roth79
LB,permissive,novel,0,0.001658576,True,Roth79
LB,permissive,novel,0,0.001658576,True,Roth79
LB,permissive,novel,0,0.32778427,False,Roth79
LB,permissive,novel,0,0.32778427,False,Roth79
LB,permissive,novel,0,0.0017922549,True,Roth79
LB,permissive,novel,0,0.009504634,True,Roth79
LB,permissive,novel,0,0.009504634,True,Roth79
LB,permissive,novel,0,0.009504634,True,Roth79
LB,permissive,novel,0,0.009504634,True,Roth79
LB,permissive,novel,0,0.009504634,True,Roth79
LB,permissive,novel,0,0.00066269864,True,Roth79
LB,permissive,novel,0,0.094725184,True,Roth79
LB,permissive,novel,0,0.094725184,True,Roth79
LB,permissive,novel,0,0.00066269864,True,Roth79
LB,permissive,novel,0,0.0203978,True,Roth79
LB,permissive,novel,0,0.0203978,True,Roth79
LB,permissive,novel,0,0.0203978,True,Roth79
LB,permissive,novel,0,0.0203978,True,Roth79
LB,permissive,novel,0,0.0203978,True,Roth79
LB,permissive,novel,0,0.0203978,True,Roth79
LB,permissive,novel,0,0.0203978,True,Roth79
LB,permissive,novel,0,0.0203978,True,Roth79
LB,permissive,novel,1,0.30818033,True,Roth01
LB,permissive,novel,1,0.30818033,True,Roth01
LB,permissive,novel,0,0.30818033,True,Roth01
LB,permissive,novel,1,0.32778427,False,Roth01
LB,permissive,novel,0,0.0008813991,True,Roth01
LB,permissive,novel,1,0.0005063335,True,Roth01
LB,permissive,novel,1,0.32778427,False,Roth01
LB,permissive,novel,0,0.09799873,True,Roth01
LB,permissive,novel,1,0.057122394,True,Roth01
LB,permissive,novel,0,0.32778427,False,Roth01
LB,permissive,novel,1,0.14724192,True,Roth01
LB,permissive,novel,0,0.0007296048,True,Roth01
LB,permissive,novel,0,0.094725184,True,Roth01
LB,permissive,novel,1,0.094725184,True,Roth01
LB,permissive,novel,0,0.000527662,True,Roth01
LB,permissive,novel,0,0.000527662,True,Roth01
LB,permissive,novel,0,0.0012367512,True,Roth01
LB,permissive,novel,0,0.000527662,True,Roth01
LB,permissive,novel,1,0.32778427,False,Roth01
LB,permissive,novel,1,0.32778427,False,Roth01
LB,permissive,novel,1,0.0023597504,True,Roth01
LB,permissive,novel,1,0.32778427,False,Roth01
LB,permissive,novel,1,0.32778427,False,Roth01
LB,permissive,novel,1,0.0023597504,True,Roth01
LB,permissive,novel,0,0.0023597504,True,Roth01
LB,permissive,novel,1,0.32778427,False,Roth01
LB,permissive,novel,0,0.32778427,False,Roth01
LB,permissive,novel,0,0.001658576,True,Roth01
LB,permissive,novel,0,0.023073873,True,Roth01
LB,permissive,novel,1,0.21719797,True,Roth01
LB,permissive,novel,1,0.036210254,True,Roth01
LB,permissive,novel,0,0.017355517,True,Roth01
LB,permissive,novel,1,0.32778427,False,Roth01
LB,permissive,novel,0,0.32778427,False,Roth01
LB,permissive,novel,1,0.32778427,False,Roth01
LB,permissive,novel,1,0.094725184,True,Roth01
LB,permissive,novel,1,0.0008813991,True,Roth01
LB,permissive,novel,0,0.0008813991,True,Roth01
LB,permissive,novel,1,0.0012124683,True,Roth01
LB,permissive,novel,0,0.32778427,False,Roth01
LB,permissive,novel,0,0.00065105443,True,Roth01
LB,permissive,novel,0,0.0203978,True,Roth01
LB,permissive,novel,0,0.0203978,True,Roth01
LB,permissive,novel,0,0.057122394,True,Roth01
LB,permissive,novel,1,0.094725184,True,Roth01
LB,permissive,novel,0,0.000527662,True,Roth01
LB,permissive,novel,0,0.5500984,True,Roth01
LB,permissive,novel,0,0.32778427,False,Roth01
LB,permissive,novel,0,0.057122394,True,Roth01
LB,permissive,novel,0,0.025636023,True,Roth01
LB,permissive,novel,1,0.025636023,True,Roth01
LB,permissive,novel,1,0.15523356,True,Roth01
LB,permissive,novel,0,0.001658576,True,Roth01
LB,permissive,novel,0,0.001658576,True,Roth01
LB,permissive,novel,0,0.32778427,False,Roth01
LB,permissive,novel,0,0.32778427,False,Roth01
LB,permissive,novel,0,0.0017922549,True,Roth01
LB,permissive,novel,1,0.009504634,True,Roth01
LB,permissive,novel,1,0.009504634,True,Roth01
LB,permissive,novel,1,0.009504634,True,Roth01
LB,permissive,novel,1,0.009504634,True,Roth01
LB,permissive,novel,1,0.009504634,True,Roth01
LB,permissive,novel,1,0.00066269864,True,Roth01
LB,permissive,novel,0,0.094725184,True,Roth01
LB,permissive,novel,0,0.094725184,True,Roth01
LB,permissive,novel,1,0.00066269864,True,Roth01
LB,permissive,novel,1,0.0203978,True,Roth01
LB,permissive,novel,0,0.0203978,True,Roth01
LB,permissive,novel,0,0.0203978,True,Roth01
LB,permissive,novel,0,0.0203978,True,Roth01
LB,permissive,novel,0,0.0203978,True,Roth01
LB,permissive,novel,1,0.0203978,True,Roth01
LB,permissive,novel,0,0.0203978,True,Roth01
LB,permissive,novel,0,0.0203978,True,Roth01
TSB,strict,near-identical,0,0.9910715,True,Roth37
TSB,strict,near-identical,0,0.9910715,True,Roth37
TSB,strict,near-identical,0,0.9910715,True,Roth37
TSB,strict,near-identical,0,0.96503717,False,Roth37
TSB,strict,near-identical,0,0.107115105,True,Roth37
TSB,strict,near-identical,0,0.005278311,True,Roth37
TSB,strict,near-identical,0,0.96503717,False,Roth37
TSB,strict,near-identical,0,0.9976908,True,Roth37
TSB,strict,near-identical,0,0.09816019,True,Roth37
TSB,strict,near-identical,0,0.96503717,False,Roth37
TSB,strict,near-identical,0,0.98464715,True,Roth37
TSB,strict,near-identical,0,0.0054854387,True,Roth37
TSB,strict,near-identical,0,0.060793724,True,Roth37
TSB,strict,near-identical,0,0.060793724,True,Roth37
TSB,strict,near-identical,0,0.062112898,True,Roth37
TSB,strict,near-identical,0,0.062112898,True,Roth37
TSB,strict,near-identical,1,0.062112898,True,Roth37
TSB,strict,near-identical,0,0.96503717,False,Roth37
TSB,strict,near-identical,0,0.96503717,False,Roth37
TSB,strict,near-identical,0,0.20559052,True,Roth37
TSB,strict,near-identical,0,0.96503717,False,Roth37
TSB,strict,near-identical,0,0.96503717,False,Roth37
TSB,strict,near-identical,0,0.20559052,True,Roth37
TSB,strict,near-identical,0,0.20559052,True,Roth37
TSB,strict,near-identical,1,0.96503717,False,Roth37
TSB,strict,near-identical,0,0.96503717,False,Roth37
TSB,strict,near-identical,0,0.17510408,True,Roth37
TSB,strict,near-identical,0,0.10592663,True,Roth37
TSB,strict,near-identical,0,0.18510178,True,Roth37
TSB,strict,near-identical,1,0.28174847,True,Roth37
TSB,strict,near-identical,0,0.031310443,True,Roth37
TSB,strict,near-identical,0,0.96503717,False,Roth37
TSB,strict,near-identical,0,0.96503717,False,Roth37
TSB,strict,near-identical,0,0.96503717,False,Roth37
TSB,strict,near-identical,0,0.060793724,True,Roth37
TSB,strict,near-identical,0,0.107115105,True,Roth37
TSB,strict,near-identical,0,0.107115105,True,Roth37
TSB,strict,near-identical,0,0.068529956,True,Roth37
TSB,strict,near-identical,0,0.96503717,False,Roth37
TSB,strict,near-identical,0,0.008859678,True,Roth37
TSB,strict,near-identical,1,0.09211443,True,Roth37
TSB,strict,near-identical,0,0.09211443,True,Roth37
TSB,strict,near-identical,0,0.09816019,True,Roth37
TSB,strict,near-identical,0,0.060793724,True,Roth37
TSB,strict,near-identical,0,0.062112898,True,Roth37
TSB,strict,near-identical,0,0.5265235,True,Roth37
TSB,strict,near-identical,0,0.96503717,False,Roth37
TSB,strict,near-identical,0,0.09816019,True,Roth37
TSB,strict,near-identical,0,0.03894771,True,Roth37
TSB,strict,near-identical,0,0.03894771,True,Roth37
TSB,strict,near-identical,0,0.27197737,True,Roth37
TSB,strict,near-identical,0,0.17510408,True,Roth37
TSB,strict,near-identical,0,0.17510408,True,Roth37
TSB,strict,near-identical,0,0.96503717,False,Roth37
TSB,strict,near-identical,0,0.1767996,True,Roth37
TSB,strict,near-identical,0,0.035517957,True,Roth37
TSB,strict,near-identical,0,0.035517957,True,Roth37
TSB,strict,near-identical,0,0.035517957,True,Roth37
TSB,strict,near-identical,0,0.035517957,True,Roth37
TSB,strict,near-identical,0,0.035517957,True,Roth37
TSB,strict,near-identical,1,0.07446387,True,Roth37
TSB,strict,near-identical,0,0.060793724,True,Roth37
TSB,strict,near-identical,0,0.060793724,True,Roth37
TSB,strict,near-identical,0,0.07446387,True,Roth37
TSB,strict,near-identical,0,0.09211443,True,Roth37
TSB,strict,near-identical,0,0.09211443,True,Roth37
TSB,strict,near-identical,0,0.09211443,True,Roth37
TSB,strict,near-identical,0,0.09211443,True,Roth37
TSB,strict,near-identical,0,0.09211443,True,Roth37
TSB,strict,near-identical,0,0.09211443,True,Roth37
TSB,strict,near-identical,0,0.09211443,True,Roth37
TSB,strict,near-identical,0,0.09211443,True,Roth37
TSB,strict,near-identical,0,0.9910715,True,Roth39
TSB,strict,near-identical,0,0.9910715,True,Roth39
TSB,strict,near-identical,0,0.9910715,True,Roth39
TSB,strict,near-identical,0,0.96503717,False,Roth39
TSB,strict,near-identical,0,0.107115105,True,Roth39
TSB,strict,near-identical,0,0.005278311,True,Roth39
TSB,strict,near-identical,0,0.96503717,False,Roth39
TSB,strict,near-identical,0,0.9976908,True,Roth39
TSB,strict,near-identical,0,0.09816019,True,Roth39
TSB,strict,near-identical,0,0.96503717,False,Roth39
TSB,strict,near-identical,0,0.98464715,True,Roth39
TSB,strict,near-identical,0,0.0054854387,True,Roth39
TSB,strict,near-identical,0,0.060793724,True,Roth39
TSB,strict,near-identical,0,0.060793724,True,Roth39
TSB,strict,near-identical,0,0.062112898,True,Roth39
TSB,strict,near-identical,0,0.062112898,True,Roth39
TSB,strict,near-identical,1,0.070906356,True,Roth39
TSB,strict,near-identical,1,0.062112898,True,Roth39
TSB,strict,near-identical,0,0.96503717,False,Roth39
TSB,strict,near-identical,0,0.96503717,False,Roth39
TSB,strict,near-identical,0,0.20559052,True,Roth39
TSB,strict,near-identical,0,0.96503717,False,Roth39
TSB,strict,near-identical,0,0.96503717,False,Roth39
TSB,strict,near-identical,0,0.20559052,True,Roth39
TSB,strict,near-identical,0,0.20559052,True,Roth39
TSB,strict,near-identical,1,0.96503717,False,Roth39
TSB,strict,near-identical,0,0.96503717,False,Roth39
TSB,strict,near-identical,0,0.17510408,True,Roth39
TSB,strict,near-identical,0,0.10592663,True,Roth39
TSB,strict,near-identical,0,0.18510178,True,Roth39
TSB,strict,near-identical,1,0.28174847,True,Roth39
TSB,strict,near-identical,0,0.031310443,True,Roth39
TSB,strict,near-identical,0,0.96503717,False,Roth39
TSB,strict,near-identical,0,0.96503717,False,Roth39
TSB,strict,near-identical,0,0.96503717,False,Roth39
TSB,strict,near-identical,0,0.060793724,True,Roth39
TSB,strict,near-identical,0,0.107115105,True,Roth39
TSB,strict,near-identical,0,0.107115105,True,Roth39
TSB,strict,near-identical,0,0.068529956,True,Roth39
TSB,strict,near-identical,0,0.96503717,False,Roth39
TSB,strict,near-identical,0,0.008859678,True,Roth39
TSB,strict,near-identical,1,0.09211443,True,Roth39
TSB,strict,near-identical,0,0.09211443,True,Roth39
TSB,strict,near-identical,0,0.09816019,True,Roth39
TSB,strict,near-identical,0,0.060793724,True,Roth39
TSB,strict,near-identical,0,0.5265235,True,Roth39
TSB,strict,near-identical,0,0.96503717,False,Roth39
TSB,strict,near-identical,0,0.09816019,True,Roth39
TSB,strict,near-identical,0,0.03894771,True,Roth39
TSB,strict,near-identical,0,0.03894771,True,Roth39
TSB,strict,near-identical,0,0.27197737,True,Roth39
TSB,strict,near-identical,0,0.17510408,True,Roth39
TSB,strict,near-identical,0,0.17510408,True,Roth39
TSB,strict,near-identical,0,0.96503717,False,Roth39
TSB,strict,near-identical,0,0.96503717,False,Roth39
TSB,strict,near-identical,0,0.1767996,True,Roth39
TSB,strict,near-identical,0,0.035517957,True,Roth39
TSB,strict,near-identical,0,0.035517957,True,Roth39
TSB,strict,near-identical,0,0.035517957,True,Roth39
TSB,strict,near-identical,0,0.035517957,True,Roth39
TSB,strict,near-identical,0,0.035517957,True,Roth39
TSB,strict,near-identical,1,0.07446387,True,Roth39
TSB,strict,near-identical,0,0.060793724,True,Roth39
TSB,strict,near-identical,1,0.060793724,True,Roth39
TSB,strict,near-identical,0,0.07446387,True,Roth39
TSB,strict,near-identical,0,0.09211443,True,Roth39
TSB,strict,near-identical,0,0.09211443,True,Roth39
TSB,strict,near-identical,0,0.09211443,True,Roth39
TSB,strict,near-identical,0,0.09211443,True,Roth39
TSB,strict,near-identical,0,0.09211443,True,Roth39
TSB,strict,near-identical,0,0.09211443,True,Roth39
TSB,strict,near-identical,0,0.09211443,True,Roth39
TSB,strict,near-identical,0,0.09211443,True,Roth39
TSB,strict,near-identical,0,0.9910715,True,Roth49
TSB,strict,near-identical,0,0.9910715,True,Roth49
TSB,strict,near-identical,0,0.9910715,True,Roth49
TSB,strict,near-identical,0,0.96503717,False,Roth49
TSB,strict,near-identical,0,0.107115105,True,Roth49
TSB,strict,near-identical,0,0.005278311,True,Roth49
TSB,strict,near-identical,0,0.96503717,False,Roth49
TSB,strict,near-identical,0,0.9976908,True,Roth49
TSB,strict,near-identical,0,0.09816019,True,Roth49
TSB,strict,near-identical,0,0.96503717,False,Roth49
TSB,strict,near-identical,0,0.98464715,True,Roth49
TSB,strict,near-identical,0,0.0054854387,True,Roth49
TSB,strict,near-identical,0,0.060793724,True,Roth49
TSB,strict,near-identical,0,0.060793724,True,Roth49
TSB,strict,near-identical,0,0.062112898,True,Roth49
TSB,strict,near-identical,0,0.062112898,True,Roth49
TSB,strict,near-identical,0,0.070906356,True,Roth49
TSB,strict,near-identical,1,0.062112898,True,Roth49
TSB,strict,near-identical,0,0.96503717,False,Roth49
TSB,strict,near-identical,0,0.96503717,False,Roth49
TSB,strict,near-identical,0,0.20559052,True,Roth49
TSB,strict,near-identical,0,0.96503717,False,Roth49
TSB,strict,near-identical,0,0.96503717,False,Roth49
TSB,strict,near-identical,0,0.20559052,True,Roth49
TSB,strict,near-identical,0,0.20559052,True,Roth49
TSB,strict,near-identical,1,0.96503717,False,Roth49
TSB,strict,near-identical,0,0.96503717,False,Roth49
TSB,strict,near-identical,0,0.17510408,True,Roth49
TSB,strict,near-identical,0,0.10592663,True,Roth49
TSB,strict,near-identical,0,0.18510178,True,Roth49
TSB,strict,near-identical,1,0.28174847,True,Roth49
TSB,strict,near-identical,0,0.031310443,True,Roth49
TSB,strict,near-identical,0,0.96503717,False,Roth49
TSB,strict,near-identical,0,0.96503717,False,Roth49
TSB,strict,near-identical,0,0.96503717,False,Roth49
TSB,strict,near-identical,0,0.060793724,True,Roth49
TSB,strict,near-identical,0,0.107115105,True,Roth49
TSB,strict,near-identical,0,0.107115105,True,Roth49
TSB,strict,near-identical,0,0.068529956,True,Roth49
TSB,strict,near-identical,0,0.96503717,False,Roth49
TSB,strict,near-identical,0,0.008859678,True,Roth49
TSB,strict,near-identical,1,0.09211443,True,Roth49
TSB,strict,near-identical,0,0.09211443,True,Roth49
TSB,strict,near-identical,0,0.09816019,True,Roth49
TSB,strict,near-identical,0,0.060793724,True,Roth49
TSB,strict,near-identical,0,0.062112898,True,Roth49
TSB,strict,near-identical,0,0.5265235,True,Roth49
TSB,strict,near-identical,0,0.96503717,False,Roth49
TSB,strict,near-identical,0,0.09816019,True,Roth49
TSB,strict,near-identical,0,0.03894771,True,Roth49
TSB,strict,near-identical,0,0.03894771,True,Roth49
TSB,strict,near-identical,0,0.27197737,True,Roth49
TSB,strict,near-identical,0,0.17510408,True,Roth49
TSB,strict,near-identical,0,0.17510408,True,Roth49
TSB,strict,near-identical,0,0.96503717,False,Roth49
TSB,strict,near-identical,0,0.96503717,False,Roth49
TSB,strict,near-identical,0,0.1767996,True,Roth49
TSB,strict,near-identical,0,0.035517957,True,Roth49
TSB,strict,near-identical,0,0.035517957,True,Roth49
TSB,strict,near-identical,0,0.035517957,True,Roth49
TSB,strict,near-identical,0,0.035517957,True,Roth49
TSB,strict,near-identical,0,0.035517957,True,Roth49
TSB,strict,near-identical,0,0.07446387,True,Roth49
TSB,strict,near-identical,0,0.060793724,True,Roth49
TSB,strict,near-identical,1,0.060793724,True,Roth49
TSB,strict,near-identical,0,0.07446387,True,Roth49
TSB,strict,near-identical,0,0.09211443,True,Roth49
TSB,strict,near-identical,0,0.09211443,True,Roth49
TSB,strict,near-identical,0,0.09211443,True,Roth49
TSB,strict,near-identical,0,0.09211443,True,Roth49
TSB,strict,near-identical,0,0.09211443,True,Roth49
TSB,strict,near-identical,0,0.09211443,True,Roth49
TSB,strict,near-identical,0,0.09211443,True,Roth49
TSB,strict,near-identical,0,0.09211443,True,Roth49
TSB,strict,near-identical,0,0.9910715,True,Roth50
TSB,strict,near-identical,0,0.9910715,True,Roth50
TSB,strict,near-identical,0,0.9910715,True,Roth50
TSB,strict,near-identical,0,0.96503717,False,Roth50
TSB,strict,near-identical,0,0.107115105,True,Roth50
TSB,strict,near-identical,0,0.005278311,True,Roth50
TSB,strict,near-identical,0,0.96503717,False,Roth50
TSB,strict,near-identical,0,0.9976908,True,Roth50
TSB,strict,near-identical,0,0.09816019,True,Roth50
TSB,strict,near-identical,0,0.96503717,False,Roth50
TSB,strict,near-identical,0,0.98464715,True,Roth50
TSB,strict,near-identical,0,0.0054854387,True,Roth50
TSB,strict,near-identical,0,0.060793724,True,Roth50
TSB,strict,near-identical,0,0.060793724,True,Roth50
TSB,strict,near-identical,0,0.062112898,True,Roth50
TSB,strict,near-identical,0,0.062112898,True,Roth50
TSB,strict,near-identical,0,0.070906356,True,Roth50
TSB,strict,near-identical,1,0.062112898,True,Roth50
TSB,strict,near-identical,0,0.96503717,False,Roth50
TSB,strict,near-identical,0,0.96503717,False,Roth50
TSB,strict,near-identical,0,0.20559052,True,Roth50
TSB,strict,near-identical,0,0.96503717,False,Roth50
TSB,strict,near-identical,0,0.96503717,False,Roth50
TSB,strict,near-identical,0,0.20559052,True,Roth50
TSB,strict,near-identical,0,0.20559052,True,Roth50
TSB,strict,near-identical,1,0.96503717,False,Roth50
TSB,strict,near-identical,0,0.96503717,False,Roth50
TSB,strict,near-identical,0,0.17510408,True,Roth50
TSB,strict,near-identical,0,0.10592663,True,Roth50
TSB,strict,near-identical,0,0.18510178,True,Roth50
TSB,strict,near-identical,1,0.28174847,True,Roth50
TSB,strict,near-identical,0,0.031310443,True,Roth50
TSB,strict,near-identical,0,0.96503717,False,Roth50
TSB,strict,near-identical,0,0.96503717,False,Roth50
TSB,strict,near-identical,0,0.96503717,False,Roth50
TSB,strict,near-identical,0,0.060793724,True,Roth50
TSB,strict,near-identical,0,0.107115105,True,Roth50
TSB,strict,near-identical,0,0.107115105,True,Roth50
TSB,strict,near-identical,0,0.068529956,True,Roth50
TSB,strict,near-identical,0,0.96503717,False,Roth50
TSB,strict,near-identical,0,0.008859678,True,Roth50
TSB,strict,near-identical,1,0.09211443,True,Roth50
TSB,strict,near-identical,0,0.09211443,True,Roth50
TSB,strict,near-identical,0,0.09816019,True,Roth50
TSB,strict,near-identical,0,0.060793724,True,Roth50
TSB,strict,near-identical,0,0.062112898,True,Roth50
TSB,strict,near-identical,0,0.5265235,True,Roth50
TSB,strict,near-identical,0,0.96503717,False,Roth50
TSB,strict,near-identical,0,0.09816019,True,Roth50
TSB,strict,near-identical,0,0.03894771,True,Roth50
TSB,strict,near-identical,0,0.03894771,True,Roth50
TSB,strict,near-identical,0,0.27197737,True,Roth50
TSB,strict,near-identical,0,0.17510408,True,Roth50
TSB,strict,near-identical,0,0.17510408,True,Roth50
TSB,strict,near-identical,0,0.96503717,False,Roth50
TSB,strict,near-identical,0,0.96503717,False,Roth50
TSB,strict,near-identical,0,0.1767996,True,Roth50
TSB,strict,near-identical,0,0.035517957,True,Roth50
TSB,strict,near-identical,0,0.035517957,True,Roth50
TSB,strict,near-identical,0,0.035517957,True,Roth50
TSB,strict,near-identical,0,0.035517957,True,Roth50
TSB,strict,near-identical,0,0.035517957,True,Roth50
TSB,strict,near-identical,0,0.07446387,True,Roth50
TSB,strict,near-identical,0,0.060793724,True,Roth50
TSB,strict,near-identical,1,0.060793724,True,Roth50
TSB,strict,near-identical,0,0.07446387,True,Roth50
TSB,strict,near-identical,0,0.09211443,True,Roth50
TSB,strict,near-identical,0,0.09211443,True,Roth50
TSB,strict,near-identical,0,0.09211443,True,Roth50
TSB,strict,near-identical,0,0.09211443,True,Roth50
TSB,strict,near-identical,0,0.09211443,True,Roth50
TSB,strict,near-identical,0,0.09211443,True,Roth50
TSB,strict,near-identical,0,0.09211443,True,Roth50
TSB,strict,near-identical,0,0.09211443,True,Roth50
TSB,strict,near-identical,0,0.12893279,True,Roth08
TSB,strict,near-identical,0,0.12893279,True,Roth08
TSB,strict,near-identical,0,0.12893279,True,Roth08
TSB,strict,near-identical,0,0.6538875,False,Roth08
TSB,strict,near-identical,0,0.0022931383,True,Roth08
TSB,strict,near-identical,0,0.0036131057,True,Roth08
TSB,strict,near-identical,0,0.6538875,False,Roth08
TSB,strict,near-identical,1,0.08881356,True,Roth08
TSB,strict,near-identical,0,0.045079503,True,Roth08
TSB,strict,near-identical,0,0.6538875,False,Roth08
TSB,strict,near-identical,0,0.17566647,True,Roth08
TSB,strict,near-identical,0,0.0027667521,True,Roth08
TSB,strict,near-identical,0,0.015595933,True,Roth08
TSB,strict,near-identical,0,0.015595933,True,Roth08
TSB,strict,near-identical,0,0.0013232682,True,Roth08
TSB,strict,near-identical,0,0.0013232682,True,Roth08
TSB,strict,near-identical,1,0.0014827268,True,Roth08
TSB,strict,near-identical,0,0.0013232682,True,Roth08
TSB,strict,near-identical,1,0.6538875,False,Roth08
TSB,strict,near-identical,0,0.6538875,False,Roth08
TSB,strict,near-identical,0,0.004998313,True,Roth08
TSB,strict,near-identical,0,0.6538875,False,Roth08
TSB,strict,near-identical,0,0.6538875,False,Roth08
TSB,strict,near-identical,0,0.004998313,True,Roth08
TSB,strict,near-identical,0,0.004998313,True,Roth08
TSB,strict,near-identical,1,0.6538875,False,Roth08
TSB,strict,near-identical,0,0.6538875,False,Roth08
TSB,strict,near-identical,0,0.0038635929,True,Roth08
TSB,strict,near-identical,1,0.1589629,True,Roth08
TSB,strict,near-identical,0,0.28602028,True,Roth08
TSB,strict,near-identical,1,0.039947197,True,Roth08
TSB,strict,near-identical,0,0.009815636,True,Roth08
TSB,strict,near-identical,0,0.6538875,False,Roth08
TSB,strict,near-identical,0,0.6538875,False,Roth08
TSB,strict,near-identical,0,0.6538875,False,Roth08
TSB,strict,near-identical,0,0.015595933,True,Roth08
TSB,strict,near-identical,0,0.0022931383,True,Roth08
TSB,strict,near-identical,0,0.0022931383,True,Roth08
TSB,strict,near-identical,0,0.002682122,True,Roth08
TSB,strict,near-identical,0,0.6538875,False,Roth08
TSB,strict,near-identical,0,0.0025897191,True,Roth08
TSB,strict,near-identical,1,0.037664518,True,Roth08
TSB,strict,near-identical,0,0.037664518,True,Roth08
TSB,strict,near-identical,0,0.045079503,True,Roth08
TSB,strict,near-identical,0,0.015595933,True,Roth08
TSB,strict,near-identical,0,0.0013232682,True,Roth08
TSB,strict,near-identical,0,0.021000601,True,Roth08
TSB,strict,near-identical,0,0.6538875,False,Roth08
TSB,strict,near-identical,0,0.045079503,True,Roth08
TSB,strict,near-identical,0,0.043542147,True,Roth08
TSB,strict,near-identical,0,0.043542147,True,Roth08
TSB,strict,near-identical,1,0.007795633,True,Roth08
TSB,strict,near-identical,0,0.0038635929,True,Roth08
TSB,strict,near-identical,0,0.0038635929,True,Roth08
TSB,strict,near-identical,0,0.6538875,False,Roth08
TSB,strict,near-identical,0,0.0037206037,True,Roth08
TSB,strict,near-identical,0,0.051187694,True,Roth08
TSB,strict,near-identical,0,0.051187694,True,Roth08
TSB,strict,near-identical,0,0.051187694,True,Roth08
TSB,strict,near-identical,0,0.051187694,True,Roth08
TSB,strict,near-identical,0,0.051187694,True,Roth08
TSB,strict,near-identical,0,0.0017972848,True,Roth08
TSB,strict,near-identical,0,0.015595933,True,Roth08
TSB,strict,near-identical,1,0.015595933,True,Roth08
TSB,strict,near-identical,1,0.0017972848,True,Roth08
TSB,strict,near-identical,0,0.037664518,True,Roth08
TSB,strict,near-identical,0,0.037664518,True,Roth08
TSB,strict,near-identical,0,0.037664518,True,Roth08
TSB,strict,near-identical,0,0.037664518,True,Roth08
TSB,strict,near-identical,0,0.037664518,True,Roth08
TSB,strict,near-identical,0,0.037664518,True,Roth08
TSB,strict,near-identical,0,0.037664518,True,Roth08
TSB,strict,near-identical,0,0.037664518,True,Roth08
TSB,strict,near-identical,0,0.02458451,True,Roth74
TSB,strict,near-identical,0,0.02458451,True,Roth74
TSB,strict,near-identical,0,0.02458451,True,Roth74
TSB,strict,near-identical,0,0.36889198,False,Roth74
TSB,strict,near-identical,0,0.00071060535,True,Roth74
TSB,strict,near-identical,0,0.0007580204,True,Roth74
TSB,strict,near-identical,0,0.36889198,False,Roth74
TSB,strict,near-identical,0,0.03370811,True,Roth74
TSB,strict,near-identical,0,0.029687654,True,Roth74
TSB,strict,near-identical,0,0.36889198,False,Roth74
TSB,strict,near-identical,0,0.03259833,True,Roth74
TSB,strict,near-identical,0,0.00072860805,True,Roth74
TSB,strict,near-identical,0,0.0067978115,True,Roth74
TSB,strict,near-identical,0,0.0067978115,True,Roth74
TSB,strict,near-identical,0,0.00040978382,True,Roth74
TSB,strict,near-identical,0,0.00040978382,True,Roth74
TSB,strict,near-identical,1,0.00053772336,True,Roth74
TSB,strict,near-identical,0,0.00040978382,True,Roth74
TSB,strict,near-identical,0,0.36889198,False,Roth74
TSB,strict,near-identical,0,0.36889198,False,Roth74
TSB,strict,near-identical,0,0.0015326367,True,Roth74
TSB,strict,near-identical,0,0.36889198,False,Roth74
TSB,strict,near-identical,0,0.36889198,False,Roth74
TSB,strict,near-identical,0,0.0015326367,True,Roth74
TSB,strict,near-identical,0,0.0015326367,True,Roth74
TSB,strict,near-identical,1,0.36889198,False,Roth74
TSB,strict,near-identical,0,0.36889198,False,Roth74
TSB,strict,near-identical,0,0.0011985627,True,Roth74
TSB,strict,near-identical,1,0.05506273,True,Roth74
TSB,strict,near-identical,0,0.07552204,True,Roth74
TSB,strict,near-identical,1,0.0195148,True,Roth74
TSB,strict,near-identical,0,0.0048041297,True,Roth74
TSB,strict,near-identical,0,0.36889198,False,Roth74
TSB,strict,near-identical,0,0.36889198,False,Roth74
TSB,strict,near-identical,0,0.36889198,False,Roth74
TSB,strict,near-identical,0,0.0067978115,True,Roth74
TSB,strict,near-identical,0,0.00071060535,True,Roth74
TSB,strict,near-identical,0,0.00071060535,True,Roth74
TSB,strict,near-identical,0,0.0009734413,True,Roth74
TSB,strict,near-identical,0,0.36889198,False,Roth74
TSB,strict,near-identical,0,0.00064574,True,Roth74
TSB,strict,near-identical,1,0.008870923,True,Roth74
TSB,strict,near-identical,0,0.008870923,True,Roth74
TSB,strict,near-identical,0,0.029687654,True,Roth74
TSB,strict,near-identical,0,0.0067978115,True,Roth74
TSB,strict,near-identical,0,0.00040978382,True,Roth74
TSB,strict,near-identical,0,0.006593063,True,Roth74
TSB,strict,near-identical,0,0.36889198,False,Roth74
TSB,strict,near-identical,0,0.029687654,True,Roth74
TSB,strict,near-identical,0,0.009729611,True,Roth74
TSB,strict,near-identical,0,0.009729611,True,Roth74
TSB,strict,near-identical,0,0.002424966,True,Roth74
TSB,strict,near-identical,0,0.0011985627,True,Roth74
TSB,strict,near-identical,0,0.0011985627,True,Roth74
TSB,strict,near-identical,0,0.36889198,False,Roth74
TSB,strict,near-identical,1,0.36889198,False,Roth74
TSB,strict,near-identical,0,0.0011540916,True,Roth74
TSB,strict,near-identical,0,0.008109103,True,Roth74
TSB,strict,near-identical,0,0.008109103,True,Roth74
TSB,strict,near-identical,0,0.008109103,True,Roth74
TSB,strict,near-identical,0,0.008109103,True,Roth74
TSB,strict,near-identical,0,0.008109103,True,Roth74
TSB,strict,near-identical,0,0.0005567571,True,Roth74
TSB,strict,near-identical,0,0.0067978115,True,Roth74
TSB,strict,near-identical,1,0.0067978115,True,Roth74
TSB,strict,near-identical,1,0.0005567571,True,Roth74
TSB,strict,near-identical,0,0.008870923,True,Roth74
TSB,strict,near-identical,0,0.008870923,True,Roth74
TSB,strict,near-identical,0,0.008870923,True,Roth74
TSB,strict,near-identical,0,0.008870923,True,Roth74
TSB,strict,near-identical,1,0.008870923,True,Roth74
TSB,strict,near-identical,0,0.008870923,True,Roth74
TSB,strict,near-identical,0,0.008870923,True,Roth74
TSB,strict,near-identical,0,0.008870923,True,Roth74
TSB,strict,near-identical,0,0.02458451,True,Roth75
TSB,strict,near-identical,0,0.02458451,True,Roth75
TSB,strict,near-identical,0,0.02458451,True,Roth75
TSB,strict,near-identical,0,0.36889198,False,Roth75
TSB,strict,near-identical,0,0.00071060535,True,Roth75
TSB,strict,near-identical,0,0.0007580204,True,Roth75
TSB,strict,near-identical,0,0.36889198,False,Roth75
TSB,strict,near-identical,0,0.03370811,True,Roth75
TSB,strict,near-identical,0,0.029687654,True,Roth75
TSB,strict,near-identical,0,0.36889198,False,Roth75
TSB,strict,near-identical,0,0.03259833,True,Roth75
TSB,strict,near-identical,0,0.00072860805,True,Roth75
TSB,strict,near-identical,0,0.0067978115,True,Roth75
TSB,strict,near-identical,0,0.0067978115,True,Roth75
TSB,strict,near-identical,0,0.00040978382,True,Roth75
TSB,strict,near-identical,0,0.00040978382,True,Roth75
TSB,strict,near-identical,1,0.00053772336,True,Roth75
TSB,strict,near-identical,0,0.00040978382,True,Roth75
TSB,strict,near-identical,0,0.36889198,False,Roth75
TSB,strict,near-identical,0,0.36889198,False,Roth75
TSB,strict,near-identical,0,0.0015326367,True,Roth75
TSB,strict,near-identical,0,0.36889198,False,Roth75
TSB,strict,near-identical,0,0.36889198,False,Roth75
TSB,strict,near-identical,0,0.0015326367,True,Roth75
TSB,strict,near-identical,0,0.0015326367,True,Roth75
TSB,strict,near-identical,1,0.36889198,False,Roth75
TSB,strict,near-identical,0,0.36889198,False,Roth75
TSB,strict,near-identical,0,0.0011985627,True,Roth75
TSB,strict,near-identical,1,0.05506273,True,Roth75
TSB,strict,near-identical,0,0.07552204,True,Roth75
TSB,strict,near-identical,1,0.0195148,True,Roth75
TSB,strict,near-identical,0,0.0048041297,True,Roth75
TSB,strict,near-identical,0,0.36889198,False,Roth75
TSB,strict,near-identical,0,0.36889198,False,Roth75
TSB,strict,near-identical,0,0.36889198,False,Roth75
TSB,strict,near-identical,0,0.0067978115,True,Roth75
TSB,strict,near-identical,0,0.00071060535,True,Roth75
TSB,strict,near-identical,0,0.00071060535,True,Roth75
TSB,strict,near-identical,0,0.0009734413,True,Roth75
TSB,strict,near-identical,0,0.36889198,False,Roth75
TSB,strict,near-identical,0,0.00064574,True,Roth75
TSB,strict,near-identical,1,0.008870923,True,Roth75
TSB,strict,near-identical,0,0.008870923,True,Roth75
TSB,strict,near-identical,0,0.029687654,True,Roth75
TSB,strict,near-identical,0,0.0067978115,True,Roth75
TSB,strict,near-identical,0,0.00040978382,True,Roth75
TSB,strict,near-identical,0,0.006593063,True,Roth75
TSB,strict,near-identical,0,0.36889198,False,Roth75
TSB,strict,near-identical,0,0.029687654,True,Roth75
TSB,strict,near-identical,0,0.009729611,True,Roth75
TSB,strict,near-identical,0,0.009729611,True,Roth75
TSB,strict,near-identical,0,0.002424966,True,Roth75
TSB,strict,near-identical,0,0.0011985627,True,Roth75
TSB,strict,near-identical,0,0.0011985627,True,Roth75
TSB,strict,near-identical,0,0.36889198,False,Roth75
TSB,strict,near-identical,1,0.36889198,False,Roth75
TSB,strict,near-identical,0,0.0011540916,True,Roth75
TSB,strict,near-identical,0,0.008109103,True,Roth75
TSB,strict,near-identical,0,0.008109103,True,Roth75
TSB,strict,near-identical,0,0.008109103,True,Roth75
TSB,strict,near-identical,0,0.008109103,True,Roth75
TSB,strict,near-identical,0,0.008109103,True,Roth75
TSB,strict,near-identical,0,0.0005567571,True,Roth75
TSB,strict,near-identical,0,0.0067978115,True,Roth75
TSB,strict,near-identical,1,0.0067978115,True,Roth75
TSB,strict,near-identical,1,0.0005567571,True,Roth75
TSB,strict,near-identical,0,0.008870923,True,Roth75
TSB,strict,near-identical,0,0.008870923,True,Roth75
TSB,strict,near-identical,0,0.008870923,True,Roth75
TSB,strict,near-identical,0,0.008870923,True,Roth75
TSB,strict,near-identical,1,0.008870923,True,Roth75
TSB,strict,near-identical,0,0.008870923,True,Roth75
TSB,strict,near-identical,0,0.008870923,True,Roth75
TSB,strict,near-identical,0,0.008870923,True,Roth75
TSB,strict,near-identical,0,0.02458451,True,Roth42
TSB,strict,near-identical,0,0.02458451,True,Roth42
TSB,strict,near-identical,0,0.02458451,True,Roth42
TSB,strict,near-identical,0,0.36889198,False,Roth42
TSB,strict,near-identical,0,0.00071060535,True,Roth42
TSB,strict,near-identical,0,0.0007580204,True,Roth42
TSB,strict,near-identical,0,0.36889198,False,Roth42
TSB,strict,near-identical,0,0.03370811,True,Roth42
TSB,strict,near-identical,0,0.029687654,True,Roth42
TSB,strict,near-identical,0,0.36889198,False,Roth42
TSB,strict,near-identical,0,0.03259833,True,Roth42
TSB,strict,near-identical,0,0.00072860805,True,Roth42
TSB,strict,near-identical,0,0.0067978115,True,Roth42
TSB,strict,near-identical,0,0.0067978115,True,Roth42
TSB,strict,near-identical,0,0.00040978382,True,Roth42
TSB,strict,near-identical,0,0.00040978382,True,Roth42
TSB,strict,near-identical,1,0.00053772336,True,Roth42
TSB,strict,near-identical,0,0.00040978382,True,Roth42
TSB,strict,near-identical,0,0.36889198,False,Roth42
TSB,strict,near-identical,0,0.36889198,False,Roth42
TSB,strict,near-identical,0,0.0015326367,True,Roth42
TSB,strict,near-identical,0,0.36889198,False,Roth42
TSB,strict,near-identical,0,0.36889198,False,Roth42
TSB,strict,near-identical,0,0.0015326367,True,Roth42
TSB,strict,near-identical,0,0.0015326367,True,Roth42
TSB,strict,near-identical,1,0.36889198,False,Roth42
TSB,strict,near-identical,0,0.36889198,False,Roth42
TSB,strict,near-identical,0,0.0011985627,True,Roth42
TSB,strict,near-identical,1,0.05506273,True,Roth42
TSB,strict,near-identical,0,0.07552204,True,Roth42
TSB,strict,near-identical,1,0.0195148,True,Roth42
TSB,strict,near-identical,0,0.0048041297,True,Roth42
TSB,strict,near-identical,0,0.36889198,False,Roth42
TSB,strict,near-identical,0,0.36889198,False,Roth42
TSB,strict,near-identical,0,0.36889198,False,Roth42
TSB,strict,near-identical,0,0.0067978115,True,Roth42
TSB,strict,near-identical,0,0.00071060535,True,Roth42
TSB,strict,near-identical,0,0.00071060535,True,Roth42
TSB,strict,near-identical,0,0.0009734413,True,Roth42
TSB,strict,near-identical,0,0.36889198,False,Roth42
TSB,strict,near-identical,0,0.00064574,True,Roth42
TSB,strict,near-identical,1,0.008870923,True,Roth42
TSB,strict,near-identical,0,0.008870923,True,Roth42
TSB,strict,near-identical,0,0.029687654,True,Roth42
TSB,strict,near-identical,0,0.0067978115,True,Roth42
TSB,strict,near-identical,0,0.00040978382,True,Roth42
TSB,strict,near-identical,0,0.006593063,True,Roth42
TSB,strict,near-identical,0,0.36889198,False,Roth42
TSB,strict,near-identical,0,0.029687654,True,Roth42
TSB,strict,near-identical,0,0.009729611,True,Roth42
TSB,strict,near-identical,0,0.009729611,True,Roth42
TSB,strict,near-identical,1,0.002424966,True,Roth42
TSB,strict,near-identical,0,0.0011985627,True,Roth42
TSB,strict,near-identical,0,0.0011985627,True,Roth42
TSB,strict,near-identical,0,0.36889198,False,Roth42
TSB,strict,near-identical,1,0.36889198,False,Roth42
TSB,strict,near-identical,0,0.0011540916,True,Roth42
TSB,strict,near-identical,0,0.008109103,True,Roth42
TSB,strict,near-identical,0,0.008109103,True,Roth42
TSB,strict,near-identical,0,0.008109103,True,Roth42
TSB,strict,near-identical,0,0.008109103,True,Roth42
TSB,strict,near-identical,0,0.008109103,True,Roth42
TSB,strict,near-identical,1,0.0005567571,True,Roth42
TSB,strict,near-identical,0,0.0067978115,True,Roth42
TSB,strict,near-identical,1,0.0067978115,True,Roth42
TSB,strict,near-identical,1,0.0005567571,True,Roth42
TSB,strict,near-identical,0,0.008870923,True,Roth42
TSB,strict,near-identical,0,0.008870923,True,Roth42
TSB,strict,near-identical,0,0.008870923,True,Roth42
TSB,strict,near-identical,0,0.008870923,True,Roth42
TSB,strict,near-identical,1,0.008870923,True,Roth42
TSB,strict,near-identical,0,0.008870923,True,Roth42
TSB,strict,near-identical,0,0.008870923,True,Roth42
TSB,strict,near-identical,0,0.008870923,True,Roth42
TSB,strict,near-identical,0,0.02458451,True,Roth87
TSB,strict,near-identical,0,0.02458451,True,Roth87
TSB,strict,near-identical,0,0.02458451,True,Roth87
TSB,strict,near-identical,0,0.36889198,False,Roth87
TSB,strict,near-identical,0,0.00071060535,True,Roth87
TSB,strict,near-identical,0,0.0007580204,True,Roth87
TSB,strict,near-identical,0,0.36889198,False,Roth87
TSB,strict,near-identical,0,0.03370811,True,Roth87
TSB,strict,near-identical,0,0.029687654,True,Roth87
TSB,strict,near-identical,0,0.36889198,False,Roth87
TSB,strict,near-identical,0,0.03259833,True,Roth87
TSB,strict,near-identical,0,0.00072860805,True,Roth87
TSB,strict,near-identical,0,0.0067978115,True,Roth87
TSB,strict,near-identical,0,0.0067978115,True,Roth87
TSB,strict,near-identical,0,0.00040978382,True,Roth87
TSB,strict,near-identical,0,0.00040978382,True,Roth87
TSB,strict,near-identical,1,0.00053772336,True,Roth87
TSB,strict,near-identical,0,0.00040978382,True,Roth87
TSB,strict,near-identical,0,0.36889198,False,Roth87
TSB,strict,near-identical,0,0.0015326367,True,Roth87
TSB,strict,near-identical,0,0.36889198,False,Roth87
TSB,strict,near-identical,0,0.36889198,False,Roth87
TSB,strict,near-identical,0,0.0015326367,True,Roth87
TSB,strict,near-identical,0,0.0015326367,True,Roth87
TSB,strict,near-identical,1,0.36889198,False,Roth87
TSB,strict,near-identical,0,0.36889198,False,Roth87
TSB,strict,near-identical,0,0.0011985627,True,Roth87
TSB,strict,near-identical,1,0.05506273,True,Roth87
TSB,strict,near-identical,0,0.07552204,True,Roth87
TSB,strict,near-identical,1,0.0195148,True,Roth87
TSB,strict,near-identical,0,0.0048041297,True,Roth87
TSB,strict,near-identical,0,0.36889198,False,Roth87
TSB,strict,near-identical,0,0.36889198,False,Roth87
TSB,strict,near-identical,0,0.36889198,False,Roth87
TSB,strict,near-identical,0,0.0067978115,True,Roth87
TSB,strict,near-identical,0,0.00071060535,True,Roth87
TSB,strict,near-identical,0,0.00071060535,True,Roth87
TSB,strict,near-identical,0,0.0009734413,True,Roth87
TSB,strict,near-identical,0,0.36889198,False,Roth87
TSB,strict,near-identical,0,0.00064574,True,Roth87
TSB,strict,near-identical,1,0.008870923,True,Roth87
TSB,strict,near-identical,0,0.008870923,True,Roth87
TSB,strict,near-identical,0,0.029687654,True,Roth87
TSB,strict,near-identical,0,0.0067978115,True,Roth87
TSB,strict,near-identical,0,0.00040978382,True,Roth87
TSB,strict,near-identical,0,0.006593063,True,Roth87
TSB,strict,near-identical,0,0.36889198,False,Roth87
TSB,strict,near-identical,0,0.029687654,True,Roth87
TSB,strict,near-identical,0,0.009729611,True,Roth87
TSB,strict,near-identical,0,0.009729611,True,Roth87
TSB,strict,near-identical,1,0.002424966,True,Roth87
TSB,strict,near-identical,0,0.0011985627,True,Roth87
TSB,strict,near-identical,0,0.0011985627,True,Roth87
TSB,strict,near-identical,0,0.36889198,False,Roth87
TSB,strict,near-identical,1,0.36889198,False,Roth87
TSB,strict,near-identical,0,0.0011540916,True,Roth87
TSB,strict,near-identical,0,0.008109103,True,Roth87
TSB,strict,near-identical,0,0.008109103,True,Roth87
TSB,strict,near-identical,0,0.008109103,True,Roth87
TSB,strict,near-identical,0,0.008109103,True,Roth87
TSB,strict,near-identical,0,0.008109103,True,Roth87
TSB,strict,near-identical,0,0.0005567571,True,Roth87
TSB,strict,near-identical,0,0.0067978115,True,Roth87
TSB,strict,near-identical,1,0.0067978115,True,Roth87
TSB,strict,near-identical,1,0.0005567571,True,Roth87
TSB,strict,near-identical,0,0.008870923,True,Roth87
TSB,strict,near-identical,0,0.008870923,True,Roth87
TSB,strict,near-identical,0,0.008870923,True,Roth87
TSB,strict,near-identical,0,0.008870923,True,Roth87
TSB,strict,near-identical,1,0.008870923,True,Roth87
TSB,strict,near-identical,0,0.008870923,True,Roth87
TSB,strict,near-identical,0,0.008870923,True,Roth87
TSB,strict,near-identical,0,0.008870923,True,Roth87
TSB,strict,near-identical,0,0.02458451,True,Roth24
TSB,strict,near-identical,0,0.02458451,True,Roth24
TSB,strict,near-identical,0,0.02458451,True,Roth24
TSB,strict,near-identical,0,0.36889198,False,Roth24
TSB,strict,near-identical,0,0.00071060535,True,Roth24
TSB,strict,near-identical,0,0.0007580204,True,Roth24
TSB,strict,near-identical,0,0.36889198,False,Roth24
TSB,strict,near-identical,0,0.03370811,True,Roth24
TSB,strict,near-identical,0,0.029687654,True,Roth24
TSB,strict,near-identical,0,0.36889198,False,Roth24
TSB,strict,near-identical,0,0.03259833,True,Roth24
TSB,strict,near-identical,0,0.00072860805,True,Roth24
TSB,strict,near-identical,0,0.0067978115,True,Roth24
TSB,strict,near-identical,0,0.0067978115,True,Roth24
TSB,strict,near-identical,0,0.00040978382,True,Roth24
TSB,strict,near-identical,0,0.00040978382,True,Roth24
TSB,strict,near-identical,1,0.00053772336,True,Roth24
TSB,strict,near-identical,0,0.00040978382,True,Roth24
TSB,strict,near-identical,0,0.36889198,False,Roth24
TSB,strict,near-identical,0,0.36889198,False,Roth24
TSB,strict,near-identical,0,0.0015326367,True,Roth24
TSB,strict,near-identical,0,0.36889198,False,Roth24
TSB,strict,near-identical,0,0.36889198,False,Roth24
TSB,strict,near-identical,0,0.0015326367,True,Roth24
TSB,strict,near-identical,0,0.0015326367,True,Roth24
TSB,strict,near-identical,1,0.36889198,False,Roth24
TSB,strict,near-identical,0,0.36889198,False,Roth24
TSB,strict,near-identical,0,0.0011985627,True,Roth24
TSB,strict,near-identical,1,0.05506273,True,Roth24
TSB,strict,near-identical,0,0.07552204,True,Roth24
TSB,strict,near-identical,1,0.0195148,True,Roth24
TSB,strict,near-identical,0,0.0048041297,True,Roth24
TSB,strict,near-identical,0,0.36889198,False,Roth24
TSB,strict,near-identical,0,0.36889198,False,Roth24
TSB,strict,near-identical,0,0.36889198,False,Roth24
TSB,strict,near-identical,0,0.0067978115,True,Roth24
TSB,strict,near-identical,0,0.00071060535,True,Roth24
TSB,strict,near-identical,0,0.00071060535,True,Roth24
TSB,strict,near-identical,0,0.0009734413,True,Roth24
TSB,strict,near-identical,0,0.36889198,False,Roth24
TSB,strict,near-identical,0,0.00064574,True,Roth24
TSB,strict,near-identical,1,0.008870923,True,Roth24
TSB,strict,near-identical,0,0.008870923,True,Roth24
TSB,strict,near-identical,0,0.029687654,True,Roth24
TSB,strict,near-identical,0,0.0067978115,True,Roth24
TSB,strict,near-identical,0,0.00040978382,True,Roth24
TSB,strict,near-identical,0,0.006593063,True,Roth24
TSB,strict,near-identical,0,0.36889198,False,Roth24
TSB,strict,near-identical,0,0.029687654,True,Roth24
TSB,strict,near-identical,0,0.009729611,True,Roth24
TSB,strict,near-identical,0,0.009729611,True,Roth24
TSB,strict,near-identical,0,0.002424966,True,Roth24
TSB,strict,near-identical,0,0.0011985627,True,Roth24
TSB,strict,near-identical,0,0.36889198,False,Roth24
TSB,strict,near-identical,1,0.36889198,False,Roth24
TSB,strict,near-identical,0,0.0011540916,True,Roth24
TSB,strict,near-identical,0,0.008109103,True,Roth24
TSB,strict,near-identical,0,0.008109103,True,Roth24
TSB,strict,near-identical,0,0.008109103,True,Roth24
TSB,strict,near-identical,0,0.008109103,True,Roth24
TSB,strict,near-identical,0,0.008109103,True,Roth24
TSB,strict,near-identical,1,0.0005567571,True,Roth24
TSB,strict,near-identical,0,0.0067978115,True,Roth24
TSB,strict,near-identical,1,0.0067978115,True,Roth24
TSB,strict,near-identical,1,0.0005567571,True,Roth24
TSB,strict,near-identical,0,0.008870923,True,Roth24
TSB,strict,near-identical,0,0.008870923,True,Roth24
TSB,strict,near-identical,0,0.008870923,True,Roth24
TSB,strict,near-identical,0,0.008870923,True,Roth24
TSB,strict,near-identical,1,0.008870923,True,Roth24
TSB,strict,near-identical,0,0.008870923,True,Roth24
TSB,strict,near-identical,0,0.008870923,True,Roth24
TSB,strict,near-identical,0,0.008870923,True,Roth24
TSB,strict,near-identical,0,0.02458451,True,Roth30
TSB,strict,near-identical,0,0.02458451,True,Roth30
TSB,strict,near-identical,0,0.02458451,True,Roth30
TSB,strict,near-identical,0,0.36889198,False,Roth30
TSB,strict,near-identical,0,0.00071060535,True,Roth30
TSB,strict,near-identical,0,0.0007580204,True,Roth30
TSB,strict,near-identical,0,0.36889198,False,Roth30
TSB,strict,near-identical,0,0.03370811,True,Roth30
TSB,strict,near-identical,0,0.029687654,True,Roth30
TSB,strict,near-identical,0,0.36889198,False,Roth30
TSB,strict,near-identical,0,0.03259833,True,Roth30
TSB,strict,near-identical,0,0.00072860805,True,Roth30
TSB,strict,near-identical,0,0.0067978115,True,Roth30
TSB,strict,near-identical,0,0.0067978115,True,Roth30
TSB,strict,near-identical,0,0.00040978382,True,Roth30
TSB,strict,near-identical,0,0.00040978382,True,Roth30
TSB,strict,near-identical,1,0.00053772336,True,Roth30
TSB,strict,near-identical,0,0.00040978382,True,Roth30
TSB,strict,near-identical,0,0.36889198,False,Roth30
TSB,strict,near-identical,0,0.36889198,False,Roth30
TSB,strict,near-identical,0,0.0015326367,True,Roth30
TSB,strict,near-identical,0,0.36889198,False,Roth30
TSB,strict,near-identical,0,0.36889198,False,Roth30
TSB,strict,near-identical,0,0.0015326367,True,Roth30
TSB,strict,near-identical,0,0.0015326367,True,Roth30
TSB,strict,near-identical,1,0.36889198,False,Roth30
TSB,strict,near-identical,0,0.36889198,False,Roth30
TSB,strict,near-identical,0,0.0011985627,True,Roth30
TSB,strict,near-identical,1,0.05506273,True,Roth30
TSB,strict,near-identical,0,0.07552204,True,Roth30
TSB,strict,near-identical,1,0.0195148,True,Roth30
TSB,strict,near-identical,0,0.0048041297,True,Roth30
TSB,strict,near-identical,0,0.36889198,False,Roth30
TSB,strict,near-identical,0,0.36889198,False,Roth30
TSB,strict,near-identical,0,0.36889198,False,Roth30
TSB,strict,near-identical,0,0.0067978115,True,Roth30
TSB,strict,near-identical,0,0.00071060535,True,Roth30
TSB,strict,near-identical,0,0.00071060535,True,Roth30
TSB,strict,near-identical,0,0.0009734413,True,Roth30
TSB,strict,near-identical,0,0.36889198,False,Roth30
TSB,strict,near-identical,0,0.00064574,True,Roth30
TSB,strict,near-identical,1,0.008870923,True,Roth30
TSB,strict,near-identical,0,0.008870923,True,Roth30
TSB,strict,near-identical,0,0.029687654,True,Roth30
TSB,strict,near-identical,0,0.0067978115,True,Roth30
TSB,strict,near-identical,0,0.00040978382,True,Roth30
TSB,strict,near-identical,0,0.006593063,True,Roth30
TSB,strict,near-identical,0,0.36889198,False,Roth30
TSB,strict,near-identical,0,0.029687654,True,Roth30
TSB,strict,near-identical,0,0.009729611,True,Roth30
TSB,strict,near-identical,0,0.009729611,True,Roth30
TSB,strict,near-identical,0,0.002424966,True,Roth30
TSB,strict,near-identical,0,0.0011985627,True,Roth30
TSB,strict,near-identical,0,0.0011985627,True,Roth30
TSB,strict,near-identical,0,0.36889198,False,Roth30
TSB,strict,near-identical,1,0.36889198,False,Roth30
TSB,strict,near-identical,0,0.0011540916,True,Roth30
TSB,strict,near-identical,0,0.008109103,True,Roth30
TSB,strict,near-identical,0,0.008109103,True,Roth30
TSB,strict,near-identical,0,0.008109103,True,Roth30
TSB,strict,near-identical,0,0.008109103,True,Roth30
TSB,strict,near-identical,1,0.0005567571,True,Roth30
TSB,strict,near-identical,0,0.0067978115,True,Roth30
TSB,strict,near-identical,1,0.0067978115,True,Roth30
TSB,strict,near-identical,1,0.0005567571,True,Roth30
TSB,strict,near-identical,0,0.008870923,True,Roth30
TSB,strict,near-identical,0,0.008870923,True,Roth30
TSB,strict,near-identical,0,0.008870923,True,Roth30
TSB,strict,near-identical,0,0.008870923,True,Roth30
TSB,strict,near-identical,1,0.008870923,True,Roth30
TSB,strict,near-identical,0,0.008870923,True,Roth30
TSB,strict,near-identical,0,0.008870923,True,Roth30
TSB,strict,near-identical,0,0.008870923,True,Roth30
TSB,strict,related,0,0.044979956,True,Roth44
TSB,strict,related,0,0.044979956,True,Roth44
TSB,strict,related,0,0.044979956,True,Roth44
TSB,strict,related,0,0.46747172,False,Roth44
TSB,strict,related,0,0.0011804732,True,Roth44
TSB,strict,related,0,0.0012060141,True,Roth44
TSB,strict,related,0,0.46747172,False,Roth44
TSB,strict,related,0,0.041202337,True,Roth44
TSB,strict,related,0,0.13266295,True,Roth44
TSB,strict,related,0,0.46747172,False,Roth44
TSB,strict,related,0,0.026348542,True,Roth44
TSB,strict,related,0,0.00065310777,True,Roth44
TSB,strict,related,0,0.054820973,True,Roth44
TSB,strict,related,0,0.054820973,True,Roth44
TSB,strict,related,0,0.0006620349,True,Roth44
TSB,strict,related,0,0.0006620349,True,Roth44
TSB,strict,related,1,0.00075716525,True,Roth44
TSB,strict,related,0,0.0006620349,True,Roth44
TSB,strict,related,0,0.46747172,False,Roth44
TSB,strict,related,0,0.46747172,False,Roth44
TSB,strict,related,0,0.0029654487,True,Roth44
TSB,strict,related,0,0.46747172,False,Roth44
TSB,strict,related,0,0.46747172,False,Roth44
TSB,strict,related,0,0.0029654487,True,Roth44
TSB,strict,related,0,0.0029654487,True,Roth44
TSB,strict,related,1,0.46747172,False,Roth44
TSB,strict,related,0,0.46747172,False,Roth44
TSB,strict,related,0,0.0022113286,True,Roth44
TSB,strict,related,0,0.5203018,True,Roth44
TSB,strict,related,0,0.3618714,True,Roth44
TSB,strict,related,0,0.015114203,True,Roth44
TSB,strict,related,0,0.011126566,True,Roth44
TSB,strict,related,0,0.46747172,False,Roth44
TSB,strict,related,0,0.46747172,False,Roth44
TSB,strict,related,0,0.46747172,False,Roth44
TSB,strict,related,0,0.054820973,True,Roth44
TSB,strict,related,0,0.0011804732,True,Roth44
TSB,strict,related,0,0.0011804732,True,Roth44
TSB,strict,related,0,0.00093506277,True,Roth44
TSB,strict,related,0,0.46747172,False,Roth44
TSB,strict,related,0,0.00082703977,True,Roth44
TSB,strict,related,1,0.011743073,True,Roth44
TSB,strict,related,0,0.011743073,True,Roth44
TSB,strict,related,0,0.13266295,True,Roth44
TSB,strict,related,0,0.054820973,True,Roth44
TSB,strict,related,0,0.0006620349,True,Roth44
TSB,strict,related,0,0.011099213,True,Roth44
TSB,strict,related,0,0.46747172,False,Roth44
TSB,strict,related,0,0.13266295,True,Roth44
TSB,strict,related,0,0.013534944,True,Roth44
TSB,strict,related,0,0.013534944,True,Roth44
TSB,strict,related,0,0.00600833,True,Roth44
TSB,strict,related,0,0.0022113286,True,Roth44
TSB,strict,related,0,0.0022113286,True,Roth44
TSB,strict,related,0,0.46747172,False,Roth44
TSB,strict,related,0,0.46747172,False,Roth44
TSB,strict,related,0,0.0021629876,True,Roth44
TSB,strict,related,0,0.0063104792,True,Roth44
TSB,strict,related,0,0.0063104792,True,Roth44
TSB,strict,related,0,0.0063104792,True,Roth44
TSB,strict,related,0,0.0063104792,True,Roth44
TSB,strict,related,0,0.0063104792,True,Roth44
TSB,strict,related,0,0.0009033994,True,Roth44
TSB,strict,related,0,0.054820973,True,Roth44
TSB,strict,related,1,0.054820973,True,Roth44
TSB,strict,related,1,0.0009033994,True,Roth44
TSB,strict,related,0,0.011743073,True,Roth44
TSB,strict,related,0,0.011743073,True,Roth44
TSB,strict,related,0,0.011743073,True,Roth44
TSB,strict,related,0,0.011743073,True,Roth44
TSB,strict,related,0,0.011743073,True,Roth44
TSB,strict,related,0,0.011743073,True,Roth44
TSB,strict,related,0,0.011743073,True,Roth44
TSB,strict,related,0,0.011743073,True,Roth44
TSB,strict,near-identical,0,0.03386829,True,Roth71
TSB,strict,near-identical,0,0.03386829,True,Roth71
TSB,strict,near-identical,0,0.03386829,True,Roth71
TSB,strict,near-identical,0,0.38579807,False,Roth71
TSB,strict,near-identical,0,0.0007635873,True,Roth71
TSB,strict,near-identical,0,0.0008145355,True,Roth71
TSB,strict,near-identical,0,0.38579807,False,Roth71
TSB,strict,near-identical,0,0.021215886,True,Roth71
TSB,strict,near-identical,0,0.011753392,True,Roth71
TSB,strict,near-identical,0,0.38579807,False,Roth71
TSB,strict,near-identical,1,0.027190072,True,Roth71
TSB,strict,near-identical,0,0.0007829313,True,Roth71
TSB,strict,near-identical,0,0.0052398606,True,Roth71
TSB,strict,near-identical,0,0.0052398606,True,Roth71
TSB,strict,near-identical,0,0.00044034634,True,Roth71
TSB,strict,near-identical,0,0.00044034634,True,Roth71
TSB,strict,near-identical,1,0.0005778229,True,Roth71
TSB,strict,near-identical,0,0.00044034634,True,Roth71
TSB,strict,near-identical,0,0.38579807,False,Roth71
TSB,strict,near-identical,0,0.38579807,False,Roth71
TSB,strict,near-identical,0,0.0016468059,True,Roth71
TSB,strict,near-identical,0,0.38579807,False,Roth71
TSB,strict,near-identical,0,0.38579807,False,Roth71
TSB,strict,near-identical,0,0.0016468059,True,Roth71
TSB,strict,near-identical,0,0.0016468059,True,Roth71
TSB,strict,near-identical,1,0.38579807,False,Roth71
TSB,strict,near-identical,0,0.38579807,False,Roth71
TSB,strict,near-identical,0,0.0012878794,True,Roth71
TSB,strict,near-identical,1,0.08346286,True,Roth71
TSB,strict,near-identical,0,0.34110647,True,Roth71
TSB,strict,near-identical,1,0.020940412,True,Roth71
TSB,strict,near-identical,0,0.0051607396,True,Roth71
TSB,strict,near-identical,0,0.38579807,False,Roth71
TSB,strict,near-identical,0,0.38579807,False,Roth71
TSB,strict,near-identical,0,0.38579807,False,Roth71
TSB,strict,near-identical,0,0.0052398606,True,Roth71
TSB,strict,near-identical,0,0.0007635873,True,Roth71
TSB,strict,near-identical,0,0.0007635873,True,Roth71
TSB,strict,near-identical,0,0.0010459996,True,Roth71
TSB,strict,near-identical,0,0.38579807,False,Roth71
TSB,strict,near-identical,0,0.00064574,True,Roth71
TSB,strict,near-identical,1,0.00952653,True,Roth71
TSB,strict,near-identical,0,0.00952653,True,Roth71
TSB,strict,near-identical,0,0.011753392,True,Roth71
TSB,strict,near-identical,0,0.0052398606,True,Roth71
TSB,strict,near-identical,0,0.00044034634,True,Roth71
TSB,strict,near-identical,0,0.0070815263,True,Roth71
TSB,strict,near-identical,0,0.38579807,False,Roth71
TSB,strict,near-identical,0,0.011753392,True,Roth71
TSB,strict,near-identical,0,0.014910208,True,Roth71
TSB,strict,near-identical,0,0.014910208,True,Roth71
TSB,strict,near-identical,1,0.0026054357,True,Roth71
TSB,strict,near-identical,0,0.0012878794,True,Roth71
TSB,strict,near-identical,0,0.0012878794,True,Roth71
TSB,strict,near-identical,0,0.38579807,False,Roth71
TSB,strict,near-identical,0,0.38579807,False,Roth71
TSB,strict,near-identical,0,0.0012400972,True,Roth71
TSB,strict,near-identical,0,0.008708898,True,Roth71
TSB,strict,near-identical,0,0.008708898,True,Roth71
TSB,strict,near-identical,0,0.008708898,True,Roth71
TSB,strict,near-identical,0,0.008708898,True,Roth71
TSB,strict,near-identical,0,0.008708898,True,Roth71
TSB,strict,near-identical,0,0.0005982752,True,Roth71
TSB,strict,near-identical,0,0.0052398606,True,Roth71
TSB,strict,near-identical,1,0.0052398606,True,Roth71
TSB,strict,near-identical,0,0.0005982752,True,Roth71
TSB,strict,near-identical,0,0.00952653,True,Roth71
TSB,strict,near-identical,0,0.00952653,True,Roth71
TSB,strict,near-identical,0,0.00952653,True,Roth71
TSB,strict,near-identical,0,0.00952653,True,Roth71
TSB,strict,near-identical,1,0.00952653,True,Roth71
TSB,strict,near-identical,0,0.00952653,True,Roth71
TSB,strict,near-identical,0,0.00952653,True,Roth71
TSB,strict,near-identical,0,0.00952653,True,Roth71
TSB,strict,near-identical,0,0.03386829,True,Roth84
TSB,strict,near-identical,0,0.03386829,True,Roth84
TSB,strict,near-identical,0,0.03386829,True,Roth84
TSB,strict,near-identical,0,0.38579807,False,Roth84
TSB,strict,near-identical,0,0.0007635873,True,Roth84
TSB,strict,near-identical,0,0.0008145355,True,Roth84
TSB,strict,near-identical,0,0.38579807,False,Roth84
TSB,strict,near-identical,0,0.021215886,True,Roth84
TSB,strict,near-identical,0,0.011753392,True,Roth84
TSB,strict,near-identical,0,0.38579807,False,Roth84
TSB,strict,near-identical,0,0.027190072,True,Roth84
TSB,strict,near-identical,0,0.0007829313,True,Roth84
TSB,strict,near-identical,0,0.0052398606,True,Roth84
TSB,strict,near-identical,0,0.0052398606,True,Roth84
TSB,strict,near-identical,0,0.00044034634,True,Roth84
TSB,strict,near-identical,0,0.00044034634,True,Roth84
TSB,strict,near-identical,1,0.0005778229,True,Roth84
TSB,strict,near-identical,0,0.00044034634,True,Roth84
TSB,strict,near-identical,0,0.38579807,False,Roth84
TSB,strict,near-identical,0,0.38579807,False,Roth84
TSB,strict,near-identical,0,0.0016468059,True,Roth84
TSB,strict,near-identical,0,0.38579807,False,Roth84
TSB,strict,near-identical,0,0.38579807,False,Roth84
TSB,strict,near-identical,0,0.0016468059,True,Roth84
TSB,strict,near-identical,0,0.0016468059,True,Roth84
TSB,strict,near-identical,1,0.38579807,False,Roth84
TSB,strict,near-identical,0,0.38579807,False,Roth84
TSB,strict,near-identical,0,0.0012878794,True,Roth84
TSB,strict,near-identical,1,0.08346286,True,Roth84
TSB,strict,near-identical,0,0.34110647,True,Roth84
TSB,strict,near-identical,1,0.020940412,True,Roth84
TSB,strict,near-identical,0,0.0051607396,True,Roth84
TSB,strict,near-identical,0,0.38579807,False,Roth84
TSB,strict,near-identical,0,0.38579807,False,Roth84
TSB,strict,near-identical,0,0.38579807,False,Roth84
TSB,strict,near-identical,0,0.0052398606,True,Roth84
TSB,strict,near-identical,0,0.0007635873,True,Roth84
TSB,strict,near-identical,0,0.0007635873,True,Roth84
TSB,strict,near-identical,0,0.0010459996,True,Roth84
TSB,strict,near-identical,0,0.38579807,False,Roth84
TSB,strict,near-identical,0,0.00064574,True,Roth84
TSB,strict,near-identical,1,0.00952653,True,Roth84
TSB,strict,near-identical,0,0.00952653,True,Roth84
TSB,strict,near-identical,0,0.011753392,True,Roth84
TSB,strict,near-identical,0,0.0052398606,True,Roth84
TSB,strict,near-identical,0,0.00044034634,True,Roth84
TSB,strict,near-identical,0,0.0070815263,True,Roth84
TSB,strict,near-identical,0,0.38579807,False,Roth84
TSB,strict,near-identical,0,0.011753392,True,Roth84
TSB,strict,near-identical,0,0.014910208,True,Roth84
TSB,strict,near-identical,0,0.014910208,True,Roth84
TSB,strict,near-identical,1,0.0026054357,True,Roth84
TSB,strict,near-identical,0,0.0012878794,True,Roth84
TSB,strict,near-identical,0,0.0012878794,True,Roth84
TSB,strict,near-identical,0,0.38579807,False,Roth84
TSB,strict,near-identical,0,0.38579807,False,Roth84
TSB,strict,near-identical,0,0.0012400972,True,Roth84
TSB,strict,near-identical,0,0.008708898,True,Roth84
TSB,strict,near-identical,0,0.008708898,True,Roth84
TSB,strict,near-identical,0,0.008708898,True,Roth84
TSB,strict,near-identical,0,0.008708898,True,Roth84
TSB,strict,near-identical,0,0.008708898,True,Roth84
TSB,strict,near-identical,1,0.0005982752,True,Roth84
TSB,strict,near-identical,0,0.0052398606,True,Roth84
TSB,strict,near-identical,1,0.0052398606,True,Roth84
TSB,strict,near-identical,0,0.0005982752,True,Roth84
TSB,strict,near-identical,0,0.00952653,True,Roth84
TSB,strict,near-identical,0,0.00952653,True,Roth84
TSB,strict,near-identical,0,0.00952653,True,Roth84
TSB,strict,near-identical,0,0.00952653,True,Roth84
TSB,strict,near-identical,1,0.00952653,True,Roth84
TSB,strict,near-identical,0,0.00952653,True,Roth84
TSB,strict,near-identical,0,0.00952653,True,Roth84
TSB,strict,near-identical,0,0.00952653,True,Roth84
TSB,strict,near-identical,0,0.03386829,True,Roth10
TSB,strict,near-identical,0,0.03386829,True,Roth10
TSB,strict,near-identical,0,0.03386829,True,Roth10
TSB,strict,near-identical,0,0.38579807,False,Roth10
TSB,strict,near-identical,0,0.0007635873,True,Roth10
TSB,strict,near-identical,0,0.0008145355,True,Roth10
TSB,strict,near-identical,0,0.38579807,False,Roth10
TSB,strict,near-identical,1,0.021215886,True,Roth10
TSB,strict,near-identical,0,0.011753392,True,Roth10
TSB,strict,near-identical,0,0.38579807,False,Roth10
TSB,strict,near-identical,0,0.027190072,True,Roth10
TSB,strict,near-identical,0,0.0007829313,True,Roth10
TSB,strict,near-identical,0,0.0052398606,True,Roth10
TSB,strict,near-identical,0,0.0052398606,True,Roth10
TSB,strict,near-identical,0,0.00044034634,True,Roth10
TSB,strict,near-identical,0,0.00044034634,True,Roth10
TSB,strict,near-identical,1,0.0005778229,True,Roth10
TSB,strict,near-identical,0,0.00044034634,True,Roth10
TSB,strict,near-identical,0,0.38579807,False,Roth10
TSB,strict,near-identical,0,0.38579807,False,Roth10
TSB,strict,near-identical,0,0.0016468059,True,Roth10
TSB,strict,near-identical,0,0.38579807,False,Roth10
TSB,strict,near-identical,0,0.38579807,False,Roth10
TSB,strict,near-identical,0,0.0016468059,True,Roth10
TSB,strict,near-identical,0,0.0016468059,True,Roth10
TSB,strict,near-identical,1,0.38579807,False,Roth10
TSB,strict,near-identical,0,0.38579807,False,Roth10
TSB,strict,near-identical,0,0.0012878794,True,Roth10
TSB,strict,near-identical,1,0.08346286,True,Roth10
TSB,strict,near-identical,0,0.34110647,True,Roth10
TSB,strict,near-identical,1,0.020940412,True,Roth10
TSB,strict,near-identical,0,0.0051607396,True,Roth10
TSB,strict,near-identical,0,0.38579807,False,Roth10
TSB,strict,near-identical,0,0.38579807,False,Roth10
TSB,strict,near-identical,0,0.38579807,False,Roth10
TSB,strict,near-identical,0,0.0052398606,True,Roth10
TSB,strict,near-identical,0,0.0007635873,True,Roth10
TSB,strict,near-identical,0,0.0007635873,True,Roth10
TSB,strict,near-identical,0,0.0010459996,True,Roth10
TSB,strict,near-identical,0,0.38579807,False,Roth10
TSB,strict,near-identical,0,0.00064574,True,Roth10
TSB,strict,near-identical,1,0.00952653,True,Roth10
TSB,strict,near-identical,0,0.00952653,True,Roth10
TSB,strict,near-identical,0,0.011753392,True,Roth10
TSB,strict,near-identical,0,0.0052398606,True,Roth10
TSB,strict,near-identical,0,0.00044034634,True,Roth10
TSB,strict,near-identical,0,0.0070815263,True,Roth10
TSB,strict,near-identical,0,0.38579807,False,Roth10
TSB,strict,near-identical,0,0.011753392,True,Roth10
TSB,strict,near-identical,0,0.014910208,True,Roth10
TSB,strict,near-identical,0,0.014910208,True,Roth10
TSB,strict,near-identical,1,0.0026054357,True,Roth10
TSB,strict,near-identical,0,0.0012878794,True,Roth10
TSB,strict,near-identical,0,0.0012878794,True,Roth10
TSB,strict,near-identical,0,0.38579807,False,Roth10
TSB,strict,near-identical,0,0.38579807,False,Roth10
TSB,strict,near-identical,0,0.0012400972,True,Roth10
TSB,strict,near-identical,0,0.008708898,True,Roth10
TSB,strict,near-identical,0,0.008708898,True,Roth10
TSB,strict,near-identical,0,0.008708898,True,Roth10
TSB,strict,near-identical,0,0.008708898,True,Roth10
TSB,strict,near-identical,0,0.008708898,True,Roth10
TSB,strict,near-identical,1,0.0005982752,True,Roth10
TSB,strict,near-identical,0,0.0052398606,True,Roth10
TSB,strict,near-identical,1,0.0052398606,True,Roth10
TSB,strict,near-identical,0,0.0005982752,True,Roth10
TSB,strict,near-identical,0,0.00952653,True,Roth10
TSB,strict,near-identical,0,0.00952653,True,Roth10
TSB,strict,near-identical,0,0.00952653,True,Roth10
TSB,strict,near-identical,0,0.00952653,True,Roth10
TSB,strict,near-identical,1,0.00952653,True,Roth10
TSB,strict,near-identical,0,0.00952653,True,Roth10
TSB,strict,near-identical,0,0.00952653,True,Roth10
TSB,strict,near-identical,0,0.00952653,True,Roth10
TSB,strict,near-identical,0,0.03386829,True,Roth83
TSB,strict,near-identical,1,0.03386829,True,Roth83
TSB,strict,near-identical,0,0.03386829,True,Roth83
TSB,strict,near-identical,0,0.38579807,False,Roth83
TSB,strict,near-identical,0,0.0007635873,True,Roth83
TSB,strict,near-identical,0,0.0008145355,True,Roth83
TSB,strict,near-identical,0,0.38579807,False,Roth83
TSB,strict,near-identical,0,0.021215886,True,Roth83
TSB,strict,near-identical,0,0.011753392,True,Roth83
TSB,strict,near-identical,0,0.38579807,False,Roth83
TSB,strict,near-identical,0,0.027190072,True,Roth83
TSB,strict,near-identical,0,0.0007829313,True,Roth83
TSB,strict,near-identical,0,0.0052398606,True,Roth83
TSB,strict,near-identical,0,0.0052398606,True,Roth83
TSB,strict,near-identical,0,0.00044034634,True,Roth83
TSB,strict,near-identical,0,0.00044034634,True,Roth83
TSB,strict,near-identical,1,0.0005778229,True,Roth83
TSB,strict,near-identical,0,0.00044034634,True,Roth83
TSB,strict,near-identical,0,0.38579807,False,Roth83
TSB,strict,near-identical,0,0.38579807,False,Roth83
TSB,strict,near-identical,0,0.0016468059,True,Roth83
TSB,strict,near-identical,0,0.38579807,False,Roth83
TSB,strict,near-identical,0,0.38579807,False,Roth83
TSB,strict,near-identical,0,0.0016468059,True,Roth83
TSB,strict,near-identical,0,0.0016468059,True,Roth83
TSB,strict,near-identical,1,0.38579807,False,Roth83
TSB,strict,near-identical,0,0.38579807,False,Roth83
TSB,strict,near-identical,0,0.0012878794,True,Roth83
TSB,strict,near-identical,1,0.08346286,True,Roth83
TSB,strict,near-identical,0,0.34110647,True,Roth83
TSB,strict,near-identical,1,0.020940412,True,Roth83
TSB,strict,near-identical,0,0.0051607396,True,Roth83
TSB,strict,near-identical,0,0.38579807,False,Roth83
TSB,strict,near-identical,0,0.38579807,False,Roth83
TSB,strict,near-identical,0,0.38579807,False,Roth83
TSB,strict,near-identical,0,0.0052398606,True,Roth83
TSB,strict,near-identical,0,0.0007635873,True,Roth83
TSB,strict,near-identical,0,0.0007635873,True,Roth83
TSB,strict,near-identical,0,0.0010459996,True,Roth83
TSB,strict,near-identical,0,0.38579807,False,Roth83
TSB,strict,near-identical,0,0.00064574,True,Roth83
TSB,strict,near-identical,1,0.00952653,True,Roth83
TSB,strict,near-identical,0,0.00952653,True,Roth83
TSB,strict,near-identical,0,0.011753392,True,Roth83
TSB,strict,near-identical,0,0.0052398606,True,Roth83
TSB,strict,near-identical,0,0.00044034634,True,Roth83
TSB,strict,near-identical,0,0.0070815263,True,Roth83
TSB,strict,near-identical,0,0.38579807,False,Roth83
TSB,strict,near-identical,0,0.011753392,True,Roth83
TSB,strict,near-identical,0,0.014910208,True,Roth83
TSB,strict,near-identical,0,0.014910208,True,Roth83
TSB,strict,near-identical,1,0.0026054357,True,Roth83
TSB,strict,near-identical,0,0.0012878794,True,Roth83
TSB,strict,near-identical,0,0.0012878794,True,Roth83
TSB,strict,near-identical,0,0.38579807,False,Roth83
TSB,strict,near-identical,0,0.0012400972,True,Roth83
TSB,strict,near-identical,0,0.008708898,True,Roth83
TSB,strict,near-identical,0,0.008708898,True,Roth83
TSB,strict,near-identical,0,0.008708898,True,Roth83
TSB,strict,near-identical,0,0.008708898,True,Roth83
TSB,strict,near-identical,0,0.008708898,True,Roth83
TSB,strict,near-identical,1,0.0005982752,True,Roth83
TSB,strict,near-identical,0,0.0052398606,True,Roth83
TSB,strict,near-identical,1,0.0052398606,True,Roth83
TSB,strict,near-identical,0,0.0005982752,True,Roth83
TSB,strict,near-identical,0,0.00952653,True,Roth83
TSB,strict,near-identical,0,0.00952653,True,Roth83
TSB,strict,near-identical,0,0.00952653,True,Roth83
TSB,strict,near-identical,0,0.00952653,True,Roth83
TSB,strict,near-identical,1,0.00952653,True,Roth83
TSB,strict,near-identical,0,0.00952653,True,Roth83
TSB,strict,near-identical,0,0.00952653,True,Roth83
TSB,strict,near-identical,0,0.00952653,True,Roth83
TSB,strict,near-identical,0,0.08693585,True,Roth09
TSB,strict,near-identical,0,0.08693585,True,Roth09
TSB,strict,near-identical,0,0.08693585,True,Roth09
TSB,strict,near-identical,0,0.38579807,False,Roth09
TSB,strict,near-identical,0,0.0007635873,True,Roth09
TSB,strict,near-identical,0,0.0008145355,True,Roth09
TSB,strict,near-identical,0,0.38579807,False,Roth09
TSB,strict,near-identical,0,0.041040294,True,Roth09
TSB,strict,near-identical,0,0.012625401,True,Roth09
TSB,strict,near-identical,0,0.38579807,False,Roth09
TSB,strict,near-identical,0,0.035658058,True,Roth09
TSB,strict,near-identical,0,0.0007829313,True,Roth09
TSB,strict,near-identical,0,0.005433639,True,Roth09
TSB,strict,near-identical,0,0.005433639,True,Roth09
TSB,strict,near-identical,0,0.0005131258,True,Roth09
TSB,strict,near-identical,0,0.0005131258,True,Roth09
TSB,strict,near-identical,1,0.0005778229,True,Roth09
TSB,strict,near-identical,0,0.0005131258,True,Roth09
TSB,strict,near-identical,0,0.38579807,False,Roth09
TSB,strict,near-identical,0,0.38579807,False,Roth09
TSB,strict,near-identical,0,0.0016468059,True,Roth09
TSB,strict,near-identical,0,0.38579807,False,Roth09
TSB,strict,near-identical,0,0.38579807,False,Roth09
TSB,strict,near-identical,0,0.0016468059,True,Roth09
TSB,strict,near-identical,0,0.0016468059,True,Roth09
TSB,strict,near-identical,1,0.38579807,False,Roth09
TSB,strict,near-identical,0,0.38579807,False,Roth09
TSB,strict,near-identical,0,0.0012878794,True,Roth09
TSB,strict,near-identical,1,0.05892917,True,Roth09
TSB,strict,near-identical,0,0.34110647,True,Roth09
TSB,strict,near-identical,1,0.020940412,True,Roth09
TSB,strict,near-identical,0,0.0051607396,True,Roth09
TSB,strict,near-identical,0,0.38579807,False,Roth09
TSB,strict,near-identical,0,0.38579807,False,Roth09
TSB,strict,near-identical,0,0.38579807,False,Roth09
TSB,strict,near-identical,0,0.005433639,True,Roth09
TSB,strict,near-identical,0,0.0007635873,True,Roth09
TSB,strict,near-identical,0,0.0007635873,True,Roth09
TSB,strict,near-identical,0,0.0010459996,True,Roth09
TSB,strict,near-identical,0,0.38579807,False,Roth09
TSB,strict,near-identical,0,0.00064574,True,Roth09
TSB,strict,near-identical,1,0.00952653,True,Roth09
TSB,strict,near-identical,0,0.00952653,True,Roth09
TSB,strict,near-identical,0,0.012625401,True,Roth09
TSB,strict,near-identical,0,0.005433639,True,Roth09
TSB,strict,near-identical,0,0.0005131258,True,Roth09
TSB,strict,near-identical,0,0.013356506,True,Roth09
TSB,strict,near-identical,0,0.38579807,False,Roth09
TSB,strict,near-identical,0,0.012625401,True,Roth09
TSB,strict,near-identical,0,0.014910208,True,Roth09
TSB,strict,near-identical,0,0.014910208,True,Roth09
TSB,strict,near-identical,1,0.004363337,True,Roth09
TSB,strict,near-identical,0,0.0012878794,True,Roth09
TSB,strict,near-identical,0,0.0012878794,True,Roth09
TSB,strict,near-identical,0,0.38579807,False,Roth09
TSB,strict,near-identical,0,0.38579807,False,Roth09
TSB,strict,near-identical,0,0.001416974,True,Roth09
TSB,strict,near-identical,0,0.012155367,True,Roth09
TSB,strict,near-identical,0,0.012155367,True,Roth09
TSB,strict,near-identical,0,0.012155367,True,Roth09
TSB,strict,near-identical,0,0.012155367,True,Roth09
TSB,strict,near-identical,0,0.012155367,True,Roth09
TSB,strict,near-identical,1,0.00064386264,True,Roth09
TSB,strict,near-identical,0,0.005433639,True,Roth09
TSB,strict,near-identical,1,0.005433639,True,Roth09
TSB,strict,near-identical,0,0.00064386264,True,Roth09
TSB,strict,near-identical,0,0.00952653,True,Roth09
TSB,strict,near-identical,0,0.00952653,True,Roth09
TSB,strict,near-identical,0,0.00952653,True,Roth09
TSB,strict,near-identical,0,0.00952653,True,Roth09
TSB,strict,near-identical,1,0.00952653,True,Roth09
TSB,strict,near-identical,0,0.00952653,True,Roth09
TSB,strict,near-identical,0,0.00952653,True,Roth09
TSB,strict,near-identical,0,0.00952653,True,Roth09
TSB,strict,near-identical,0,0.06315032,True,Roth93
TSB,strict,near-identical,0,0.06315032,True,Roth93
TSB,strict,near-identical,0,0.45658138,False,Roth93
TSB,strict,near-identical,0,0.0010211311,True,Roth93
TSB,strict,near-identical,0,0.45658138,False,Roth93
TSB,strict,near-identical,0,0.04382665,True,Roth93
TSB,strict,near-identical,0,0.015659481,True,Roth93
TSB,strict,near-identical,0,0.45658138,False,Roth93
TSB,strict,near-identical,0,0.07530741,True,Roth93
TSB,strict,near-identical,0,0.0009491511,True,Roth93
TSB,strict,near-identical,0,0.009066344,True,Roth93
TSB,strict,near-identical,0,0.009066344,True,Roth93
TSB,strict,near-identical,0,0.00058893114,True,Roth93
TSB,strict,near-identical,0,0.00058893114,True,Roth93
TSB,strict,near-identical,1,0.0006599586,True,Roth93
TSB,strict,near-identical,0,0.00058893114,True,Roth93
TSB,strict,near-identical,0,0.45658138,False,Roth93
TSB,strict,near-identical,0,0.45658138,False,Roth93
TSB,strict,near-identical,0,0.0022015865,True,Roth93
TSB,strict,near-identical,0,0.45658138,False,Roth93
TSB,strict,near-identical,0,0.45658138,False,Roth93
TSB,strict,near-identical,0,0.0022015865,True,Roth93
TSB,strict,near-identical,0,0.0022015865,True,Roth93
TSB,strict,near-identical,1,0.45658138,False,Roth93
TSB,strict,near-identical,0,0.45658138,False,Roth93
TSB,strict,near-identical,0,0.0017219532,True,Roth93
TSB,strict,near-identical,1,0.07728752,True,Roth93
TSB,strict,near-identical,0,0.05420676,True,Roth93
TSB,strict,near-identical,1,0.021264207,True,Roth93
TSB,strict,near-identical,0,0.006891129,True,Roth93
TSB,strict,near-identical,0,0.45658138,False,Roth93
TSB,strict,near-identical,0,0.45658138,False,Roth93
TSB,strict,near-identical,0,0.45658138,False,Roth93
TSB,strict,near-identical,0,0.009066344,True,Roth93
TSB,strict,near-identical,0,0.0010211311,True,Roth93
TSB,strict,near-identical,0,0.0010211311,True,Roth93
TSB,strict,near-identical,0,0.0011946054,True,Roth93
TSB,strict,near-identical,0,0.45658138,False,Roth93
TSB,strict,near-identical,0,0.0008635703,True,Roth93
TSB,strict,near-identical,1,0.012702072,True,Roth93
TSB,strict,near-identical,0,0.012702072,True,Roth93
TSB,strict,near-identical,0,0.015659481,True,Roth93
TSB,strict,near-identical,0,0.009066344,True,Roth93
TSB,strict,near-identical,0,0.00058893114,True,Roth93
TSB,strict,near-identical,0,0.34634572,True,Roth93
TSB,strict,near-identical,1,0.45658138,False,Roth93
TSB,strict,near-identical,0,0.015659481,True,Roth93
TSB,strict,near-identical,0,0.02429088,True,Roth93
TSB,strict,near-identical,0,0.02429088,True,Roth93
TSB,strict,near-identical,1,0.0034820358,True,Roth93
TSB,strict,near-identical,0,0.0017219532,True,Roth93
TSB,strict,near-identical,0,0.0017219532,True,Roth93
TSB,strict,near-identical,0,0.45658138,False,Roth93
TSB,strict,near-identical,0,0.001658092,True,Roth93
TSB,strict,near-identical,0,0.011907996,True,Roth93
TSB,strict,near-identical,0,0.011907996,True,Roth93
TSB,strict,near-identical,0,0.011907996,True,Roth93
TSB,strict,near-identical,0,0.011907996,True,Roth93
TSB,strict,near-identical,0,0.011907996,True,Roth93
TSB,strict,near-identical,1,0.0008048832,True,Roth93
TSB,strict,near-identical,0,0.009066344,True,Roth93
TSB,strict,near-identical,1,0.009066344,True,Roth93
TSB,strict,near-identical,1,0.0008048832,True,Roth93
TSB,strict,near-identical,0,0.012702072,True,Roth93
TSB,strict,near-identical,0,0.012702072,True,Roth93
TSB,strict,near-identical,0,0.012702072,True,Roth93
TSB,strict,near-identical,0,0.012702072,True,Roth93
TSB,strict,near-identical,1,0.012702072,True,Roth93
TSB,strict,near-identical,0,0.012702072,True,Roth93
TSB,strict,near-identical,0,0.012702072,True,Roth93
TSB,strict,near-identical,0,0.012702072,True,Roth93
TSB,strict,near-identical,0,0.034962643,True,Roth85
TSB,strict,near-identical,0,0.034962643,True,Roth85
TSB,strict,near-identical,0,0.034962643,True,Roth85
TSB,strict,near-identical,0,0.45658138,False,Roth85
TSB,strict,near-identical,0,0.0010211311,True,Roth85
TSB,strict,near-identical,0,0.0010892443,True,Roth85
TSB,strict,near-identical,0,0.45658138,False,Roth85
TSB,strict,near-identical,0,0.06692262,True,Roth85
TSB,strict,near-identical,0,0.06071237,True,Roth85
TSB,strict,near-identical,0,0.45658138,False,Roth85
TSB,strict,near-identical,0,0.07530741,True,Roth85
TSB,strict,near-identical,0,0.0009491511,True,Roth85
TSB,strict,near-identical,0,0.01676527,True,Roth85
TSB,strict,near-identical,0,0.01676527,True,Roth85
TSB,strict,near-identical,0,0.00058893114,True,Roth85
TSB,strict,near-identical,0,0.00058893114,True,Roth85
TSB,strict,near-identical,1,0.0006599586,True,Roth85
TSB,strict,near-identical,0,0.00058893114,True,Roth85
TSB,strict,near-identical,0,0.45658138,False,Roth85
TSB,strict,near-identical,0,0.45658138,False,Roth85
TSB,strict,near-identical,0,0.0022015865,True,Roth85
TSB,strict,near-identical,0,0.45658138,False,Roth85
TSB,strict,near-identical,0,0.45658138,False,Roth85
TSB,strict,near-identical,0,0.0022015865,True,Roth85
TSB,strict,near-identical,0,0.0022015865,True,Roth85
TSB,strict,near-identical,1,0.45658138,False,Roth85
TSB,strict,near-identical,0,0.45658138,False,Roth85
TSB,strict,near-identical,0,0.0017219532,True,Roth85
TSB,strict,near-identical,1,0.07728752,True,Roth85
TSB,strict,near-identical,0,0.110469654,True,Roth85
TSB,strict,near-identical,1,0.021264207,True,Roth85
TSB,strict,near-identical,0,0.006891129,True,Roth85
TSB,strict,near-identical,0,0.45658138,False,Roth85
TSB,strict,near-identical,0,0.45658138,False,Roth85
TSB,strict,near-identical,0,0.45658138,False,Roth85
TSB,strict,near-identical,0,0.01676527,True,Roth85
TSB,strict,near-identical,0,0.0010211311,True,Roth85
TSB,strict,near-identical,0,0.0010211311,True,Roth85
TSB,strict,near-identical,0,0.0011946054,True,Roth85
TSB,strict,near-identical,0,0.45658138,False,Roth85
TSB,strict,near-identical,0,0.0008635703,True,Roth85
TSB,strict,near-identical,1,0.012702072,True,Roth85
TSB,strict,near-identical,0,0.012702072,True,Roth85
TSB,strict,near-identical,0,0.06071237,True,Roth85
TSB,strict,near-identical,0,0.01676527,True,Roth85
TSB,strict,near-identical,0,0.00058893114,True,Roth85
TSB,strict,near-identical,0,0.00944984,True,Roth85
TSB,strict,near-identical,0,0.45658138,False,Roth85
TSB,strict,near-identical,0,0.06071237,True,Roth85
TSB,strict,near-identical,0,0.02429088,True,Roth85
TSB,strict,near-identical,0,0.02429088,True,Roth85
TSB,strict,near-identical,1,0.0040069045,True,Roth85
TSB,strict,near-identical,0,0.0017219532,True,Roth85
TSB,strict,near-identical,0,0.0017219532,True,Roth85
TSB,strict,near-identical,0,0.45658138,False,Roth85
TSB,strict,near-identical,0,0.45658138,False,Roth85
TSB,strict,near-identical,0,0.001658092,True,Roth85
TSB,strict,near-identical,0,0.011907996,True,Roth85
TSB,strict,near-identical,0,0.011907996,True,Roth85
TSB,strict,near-identical,0,0.011907996,True,Roth85
TSB,strict,near-identical,0,0.011907996,True,Roth85
TSB,strict,near-identical,0,0.011907996,True,Roth85
TSB,strict,near-identical,1,0.0008048832,True,Roth85
TSB,strict,near-identical,0,0.01676527,True,Roth85
TSB,strict,near-identical,1,0.01676527,True,Roth85
TSB,strict,near-identical,0,0.0008048832,True,Roth85
TSB,strict,near-identical,0,0.012702072,True,Roth85
TSB,strict,near-identical,0,0.012702072,True,Roth85
TSB,strict,near-identical,0,0.012702072,True,Roth85
TSB,strict,near-identical,0,0.012702072,True,Roth85
TSB,strict,near-identical,1,0.012702072,True,Roth85
TSB,strict,near-identical,0,0.012702072,True,Roth85
TSB,strict,near-identical,0,0.012702072,True,Roth85
TSB,strict,near-identical,0,0.012702072,True,Roth85
TSB,strict,near-identical,0,0.06315032,True,Roth61
TSB,strict,near-identical,0,0.06315032,True,Roth61
TSB,strict,near-identical,0,0.06315032,True,Roth61
TSB,strict,near-identical,0,0.45658138,False,Roth61
TSB,strict,near-identical,0,0.0010211311,True,Roth61
TSB,strict,near-identical,0,0.0010892443,True,Roth61
TSB,strict,near-identical,0,0.45658138,False,Roth61
TSB,strict,near-identical,0,0.04382665,True,Roth61
TSB,strict,near-identical,0,0.015659481,True,Roth61
TSB,strict,near-identical,0,0.45658138,False,Roth61
TSB,strict,near-identical,0,0.07530741,True,Roth61
TSB,strict,near-identical,0,0.0009491511,True,Roth61
TSB,strict,near-identical,0,0.009066344,True,Roth61
TSB,strict,near-identical,0,0.009066344,True,Roth61
TSB,strict,near-identical,0,0.00058893114,True,Roth61
TSB,strict,near-identical,0,0.00058893114,True,Roth61
TSB,strict,near-identical,1,0.0006599586,True,Roth61
TSB,strict,near-identical,0,0.00058893114,True,Roth61
TSB,strict,near-identical,0,0.45658138,False,Roth61
TSB,strict,near-identical,0,0.45658138,False,Roth61
TSB,strict,near-identical,0,0.0022015865,True,Roth61
TSB,strict,near-identical,0,0.45658138,False,Roth61
TSB,strict,near-identical,0,0.45658138,False,Roth61
TSB,strict,near-identical,0,0.0022015865,True,Roth61
TSB,strict,near-identical,0,0.0022015865,True,Roth61
TSB,strict,near-identical,1,0.45658138,False,Roth61
TSB,strict,near-identical,0,0.45658138,False,Roth61
TSB,strict,near-identical,0,0.0017219532,True,Roth61
TSB,strict,near-identical,1,0.07728752,True,Roth61
TSB,strict,near-identical,0,0.05420676,True,Roth61
TSB,strict,near-identical,1,0.021264207,True,Roth61
TSB,strict,near-identical,0,0.006891129,True,Roth61
TSB,strict,near-identical,0,0.45658138,False,Roth61
TSB,strict,near-identical,0,0.45658138,False,Roth61
TSB,strict,near-identical,0,0.45658138,False,Roth61
TSB,strict,near-identical,0,0.009066344,True,Roth61
TSB,strict,near-identical,0,0.0010211311,True,Roth61
TSB,strict,near-identical,0,0.0010211311,True,Roth61
TSB,strict,near-identical,0,0.0011946054,True,Roth61
TSB,strict,near-identical,0,0.45658138,False,Roth61
TSB,strict,near-identical,0,0.0008635703,True,Roth61
TSB,strict,near-identical,1,0.012702072,True,Roth61
TSB,strict,near-identical,0,0.012702072,True,Roth61
TSB,strict,near-identical,0,0.015659481,True,Roth61
TSB,strict,near-identical,0,0.009066344,True,Roth61
TSB,strict,near-identical,0,0.00058893114,True,Roth61
TSB,strict,near-identical,0,0.34634572,True,Roth61
TSB,strict,near-identical,0,0.45658138,False,Roth61
TSB,strict,near-identical,0,0.015659481,True,Roth61
TSB,strict,near-identical,0,0.02429088,True,Roth61
TSB,strict,near-identical,0,0.02429088,True,Roth61
TSB,strict,near-identical,1,0.0034820358,True,Roth61
TSB,strict,near-identical,0,0.0017219532,True,Roth61
TSB,strict,near-identical,0,0.0017219532,True,Roth61
TSB,strict,near-identical,0,0.45658138,False,Roth61
TSB,strict,near-identical,0,0.45658138,False,Roth61
TSB,strict,near-identical,0,0.001658092,True,Roth61
TSB,strict,near-identical,0,0.011907996,True,Roth61
TSB,strict,near-identical,0,0.011907996,True,Roth61
TSB,strict,near-identical,0,0.011907996,True,Roth61
TSB,strict,near-identical,0,0.011907996,True,Roth61
TSB,strict,near-identical,0,0.011907996,True,Roth61
TSB,strict,near-identical,0,0.0008048832,True,Roth61
TSB,strict,near-identical,0,0.009066344,True,Roth61
TSB,strict,near-identical,1,0.009066344,True,Roth61
TSB,strict,near-identical,0,0.0008048832,True,Roth61
TSB,strict,near-identical,0,0.012702072,True,Roth61
TSB,strict,near-identical,0,0.012702072,True,Roth61
TSB,strict,near-identical,0,0.012702072,True,Roth61
TSB,strict,near-identical,0,0.012702072,True,Roth61
TSB,strict,near-identical,1,0.012702072,True,Roth61
TSB,strict,near-identical,0,0.012702072,True,Roth61
TSB,strict,near-identical,0,0.012702072,True,Roth61
TSB,strict,near-identical,0,0.012702072,True,Roth61
TSB,strict,near-identical,0,0.034962643,True,Roth47
TSB,strict,near-identical,0,0.034962643,True,Roth47
TSB,strict,near-identical,0,0.034962643,True,Roth47
TSB,strict,near-identical,0,0.45658138,False,Roth47
TSB,strict,near-identical,0,0.0010211311,True,Roth47
TSB,strict,near-identical,0,0.0010892443,True,Roth47
TSB,strict,near-identical,0,0.45658138,False,Roth47
TSB,strict,near-identical,0,0.04382665,True,Roth47
TSB,strict,near-identical,0,0.015659481,True,Roth47
TSB,strict,near-identical,0,0.45658138,False,Roth47
TSB,strict,near-identical,0,0.07530741,True,Roth47
TSB,strict,near-identical,0,0.0009491511,True,Roth47
TSB,strict,near-identical,0,0.009066344,True,Roth47
TSB,strict,near-identical,0,0.009066344,True,Roth47
TSB,strict,near-identical,0,0.00058893114,True,Roth47
TSB,strict,near-identical,0,0.00058893114,True,Roth47
TSB,strict,near-identical,1,0.0006599586,True,Roth47
TSB,strict,near-identical,0,0.00058893114,True,Roth47
TSB,strict,near-identical,0,0.45658138,False,Roth47
TSB,strict,near-identical,0,0.45658138,False,Roth47
TSB,strict,near-identical,0,0.0022015865,True,Roth47
TSB,strict,near-identical,0,0.45658138,False,Roth47
TSB,strict,near-identical,0,0.45658138,False,Roth47
TSB,strict,near-identical,0,0.0022015865,True,Roth47
TSB,strict,near-identical,0,0.0022015865,True,Roth47
TSB,strict,near-identical,1,0.45658138,False,Roth47
TSB,strict,near-identical,0,0.45658138,False,Roth47
TSB,strict,near-identical,0,0.0017219532,True,Roth47
TSB,strict,near-identical,1,0.07728752,True,Roth47
TSB,strict,near-identical,0,0.05420676,True,Roth47
TSB,strict,near-identical,1,0.021264207,True,Roth47
TSB,strict,near-identical,0,0.006891129,True,Roth47
TSB,strict,near-identical,0,0.45658138,False,Roth47
TSB,strict,near-identical,0,0.45658138,False,Roth47
TSB,strict,near-identical,0,0.45658138,False,Roth47
TSB,strict,near-identical,0,0.009066344,True,Roth47
TSB,strict,near-identical,0,0.0010211311,True,Roth47
TSB,strict,near-identical,0,0.0010211311,True,Roth47
TSB,strict,near-identical,0,0.0011946054,True,Roth47
TSB,strict,near-identical,0,0.45658138,False,Roth47
TSB,strict,near-identical,0,0.0008635703,True,Roth47
TSB,strict,near-identical,1,0.012702072,True,Roth47
TSB,strict,near-identical,0,0.012702072,True,Roth47
TSB,strict,near-identical,0,0.015659481,True,Roth47
TSB,strict,near-identical,0,0.009066344,True,Roth47
TSB,strict,near-identical,0,0.00058893114,True,Roth47
TSB,strict,near-identical,0,0.00944984,True,Roth47
TSB,strict,near-identical,0,0.45658138,False,Roth47
TSB,strict,near-identical,0,0.015659481,True,Roth47
TSB,strict,near-identical,0,0.02429088,True,Roth47
TSB,strict,near-identical,0,0.02429088,True,Roth47
TSB,strict,near-identical,1,0.0036224306,True,Roth47
TSB,strict,near-identical,0,0.0017219532,True,Roth47
TSB,strict,near-identical,0,0.0017219532,True,Roth47
TSB,strict,near-identical,1,0.45658138,False,Roth47
TSB,strict,near-identical,0,0.001658092,True,Roth47
TSB,strict,near-identical,0,0.011907996,True,Roth47
TSB,strict,near-identical,0,0.011907996,True,Roth47
TSB,strict,near-identical,0,0.011907996,True,Roth47
TSB,strict,near-identical,0,0.011907996,True,Roth47
TSB,strict,near-identical,0,0.011907996,True,Roth47
TSB,strict,near-identical,1,0.0008048832,True,Roth47
TSB,strict,near-identical,0,0.009066344,True,Roth47
TSB,strict,near-identical,1,0.009066344,True,Roth47
TSB,strict,near-identical,0,0.0008048832,True,Roth47
TSB,strict,near-identical,0,0.012702072,True,Roth47
TSB,strict,near-identical,0,0.012702072,True,Roth47
TSB,strict,near-identical,0,0.012702072,True,Roth47
TSB,strict,near-identical,0,0.012702072,True,Roth47
TSB,strict,near-identical,1,0.012702072,True,Roth47
TSB,strict,near-identical,0,0.012702072,True,Roth47
TSB,strict,near-identical,0,0.012702072,True,Roth47
TSB,strict,near-identical,0,0.012702072,True,Roth47
TSB,strict,near-identical,0,0.034962643,True,Roth96
TSB,strict,near-identical,0,0.034962643,True,Roth96
TSB,strict,near-identical,0,0.45658138,False,Roth96
TSB,strict,near-identical,0,0.0010211311,True,Roth96
TSB,strict,near-identical,0,0.45658138,False,Roth96
TSB,strict,near-identical,0,0.04382665,True,Roth96
TSB,strict,near-identical,0,0.025918633,True,Roth96
TSB,strict,near-identical,0,0.45658138,False,Roth96
TSB,strict,near-identical,0,0.07530741,True,Roth96
TSB,strict,near-identical,0,0.0009491511,True,Roth96
TSB,strict,near-identical,0,0.009066344,True,Roth96
TSB,strict,near-identical,0,0.00058893114,True,Roth96
TSB,strict,near-identical,0,0.00058893114,True,Roth96
TSB,strict,near-identical,1,0.0006599586,True,Roth96
TSB,strict,near-identical,0,0.00058893114,True,Roth96
TSB,strict,near-identical,0,0.45658138,False,Roth96
TSB,strict,near-identical,0,0.45658138,False,Roth96
TSB,strict,near-identical,0,0.0022015865,True,Roth96
TSB,strict,near-identical,0,0.45658138,False,Roth96
TSB,strict,near-identical,0,0.45658138,False,Roth96
TSB,strict,near-identical,0,0.0022015865,True,Roth96
TSB,strict,near-identical,0,0.0022015865,True,Roth96
TSB,strict,near-identical,1,0.45658138,False,Roth96
TSB,strict,near-identical,0,0.45658138,False,Roth96
TSB,strict,near-identical,0,0.0017219532,True,Roth96
TSB,strict,near-identical,1,0.07728752,True,Roth96
TSB,strict,near-identical,0,0.05420676,True,Roth96
TSB,strict,near-identical,1,0.021264207,True,Roth96
TSB,strict,near-identical,0,0.006891129,True,Roth96
TSB,strict,near-identical,0,0.45658138,False,Roth96
TSB,strict,near-identical,0,0.45658138,False,Roth96
TSB,strict,near-identical,0,0.45658138,False,Roth96
TSB,strict,near-identical,0,0.009066344,True,Roth96
TSB,strict,near-identical,0,0.0010211311,True,Roth96
TSB,strict,near-identical,0,0.0010211311,True,Roth96
TSB,strict,near-identical,0,0.0011946054,True,Roth96
TSB,strict,near-identical,0,0.45658138,False,Roth96
TSB,strict,near-identical,0,0.0008635703,True,Roth96
TSB,strict,near-identical,1,0.012702072,True,Roth96
TSB,strict,near-identical,0,0.012702072,True,Roth96
TSB,strict,near-identical,0,0.025918633,True,Roth96
TSB,strict,near-identical,0,0.009066344,True,Roth96
TSB,strict,near-identical,0,0.00058893114,True,Roth96
TSB,strict,near-identical,0,0.00944984,True,Roth96
TSB,strict,near-identical,0,0.45658138,False,Roth96
TSB,strict,near-identical,0,0.025918633,True,Roth96
TSB,strict,near-identical,0,0.02429088,True,Roth96
TSB,strict,near-identical,0,0.02429088,True,Roth96
TSB,strict,near-identical,1,0.0058220625,True,Roth96
TSB,strict,near-identical,0,0.0017219532,True,Roth96
TSB,strict,near-identical,0,0.0017219532,True,Roth96
TSB,strict,near-identical,0,0.45658138,False,Roth96
TSB,strict,near-identical,0,0.001658092,True,Roth96
TSB,strict,near-identical,0,0.011907996,True,Roth96
TSB,strict,near-identical,0,0.011907996,True,Roth96
TSB,strict,near-identical,0,0.011907996,True,Roth96
TSB,strict,near-identical,0,0.011907996,True,Roth96
TSB,strict,near-identical,0,0.011907996,True,Roth96
TSB,strict,near-identical,1,0.0008048832,True,Roth96
TSB,strict,near-identical,0,0.009066344,True,Roth96
TSB,strict,near-identical,1,0.009066344,True,Roth96
TSB,strict,near-identical,0,0.0008048832,True,Roth96
TSB,strict,near-identical,0,0.012702072,True,Roth96
TSB,strict,near-identical,0,0.012702072,True,Roth96
TSB,strict,near-identical,0,0.012702072,True,Roth96
TSB,strict,near-identical,0,0.012702072,True,Roth96
TSB,strict,near-identical,1,0.012702072,True,Roth96
TSB,strict,near-identical,0,0.012702072,True,Roth96
TSB,strict,near-identical,0,0.012702072,True,Roth96
TSB,strict,near-identical,0,0.012702072,True,Roth96
TSB,strict,near-identical,0,0.034962643,True,Roth72
TSB,strict,near-identical,0,0.034962643,True,Roth72
TSB,strict,near-identical,0,0.034962643,True,Roth72
TSB,strict,near-identical,0,0.45658138,False,Roth72
TSB,strict,near-identical,0,0.0010211311,True,Roth72
TSB,strict,near-identical,0,0.0010892443,True,Roth72
TSB,strict,near-identical,0,0.45658138,False,Roth72
TSB,strict,near-identical,0,0.04382665,True,Roth72
TSB,strict,near-identical,0,0.025918633,True,Roth72
TSB,strict,near-identical,0,0.45658138,False,Roth72
TSB,strict,near-identical,0,0.07530741,True,Roth72
TSB,strict,near-identical,0,0.0009491511,True,Roth72
TSB,strict,near-identical,0,0.009066344,True,Roth72
TSB,strict,near-identical,0,0.009066344,True,Roth72
TSB,strict,near-identical,0,0.00058893114,True,Roth72
TSB,strict,near-identical,0,0.00058893114,True,Roth72
TSB,strict,near-identical,1,0.0006599586,True,Roth72
TSB,strict,near-identical,0,0.00058893114,True,Roth72
TSB,strict,near-identical,0,0.45658138,False,Roth72
TSB,strict,near-identical,0,0.45658138,False,Roth72
TSB,strict,near-identical,0,0.0022015865,True,Roth72
TSB,strict,near-identical,0,0.45658138,False,Roth72
TSB,strict,near-identical,0,0.45658138,False,Roth72
TSB,strict,near-identical,0,0.0022015865,True,Roth72
TSB,strict,near-identical,0,0.0022015865,True,Roth72
TSB,strict,near-identical,1,0.45658138,False,Roth72
TSB,strict,near-identical,0,0.45658138,False,Roth72
TSB,strict,near-identical,0,0.0017219532,True,Roth72
TSB,strict,near-identical,1,0.07728752,True,Roth72
TSB,strict,near-identical,0,0.05420676,True,Roth72
TSB,strict,near-identical,1,0.021264207,True,Roth72
TSB,strict,near-identical,0,0.006891129,True,Roth72
TSB,strict,near-identical,0,0.45658138,False,Roth72
TSB,strict,near-identical,0,0.45658138,False,Roth72
TSB,strict,near-identical,0,0.45658138,False,Roth72
TSB,strict,near-identical,0,0.009066344,True,Roth72
TSB,strict,near-identical,0,0.0010211311,True,Roth72
TSB,strict,near-identical,0,0.0010211311,True,Roth72
TSB,strict,near-identical,0,0.0011946054,True,Roth72
TSB,strict,near-identical,0,0.45658138,False,Roth72
TSB,strict,near-identical,0,0.0008635703,True,Roth72
TSB,strict,near-identical,1,0.012702072,True,Roth72
TSB,strict,near-identical,0,0.012702072,True,Roth72
TSB,strict,near-identical,0,0.025918633,True,Roth72
TSB,strict,near-identical,0,0.009066344,True,Roth72
TSB,strict,near-identical,0,0.00058893114,True,Roth72
TSB,strict,near-identical,0,0.00944984,True,Roth72
TSB,strict,near-identical,0,0.45658138,False,Roth72
TSB,strict,near-identical,0,0.025918633,True,Roth72
TSB,strict,near-identical,0,0.02429088,True,Roth72
TSB,strict,near-identical,0,0.02429088,True,Roth72
TSB,strict,near-identical,1,0.0058220625,True,Roth72
TSB,strict,near-identical,0,0.0017219532,True,Roth72
TSB,strict,near-identical,0,0.0017219532,True,Roth72
TSB,strict,near-identical,0,0.45658138,False,Roth72
TSB,strict,near-identical,0,0.45658138,False,Roth72
TSB,strict,near-identical,0,0.001658092,True,Roth72
TSB,strict,near-identical,0,0.011907996,True,Roth72
TSB,strict,near-identical,0,0.011907996,True,Roth72
TSB,strict,near-identical,0,0.011907996,True,Roth72
TSB,strict,near-identical,0,0.011907996,True,Roth72
TSB,strict,near-identical,0,0.011907996,True,Roth72
TSB,strict,near-identical,1,0.0008048832,True,Roth72
TSB,strict,near-identical,0,0.009066344,True,Roth72
TSB,strict,near-identical,1,0.009066344,True,Roth72
TSB,strict,near-identical,0,0.0008048832,True,Roth72
TSB,strict,near-identical,0,0.012702072,True,Roth72
TSB,strict,near-identical,0,0.012702072,True,Roth72
TSB,strict,near-identical,0,0.012702072,True,Roth72
TSB,strict,near-identical,0,0.012702072,True,Roth72
TSB,strict,near-identical,1,0.012702072,True,Roth72
TSB,strict,near-identical,0,0.012702072,True,Roth72
TSB,strict,near-identical,0,0.012702072,True,Roth72
TSB,strict,near-identical,0,0.012702072,True,Roth72
TSB,strict,novel,0,0.0010054255,True,RothD
TSB,strict,novel,0,0.0010054255,True,RothD
TSB,strict,novel,0,0.0010054255,True,RothD
TSB,strict,novel,0,0.01227756,False,RothD
TSB,strict,novel,1,8.037652e-05,True,RothD
TSB,strict,novel,0,3.1206673e-05,True,RothD
TSB,strict,novel,0,0.01227756,False,RothD
TSB,strict,novel,0,0.0009141354,True,RothD
TSB,strict,novel,0,0.0002996932,True,RothD
TSB,strict,novel,0,0.01227756,False,RothD
TSB,strict,novel,0,0.00066546793,True,RothD
TSB,strict,novel,1,4.9398095e-05,True,RothD
TSB,strict,novel,0,0.00057658536,True,RothD
TSB,strict,novel,0,0.00057658536,True,RothD
TSB,strict,novel,0,4.0681345e-05,True,RothD
TSB,strict,novel,0,4.0681345e-05,True,RothD
TSB,strict,novel,0,2.0530448e-05,True,RothD
TSB,strict,novel,0,4.0681345e-05,True,RothD
TSB,strict,novel,0,0.01227756,False,RothD
TSB,strict,novel,0,0.01227756,False,RothD
TSB,strict,novel,0,0.0001326915,True,RothD
TSB,strict,novel,0,0.01227756,False,RothD
TSB,strict,novel,0,0.01227756,False,RothD
TSB,strict,novel,0,0.0001326915,True,RothD
TSB,strict,novel,0,0.0001326915,True,RothD
TSB,strict,novel,0,0.01227756,False,RothD
TSB,strict,novel,0,0.01227756,False,RothD
TSB,strict,novel,0,0.00018923216,True,RothD
TSB,strict,novel,0,0.010227197,True,RothD
TSB,strict,novel,0,0.014119121,True,RothD
TSB,strict,novel,0,0.0010350932,True,RothD
TSB,strict,novel,0,0.00018726815,True,RothD
TSB,strict,novel,0,0.01227756,False,RothD
TSB,strict,novel,0,0.01227756,False,RothD
TSB,strict,novel,0,0.01227756,False,RothD
TSB,strict,novel,0,0.00057658536,True,RothD
TSB,strict,novel,0,8.037652e-05,True,RothD
TSB,strict,novel,1,8.037652e-05,True,RothD
TSB,strict,novel,0,3.28675e-05,True,RothD
TSB,strict,novel,0,0.01227756,False,RothD
TSB,strict,novel,0,3.247645e-05,True,RothD
TSB,strict,novel,0,0.00025482778,True,RothD
TSB,strict,novel,0,0.00025482778,True,RothD
TSB,strict,novel,0,0.0002996932,True,RothD
TSB,strict,novel,0,0.00057658536,True,RothD
TSB,strict,novel,0,4.0681345e-05,True,RothD
TSB,strict,novel,0,0.00050054287,True,RothD
TSB,strict,novel,0,0.01227756,False,RothD
TSB,strict,novel,0,0.0002996932,True,RothD
TSB,strict,novel,0,0.00088611466,True,RothD
TSB,strict,novel,0,0.00088611466,True,RothD
TSB,strict,novel,0,0.0023878475,True,RothD
TSB,strict,novel,0,0.00018923216,True,RothD
TSB,strict,novel,0,0.00018923216,True,RothD
TSB,strict,novel,0,0.01227756,False,RothD
TSB,strict,novel,0,0.01227756,False,RothD
TSB,strict,novel,0,9.331983e-05,True,RothD
TSB,strict,novel,0,0.00020302723,True,RothD
TSB,strict,novel,0,0.00020302723,True,RothD
TSB,strict,novel,0,0.00020302723,True,RothD
TSB,strict,novel,0,0.00020302723,True,RothD
TSB,strict,novel,0,0.00020302723,True,RothD
TSB,strict,novel,0,4.010402e-05,True,RothD
TSB,strict,novel,0,0.00057658536,True,RothD
TSB,strict,novel,0,0.00057658536,True,RothD
TSB,strict,novel,0,4.010402e-05,True,RothD
TSB,strict,novel,0,0.00025482778,True,RothD
TSB,strict,novel,0,0.00025482778,True,RothD
TSB,strict,novel,0,0.00025482778,True,RothD
TSB,strict,novel,0,0.00025482778,True,RothD
TSB,strict,novel,0,0.00025482778,True,RothD
TSB,strict,novel,0,0.00025482778,True,RothD
TSB,strict,novel,0,0.00025482778,True,RothD
TSB,strict,novel,0,0.00025482778,True,RothD
TSB,strict,novel,0,0.052626207,True,Roth32
TSB,strict,novel,0,0.052626207,True,Roth32
TSB,strict,novel,0,0.052626207,True,Roth32
TSB,strict,novel,0,0.20002176,False,Roth32
TSB,strict,novel,0,0.0010200352,True,Roth32
TSB,strict,novel,0,0.000523154,True,Roth32
TSB,strict,novel,0,0.20002176,False,Roth32
TSB,strict,novel,0,0.0058071823,True,Roth32
TSB,strict,novel,0,0.010172744,True,Roth32
TSB,strict,novel,0,0.20002176,False,Roth32
TSB,strict,novel,0,0.0107591115,True,Roth32
TSB,strict,novel,0,0.00049764494,True,Roth32
TSB,strict,novel,0,0.0067176097,True,Roth32
TSB,strict,novel,0,0.0067176097,True,Roth32
TSB,strict,novel,0,0.0006083267,True,Roth32
TSB,strict,novel,0,0.0006083267,True,Roth32
TSB,strict,novel,1,0.00032048643,True,Roth32
TSB,strict,novel,0,0.0006083267,True,Roth32
TSB,strict,novel,0,0.20002176,False,Roth32
TSB,strict,novel,0,0.20002176,False,Roth32
TSB,strict,novel,0,0.00261861,True,Roth32
TSB,strict,novel,0,0.20002176,False,Roth32
TSB,strict,novel,0,0.20002176,False,Roth32
TSB,strict,novel,0,0.00261861,True,Roth32
TSB,strict,novel,0,0.00261861,True,Roth32
TSB,strict,novel,0,0.20002176,False,Roth32
TSB,strict,novel,0,0.20002176,False,Roth32
TSB,strict,novel,0,0.0019192183,True,Roth32
TSB,strict,novel,0,0.0029589408,True,Roth32
TSB,strict,novel,0,0.025944166,True,Roth32
TSB,strict,novel,0,0.02856261,True,Roth32
TSB,strict,novel,0,0.003362126,True,Roth32
TSB,strict,novel,0,0.20002176,False,Roth32
TSB,strict,novel,0,0.20002176,False,Roth32
TSB,strict,novel,0,0.20002176,False,Roth32
TSB,strict,novel,0,0.0067176097,True,Roth32
TSB,strict,novel,0,0.0010200352,True,Roth32
TSB,strict,novel,0,0.0010200352,True,Roth32
TSB,strict,novel,0,0.00067609054,True,Roth32
TSB,strict,novel,0,0.20002176,False,Roth32
TSB,strict,novel,0,0.0004110789,True,Roth32
TSB,strict,novel,0,0.0123888,True,Roth32
TSB,strict,novel,0,0.0123888,True,Roth32
TSB,strict,novel,0,0.010172744,True,Roth32
TSB,strict,novel,0,0.0067176097,True,Roth32
TSB,strict,novel,0,0.0006083267,True,Roth32
TSB,strict,novel,0,0.0123527795,True,Roth32
TSB,strict,novel,0,0.20002176,False,Roth32
TSB,strict,novel,0,0.010172744,True,Roth32
TSB,strict,novel,0,0.10697098,True,Roth32
TSB,strict,novel,1,0.10697098,True,Roth32
TSB,strict,novel,0,0.0004023832,True,Roth32
TSB,strict,novel,0,0.0019192183,True,Roth32
TSB,strict,novel,0,0.0019192183,True,Roth32
TSB,strict,novel,0,0.20002176,False,Roth32
TSB,strict,novel,0,0.20002176,False,Roth32
TSB,strict,novel,0,0.002073863,True,Roth32
TSB,strict,novel,0,0.005383942,True,Roth32
TSB,strict,novel,0,0.005383942,True,Roth32
TSB,strict,novel,0,0.005383942,True,Roth32
TSB,strict,novel,0,0.005383942,True,Roth32
TSB,strict,novel,0,0.005383942,True,Roth32
TSB,strict,novel,0,0.0007571992,True,Roth32
TSB,strict,novel,0,0.0067176097,True,Roth32
TSB,strict,novel,0,0.0067176097,True,Roth32
TSB,strict,novel,0,0.0007571992,True,Roth32
TSB,strict,novel,0,0.0123888,True,Roth32
TSB,strict,novel,0,0.0123888,True,Roth32
TSB,strict,novel,0,0.0123888,True,Roth32
TSB,strict,novel,0,0.0123888,True,Roth32
TSB,strict,novel,0,0.0123888,True,Roth32
TSB,strict,novel,0,0.0123888,True,Roth32
TSB,strict,novel,0,0.0123888,True,Roth32
TSB,strict,novel,0,0.0123888,True,Roth32
TSB,strict,related,0,0.06909864,True,RothG
TSB,strict,related,0,0.06909864,True,RothG
TSB,strict,related,0,0.06909864,True,RothG
TSB,strict,related,0,0.36133373,False,RothG
TSB,strict,related,1,0.0037444422,True,RothG
TSB,strict,related,0,0.0015940451,True,RothG
TSB,strict,related,0,0.36133373,False,RothG
TSB,strict,related,0,0.078829415,True,RothG
TSB,strict,related,0,0.010625207,True,RothG
TSB,strict,related,0,0.36133373,False,RothG
TSB,strict,related,0,0.009977921,True,RothG
TSB,strict,related,1,0.0010289958,True,RothG
TSB,strict,related,0,0.06483084,True,RothG
TSB,strict,related,0,0.06483084,True,RothG
TSB,strict,related,0,0.0013533417,True,RothG
TSB,strict,related,0,0.0013533417,True,RothG
TSB,strict,related,0,0.0011480259,True,RothG
TSB,strict,related,0,0.0013533417,True,RothG
TSB,strict,related,0,0.36133373,False,RothG
TSB,strict,related,0,0.36133373,False,RothG
TSB,strict,related,0,0.005833121,True,RothG
TSB,strict,related,0,0.36133373,False,RothG
TSB,strict,related,0,0.36133373,False,RothG
TSB,strict,related,0,0.005833121,True,RothG
TSB,strict,related,0,0.005833121,True,RothG
TSB,strict,related,0,0.36133373,False,RothG
TSB,strict,related,0,0.36133373,False,RothG
TSB,strict,related,0,0.0043322016,True,RothG
TSB,strict,related,0,0.0019957866,True,RothG
TSB,strict,related,0,0.025837315,True,RothG
TSB,strict,related,0,0.3472311,True,RothG
TSB,strict,related,0,0.0066781896,True,RothG
TSB,strict,related,0,0.36133373,False,RothG
TSB,strict,related,0,0.36133373,False,RothG
TSB,strict,related,0,0.36133373,False,RothG
TSB,strict,related,0,0.06483084,True,RothG
TSB,strict,related,1,0.0037444422,True,RothG
TSB,strict,related,0,0.0011318674,True,RothG
TSB,strict,related,0,0.36133373,False,RothG
TSB,strict,related,0,0.026914107,True,RothG
TSB,strict,related,0,0.026914107,True,RothG
TSB,strict,related,0,0.010625207,True,RothG
TSB,strict,related,0,0.06483084,True,RothG
TSB,strict,related,0,0.0013533417,True,RothG
TSB,strict,related,0,0.030591713,True,RothG
TSB,strict,related,0,0.36133373,False,RothG
TSB,strict,related,0,0.010625207,True,RothG
TSB,strict,related,0,0.017459532,True,RothG
TSB,strict,related,0,0.017459532,True,RothG
TSB,strict,related,0,0.35589752,True,RothG
TSB,strict,related,0,0.0043322016,True,RothG
TSB,strict,related,0,0.0043322016,True,RothG
TSB,strict,related,0,0.36133373,False,RothG
TSB,strict,related,0,0.36133373,False,RothG
TSB,strict,related,0,0.004601248,True,RothG
TSB,strict,related,0,0.0029630177,True,RothG
TSB,strict,related,0,0.0029630177,True,RothG
TSB,strict,related,0,0.0029630177,True,RothG
TSB,strict,related,0,0.0029630177,True,RothG
TSB,strict,related,0,0.0029630177,True,RothG
TSB,strict,related,0,0.0018035414,True,RothG
TSB,strict,related,0,0.06483084,True,RothG
TSB,strict,related,0,0.06483084,True,RothG
TSB,strict,related,0,0.0018035414,True,RothG
TSB,strict,related,0,0.026914107,True,RothG
TSB,strict,related,0,0.026914107,True,RothG
TSB,strict,related,0,0.026914107,True,RothG
TSB,strict,related,0,0.026914107,True,RothG
TSB,strict,related,0,0.026914107,True,RothG
TSB,strict,related,0,0.026914107,True,RothG
TSB,strict,related,0,0.026914107,True,RothG
TSB,strict,related,0,0.026914107,True,RothG
TSB,strict,related,0,0.067762665,True,RothJ
TSB,strict,related,0,0.067762665,True,RothJ
TSB,strict,related,0,0.067762665,True,RothJ
TSB,strict,related,0,0.3271599,False,RothJ
TSB,strict,related,0,0.0013702876,True,RothJ
TSB,strict,related,0,0.3271599,False,RothJ
TSB,strict,related,0,0.038293656,True,RothJ
TSB,strict,related,0,0.00914535,True,RothJ
TSB,strict,related,0,0.3271599,False,RothJ
TSB,strict,related,0,0.008587446,True,RothJ
TSB,strict,related,0,0.037369456,True,RothJ
TSB,strict,related,0,0.037369456,True,RothJ
TSB,strict,related,0,0.001163332,True,RothJ
TSB,strict,related,0,0.001163332,True,RothJ
TSB,strict,related,0,0.0008565684,True,RothJ
TSB,strict,related,0,0.001163332,True,RothJ
TSB,strict,related,0,0.3271599,False,RothJ
TSB,strict,related,0,0.3271599,False,RothJ
TSB,strict,related,0,0.005017306,True,RothJ
TSB,strict,related,0,0.3271599,False,RothJ
TSB,strict,related,0,0.3271599,False,RothJ
TSB,strict,related,0,0.005017306,True,RothJ
TSB,strict,related,0,0.005017306,True,RothJ
TSB,strict,related,0,0.3271599,False,RothJ
TSB,strict,related,0,0.3271599,False,RothJ
TSB,strict,related,0,0.0037255208,True,RothJ
TSB,strict,related,0,0.0017157315,True,RothJ
TSB,strict,related,0,0.028243285,True,RothJ
TSB,strict,related,0,0.4862301,True,RothJ
TSB,strict,related,0,0.0057448675,True,RothJ
TSB,strict,related,0,0.3271599,False,RothJ
TSB,strict,related,0,0.3271599,False,RothJ
TSB,strict,related,0,0.3271599,False,RothJ
TSB,strict,related,0,0.037369456,True,RothJ
TSB,strict,related,1,0.0032198033,True,RothJ
TSB,strict,related,0,0.00084450876,True,RothJ
TSB,strict,related,0,0.3271599,False,RothJ
TSB,strict,related,0,0.0010366357,True,RothJ
TSB,strict,related,0,0.02321882,True,RothJ
TSB,strict,related,0,0.02321882,True,RothJ
TSB,strict,related,0,0.00914535,True,RothJ
TSB,strict,related,0,0.037369456,True,RothJ
TSB,strict,related,0,0.001163332,True,RothJ
TSB,strict,related,0,0.02640518,True,RothJ
TSB,strict,related,0,0.3271599,False,RothJ
TSB,strict,related,0,0.00914535,True,RothJ
TSB,strict,related,0,0.015042283,True,RothJ
TSB,strict,related,0,0.015042283,True,RothJ
TSB,strict,related,0,0.53966594,True,RothJ
TSB,strict,related,0,0.0037255208,True,RothJ
TSB,strict,related,0,0.0037255208,True,RothJ
TSB,strict,related,0,0.3271599,False,RothJ
TSB,strict,related,0,0.3271599,False,RothJ
TSB,strict,related,0,0.00395704,True,RothJ
TSB,strict,related,0,0.002547588,True,RothJ
TSB,strict,related,0,0.002547588,True,RothJ
TSB,strict,related,0,0.002547588,True,RothJ
TSB,strict,related,0,0.002547588,True,RothJ
TSB,strict,related,0,0.002547588,True,RothJ
TSB,strict,related,0,0.0015504218,True,RothJ
TSB,strict,related,0,0.037369456,True,RothJ
TSB,strict,related,0,0.037369456,True,RothJ
TSB,strict,related,0,0.0015504218,True,RothJ
TSB,strict,related,0,0.02321882,True,RothJ
TSB,strict,related,0,0.02321882,True,RothJ
TSB,strict,related,0,0.02321882,True,RothJ
TSB,strict,related,0,0.02321882,True,RothJ
TSB,strict,related,0,0.02321882,True,RothJ
TSB,strict,related,0,0.02321882,True,RothJ
TSB,strict,related,0,0.02321882,True,RothJ
TSB,strict,related,0,0.02321882,True,RothJ
TSB,strict,related,0,0.084019035,True,RothI
TSB,strict,related,0,0.084019035,True,RothI
TSB,strict,related,0,0.084019035,True,RothI
TSB,strict,related,0,0.38026232,False,RothI
TSB,strict,related,0,0.0037984394,True,RothI
TSB,strict,related,0,0.0017508175,True,RothI
TSB,strict,related,0,0.38026232,False,RothI
TSB,strict,related,0,0.062065396,True,RothI
TSB,strict,related,0,0.011512988,True,RothI
TSB,strict,related,0,0.38026232,False,RothI
TSB,strict,related,0,0.010812235,True,RothI
TSB,strict,related,1,0.0011158776,True,RothI
TSB,strict,related,0,0.0699276,True,RothI
TSB,strict,related,0,0.0699276,True,RothI
TSB,strict,related,0,0.0014864772,True,RothI
TSB,strict,related,0,0.0014864772,True,RothI
TSB,strict,related,0,0.0012449446,True,RothI
TSB,strict,related,0,0.0014864772,True,RothI
TSB,strict,related,0,0.38026232,False,RothI
TSB,strict,related,0,0.38026232,False,RothI
TSB,strict,related,0,0.0064041275,True,RothI
TSB,strict,related,0,0.38026232,False,RothI
TSB,strict,related,0,0.38026232,False,RothI
TSB,strict,related,0,0.0064041275,True,RothI
TSB,strict,related,0,0.0064041275,True,RothI
TSB,strict,related,0,0.38026232,False,RothI
TSB,strict,related,0,0.38026232,False,RothI
TSB,strict,related,0,0.004696678,True,RothI
TSB,strict,related,0,0.002164121,True,RothI
TSB,strict,related,0,0.035378657,True,RothI
TSB,strict,related,0,0.5647564,True,RothI
TSB,strict,related,0,0.0072385836,True,RothI
TSB,strict,related,0,0.38026232,False,RothI
TSB,strict,related,0,0.38026232,False,RothI
TSB,strict,related,0,0.38026232,False,RothI
TSB,strict,related,0,0.0699276,True,RothI
TSB,strict,related,1,0.0037984394,True,RothI
TSB,strict,related,0,0.0037984394,True,RothI
TSB,strict,related,0,0.0012274244,True,RothI
TSB,strict,related,0,0.38026232,False,RothI
TSB,strict,related,0,0.0013077814,True,RothI
TSB,strict,related,0,0.018170092,True,RothI
TSB,strict,related,0,0.018170092,True,RothI
TSB,strict,related,0,0.011512988,True,RothI
TSB,strict,related,0,0.0699276,True,RothI
TSB,strict,related,0,0.0014864772,True,RothI
TSB,strict,related,0,0.03941174,True,RothI
TSB,strict,related,0,0.38026232,False,RothI
TSB,strict,related,0,0.011512988,True,RothI
TSB,strict,related,0,0.011750097,True,RothI
TSB,strict,related,0,0.011750097,True,RothI
TSB,strict,related,0,0.58187765,True,RothI
TSB,strict,related,0,0.004696678,True,RothI
TSB,strict,related,0,0.004696678,True,RothI
TSB,strict,related,0,0.38026232,False,RothI
TSB,strict,related,0,0.38026232,False,RothI
TSB,strict,related,0,0.0049882466,True,RothI
TSB,strict,related,0,0.0035346835,True,RothI
TSB,strict,related,0,0.0035346835,True,RothI
TSB,strict,related,0,0.0035346835,True,RothI
TSB,strict,related,0,0.0035346835,True,RothI
TSB,strict,related,0,0.0035346835,True,RothI
TSB,strict,related,0,0.0019808759,True,RothI
TSB,strict,related,0,0.0699276,True,RothI
TSB,strict,related,0,0.0699276,True,RothI
TSB,strict,related,0,0.0019808759,True,RothI
TSB,strict,related,0,0.018170092,True,RothI
TSB,strict,related,0,0.018170092,True,RothI
TSB,strict,related,0,0.018170092,True,RothI
TSB,strict,related,0,0.018170092,True,RothI
TSB,strict,related,0,0.018170092,True,RothI
TSB,strict,related,0,0.018170092,True,RothI
TSB,strict,related,0,0.018170092,True,RothI
TSB,strict,related,0,0.018170092,True,RothI
TSB,strict,novel,1,0.2291066,True,Roth88
TSB,strict,novel,1,0.2291066,True,Roth88
TSB,strict,novel,0,0.45841157,False,Roth88
TSB,strict,novel,1,0.00051433925,True,Roth88
TSB,strict,novel,0,0.45841157,False,Roth88
TSB,strict,novel,1,0.07831333,True,Roth88
TSB,strict,novel,0,0.45841157,False,Roth88
TSB,strict,novel,1,0.36229432,True,Roth88
TSB,strict,novel,0,0.043709822,True,Roth88
TSB,strict,novel,1,0.043709822,True,Roth88
TSB,strict,novel,0,0.00096163247,True,Roth88
TSB,strict,novel,0,0.00096163247,True,Roth88
TSB,strict,novel,1,0.00044536253,True,Roth88
TSB,strict,novel,1,0.00096163247,True,Roth88
TSB,strict,novel,0,0.45841157,False,Roth88
TSB,strict,novel,0,0.004249051,True,Roth88
TSB,strict,novel,0,0.45841157,False,Roth88
TSB,strict,novel,0,0.45841157,False,Roth88
TSB,strict,novel,0,0.004249051,True,Roth88
TSB,strict,novel,0,0.45841157,False,Roth88
TSB,strict,novel,0,0.0032117805,True,Roth88
TSB,strict,novel,1,0.36624837,True,Roth88
TSB,strict,novel,1,0.06646945,True,Roth88
TSB,strict,novel,0,0.0035601738,True,Roth88
TSB,strict,novel,1,0.45841157,False,Roth88
TSB,strict,novel,0,0.043709822,True,Roth88
TSB,strict,novel,1,0.00078859046,True,Roth88
TSB,strict,novel,0,0.45841157,False,Roth88
TSB,strict,novel,0,0.0004349741,True,Roth88
TSB,strict,novel,1,0.07842935,True,Roth88
TSB,strict,novel,0,0.07842935,True,Roth88
TSB,strict,novel,0,0.07831333,True,Roth88
TSB,strict,novel,0,0.043709822,True,Roth88
TSB,strict,novel,0,0.00096163247,True,Roth88
TSB,strict,novel,0,0.7441557,True,Roth88
TSB,strict,novel,1,0.45841157,False,Roth88
TSB,strict,novel,0,0.07831333,True,Roth88
TSB,strict,novel,0,0.0055883853,True,Roth88
TSB,strict,novel,1,0.0055883853,True,Roth88
TSB,strict,novel,1,0.12720983,True,Roth88
TSB,strict,novel,0,0.0032117805,True,Roth88
TSB,strict,novel,1,0.45841157,False,Roth88
TSB,strict,novel,1,0.004332839,True,Roth88
TSB,strict,novel,0,0.00094154244,True,Roth88
TSB,strict,novel,0,0.00094154244,True,Roth88
TSB,strict,novel,0,0.00094154244,True,Roth88
TSB,strict,novel,0,0.00094154244,True,Roth88
TSB,strict,novel,0,0.00094154244,True,Roth88
TSB,strict,novel,1,0.0012065041,True,Roth88
TSB,strict,novel,0,0.043709822,True,Roth88
TSB,strict,novel,1,0.043709822,True,Roth88
TSB,strict,novel,1,0.0012065041,True,Roth88
TSB,strict,novel,1,0.07842935,True,Roth88
TSB,strict,novel,1,0.07842935,True,Roth88
TSB,strict,novel,0,0.07842935,True,Roth88
TSB,strict,novel,1,0.07842935,True,Roth88
TSB,strict,novel,1,0.07842935,True,Roth88
TSB,strict,novel,0,0.07842935,True,Roth88
TSB,strict,novel,0,0.07842935,True,Roth88
TSB,strict,novel,1,0.2291066,True,Roth27
TSB,strict,novel,1,0.2291066,True,Roth27
TSB,strict,novel,1,0.00051433925,True,Roth27
TSB,strict,novel,0,0.45841157,False,Roth27
TSB,strict,novel,1,0.07831333,True,Roth27
TSB,strict,novel,0,0.45841157,False,Roth27
TSB,strict,novel,0,0.043709822,True,Roth27
TSB,strict,novel,1,0.043709822,True,Roth27
TSB,strict,novel,0,0.00096163247,True,Roth27
TSB,strict,novel,0,0.00096163247,True,Roth27
TSB,strict,novel,1,0.00044536253,True,Roth27
TSB,strict,novel,1,0.00096163247,True,Roth27
TSB,strict,novel,0,0.45841157,False,Roth27
TSB,strict,novel,0,0.004249051,True,Roth27
TSB,strict,novel,0,0.45841157,False,Roth27
TSB,strict,novel,0,0.45841157,False,Roth27
TSB,strict,novel,0,0.004249051,True,Roth27
TSB,strict,novel,0,0.45841157,False,Roth27
TSB,strict,novel,0,0.0032117805,True,Roth27
TSB,strict,novel,1,0.36624837,True,Roth27
TSB,strict,novel,1,0.06646945,True,Roth27
TSB,strict,novel,0,0.0035601738,True,Roth27
TSB,strict,novel,1,0.45841157,False,Roth27
TSB,strict,novel,0,0.45841157,False,Roth27
TSB,strict,novel,0,0.043709822,True,Roth27
TSB,strict,novel,1,0.00078859046,True,Roth27
TSB,strict,novel,0,0.45841157,False,Roth27
TSB,strict,novel,0,0.0004349741,True,Roth27
TSB,strict,novel,1,0.07842935,True,Roth27
TSB,strict,novel,0,0.07842935,True,Roth27
TSB,strict,novel,0,0.07831333,True,Roth27
TSB,strict,novel,0,0.043709822,True,Roth27
TSB,strict,novel,0,0.00096163247,True,Roth27
TSB,strict,novel,1,0.7441557,True,Roth27
TSB,strict,novel,1,0.45841157,False,Roth27
TSB,strict,novel,0,0.07831333,True,Roth27
TSB,strict,novel,0,0.0055883853,True,Roth27
TSB,strict,novel,1,0.0055883853,True,Roth27
TSB,strict,novel,1,0.12720983,True,Roth27
TSB,strict,novel,0,0.0032117805,True,Roth27
TSB,strict,novel,1,0.45841157,False,Roth27
TSB,strict,novel,1,0.45841157,False,Roth27
TSB,strict,novel,1,0.004332839,True,Roth27
TSB,strict,novel,0,0.00094154244,True,Roth27
TSB,strict,novel,0,0.00094154244,True,Roth27
TSB,strict,novel,0,0.00094154244,True,Roth27
TSB,strict,novel,0,0.00094154244,True,Roth27
TSB,strict,novel,1,0.0012065041,True,Roth27
TSB,strict,novel,0,0.043709822,True,Roth27
TSB,strict,novel,1,0.0012065041,True,Roth27
TSB,strict,novel,1,0.07842935,True,Roth27
TSB,strict,novel,1,0.07842935,True,Roth27
TSB,strict,novel,0,0.07842935,True,Roth27
TSB,strict,novel,1,0.07842935,True,Roth27
TSB,strict,novel,1,0.07842935,True,Roth27
TSB,strict,novel,0,0.07842935,True,Roth27
TSB,strict,novel,0,0.07842935,True,Roth27
TSB,strict,novel,1,0.2291066,True,Roth22
TSB,strict,novel,1,0.2291066,True,Roth22
TSB,strict,novel,0,0.0016465558,True,Roth22
TSB,strict,novel,1,0.00051433925,True,Roth22
TSB,strict,novel,0,0.45841157,False,Roth22
TSB,strict,novel,0,0.072110854,True,Roth22
TSB,strict,novel,1,0.07831333,True,Roth22
TSB,strict,novel,0,0.45841157,False,Roth22
TSB,strict,novel,0,0.043709822,True,Roth22
TSB,strict,novel,0,0.00096163247,True,Roth22
TSB,strict,novel,0,0.00096163247,True,Roth22
TSB,strict,novel,1,0.00044536253,True,Roth22
TSB,strict,novel,1,0.00096163247,True,Roth22
TSB,strict,novel,0,0.45841157,False,Roth22
TSB,strict,novel,0,0.004249051,True,Roth22
TSB,strict,novel,0,0.45841157,False,Roth22
TSB,strict,novel,0,0.45841157,False,Roth22
TSB,strict,novel,0,0.004249051,True,Roth22
TSB,strict,novel,0,0.45841157,False,Roth22
TSB,strict,novel,0,0.0032117805,True,Roth22
TSB,strict,novel,0,0.0051123127,True,Roth22
TSB,strict,novel,1,0.36624837,True,Roth22
TSB,strict,novel,1,0.06646945,True,Roth22
TSB,strict,novel,0,0.0035601738,True,Roth22
TSB,strict,novel,1,0.45841157,False,Roth22
TSB,strict,novel,0,0.45841157,False,Roth22
TSB,strict,novel,0,0.043709822,True,Roth22
TSB,strict,novel,1,0.00078859046,True,Roth22
TSB,strict,novel,0,0.45841157,False,Roth22
TSB,strict,novel,0,0.0004349741,True,Roth22
TSB,strict,novel,1,0.07842935,True,Roth22
TSB,strict,novel,0,0.07842935,True,Roth22
TSB,strict,novel,0,0.07831333,True,Roth22
TSB,strict,novel,0,0.043709822,True,Roth22
TSB,strict,novel,0,0.00096163247,True,Roth22
TSB,strict,novel,1,0.7441557,True,Roth22
TSB,strict,novel,1,0.45841157,False,Roth22
TSB,strict,novel,0,0.07831333,True,Roth22
TSB,strict,novel,0,0.0055883853,True,Roth22
TSB,strict,novel,1,0.0055883853,True,Roth22
TSB,strict,novel,1,0.12720983,True,Roth22
TSB,strict,novel,0,0.0032117805,True,Roth22
TSB,strict,novel,1,0.45841157,False,Roth22
TSB,strict,novel,1,0.004332839,True,Roth22
TSB,strict,novel,0,0.00094154244,True,Roth22
TSB,strict,novel,0,0.00094154244,True,Roth22
TSB,strict,novel,0,0.00094154244,True,Roth22
TSB,strict,novel,0,0.00094154244,True,Roth22
TSB,strict,novel,0,0.00094154244,True,Roth22
TSB,strict,novel,1,0.0012065041,True,Roth22
TSB,strict,novel,0,0.043709822,True,Roth22
TSB,strict,novel,1,0.043709822,True,Roth22
TSB,strict,novel,1,0.0012065041,True,Roth22
TSB,strict,novel,0,0.07842935,True,Roth22
TSB,strict,novel,1,0.07842935,True,Roth22
TSB,strict,novel,1,0.07842935,True,Roth22
TSB,strict,novel,0,0.07842935,True,Roth22
TSB,strict,novel,1,0.07842935,True,Roth22
TSB,strict,novel,1,0.07842935,True,Roth22
TSB,strict,novel,0,0.07842935,True,Roth22
TSB,strict,novel,0,0.07842935,True,Roth22
TSB,strict,novel,1,0.2291066,True,Roth90
TSB,strict,novel,1,0.2291066,True,Roth90
TSB,strict,novel,0,0.0016465558,True,Roth90
TSB,strict,novel,1,0.00051433925,True,Roth90
TSB,strict,novel,0,0.45841157,False,Roth90
TSB,strict,novel,0,0.072110854,True,Roth90
TSB,strict,novel,1,0.07831333,True,Roth90
TSB,strict,novel,0,0.45841157,False,Roth90
TSB,strict,novel,0,0.043709822,True,Roth90
TSB,strict,novel,1,0.043709822,True,Roth90
TSB,strict,novel,0,0.00096163247,True,Roth90
TSB,strict,novel,0,0.00096163247,True,Roth90
TSB,strict,novel,1,0.00044536253,True,Roth90
TSB,strict,novel,1,0.00096163247,True,Roth90
TSB,strict,novel,0,0.45841157,False,Roth90
TSB,strict,novel,0,0.004249051,True,Roth90
TSB,strict,novel,0,0.45841157,False,Roth90
TSB,strict,novel,0,0.45841157,False,Roth90
TSB,strict,novel,0,0.004249051,True,Roth90
TSB,strict,novel,0,0.004249051,True,Roth90
TSB,strict,novel,0,0.45841157,False,Roth90
TSB,strict,novel,0,0.45841157,False,Roth90
TSB,strict,novel,0,0.0032117805,True,Roth90
TSB,strict,novel,0,0.0051123127,True,Roth90
TSB,strict,novel,1,0.36624837,True,Roth90
TSB,strict,novel,1,0.06646945,True,Roth90
TSB,strict,novel,0,0.0035601738,True,Roth90
TSB,strict,novel,1,0.45841157,False,Roth90
TSB,strict,novel,0,0.45841157,False,Roth90
TSB,strict,novel,0,0.043709822,True,Roth90
TSB,strict,novel,0,0.0016465558,True,Roth90
TSB,strict,novel,1,0.00078859046,True,Roth90
TSB,strict,novel,0,0.45841157,False,Roth90
TSB,strict,novel,0,0.0004349741,True,Roth90
TSB,strict,novel,1,0.07842935,True,Roth90
TSB,strict,novel,0,0.07842935,True,Roth90
TSB,strict,novel,0,0.07831333,True,Roth90
TSB,strict,novel,0,0.043709822,True,Roth90
TSB,strict,novel,0,0.00096163247,True,Roth90
TSB,strict,novel,0,0.7441557,True,Roth90
TSB,strict,novel,0,0.45841157,False,Roth90
TSB,strict,novel,0,0.07831333,True,Roth90
TSB,strict,novel,0,0.0055883853,True,Roth90
TSB,strict,novel,1,0.0055883853,True,Roth90
TSB,strict,novel,1,0.12720983,True,Roth90
TSB,strict,novel,0,0.0032117805,True,Roth90
TSB,strict,novel,0,0.0032117805,True,Roth90
TSB,strict,novel,1,0.45841157,False,Roth90
TSB,strict,novel,1,0.004332839,True,Roth90
TSB,strict,novel,0,0.00094154244,True,Roth90
TSB,strict,novel,0,0.00094154244,True,Roth90
TSB,strict,novel,0,0.00094154244,True,Roth90
TSB,strict,novel,0,0.00094154244,True,Roth90
TSB,strict,novel,0,0.00094154244,True,Roth90
TSB,strict,novel,0,0.0012065041,True,Roth90
TSB,strict,novel,0,0.043709822,True,Roth90
TSB,strict,novel,1,0.043709822,True,Roth90
TSB,strict,novel,1,0.0012065041,True,Roth90
TSB,strict,novel,0,0.07842935,True,Roth90
TSB,strict,novel,1,0.07842935,True,Roth90
TSB,strict,novel,1,0.07842935,True,Roth90
TSB,strict,novel,0,0.07842935,True,Roth90
TSB,strict,novel,1,0.07842935,True,Roth90
TSB,strict,novel,1,0.07842935,True,Roth90
TSB,strict,novel,0,0.07842935,True,Roth90
TSB,strict,novel,0,0.07842935,True,Roth90
TSB,strict,novel,1,0.2291066,True,Roth26
TSB,strict,novel,1,0.2291066,True,Roth26
TSB,strict,novel,1,0.00051433925,True,Roth26
TSB,strict,novel,0,0.45841157,False,Roth26
TSB,strict,novel,1,0.07831333,True,Roth26
TSB,strict,novel,0,0.45841157,False,Roth26
TSB,strict,novel,0,0.043709822,True,Roth26
TSB,strict,novel,1,0.043709822,True,Roth26
TSB,strict,novel,0,0.00096163247,True,Roth26
TSB,strict,novel,0,0.00096163247,True,Roth26
TSB,strict,novel,1,0.00044536253,True,Roth26
TSB,strict,novel,1,0.00096163247,True,Roth26
TSB,strict,novel,0,0.45841157,False,Roth26
TSB,strict,novel,0,0.004249051,True,Roth26
TSB,strict,novel,0,0.45841157,False,Roth26
TSB,strict,novel,0,0.45841157,False,Roth26
TSB,strict,novel,0,0.004249051,True,Roth26
TSB,strict,novel,0,0.45841157,False,Roth26
TSB,strict,novel,0,0.0032117805,True,Roth26
TSB,strict,novel,1,0.36624837,True,Roth26
TSB,strict,novel,1,0.06646945,True,Roth26
TSB,strict,novel,0,0.0035601738,True,Roth26
TSB,strict,novel,1,0.45841157,False,Roth26
TSB,strict,novel,0,0.45841157,False,Roth26
TSB,strict,novel,0,0.043709822,True,Roth26
TSB,strict,novel,1,0.00078859046,True,Roth26
TSB,strict,novel,0,0.45841157,False,Roth26
TSB,strict,novel,0,0.0004349741,True,Roth26
TSB,strict,novel,1,0.07842935,True,Roth26
TSB,strict,novel,0,0.07842935,True,Roth26
TSB,strict,novel,0,0.07831333,True,Roth26
TSB,strict,novel,0,0.043709822,True,Roth26
TSB,strict,novel,1,0.7441557,True,Roth26
TSB,strict,novel,1,0.45841157,False,Roth26
TSB,strict,novel,0,0.07831333,True,Roth26
TSB,strict,novel,0,0.0055883853,True,Roth26
TSB,strict,novel,1,0.0055883853,True,Roth26
TSB,strict,novel,1,0.12720983,True,Roth26
TSB,strict,novel,0,0.0032117805,True,Roth26
TSB,strict,novel,1,0.45841157,False,Roth26
TSB,strict,novel,1,0.45841157,False,Roth26
TSB,strict,novel,1,0.004332839,True,Roth26
TSB,strict,novel,0,0.00094154244,True,Roth26
TSB,strict,novel,0,0.00094154244,True,Roth26
TSB,strict,novel,0,0.00094154244,True,Roth26
TSB,strict,novel,0,0.00094154244,True,Roth26
TSB,strict,novel,0,0.00094154244,True,Roth26
TSB,strict,novel,1,0.0012065041,True,Roth26
TSB,strict,novel,0,0.043709822,True,Roth26
TSB,strict,novel,1,0.0012065041,True,Roth26
TSB,strict,novel,1,0.07842935,True,Roth26
TSB,strict,novel,1,0.07842935,True,Roth26
TSB,strict,novel,0,0.07842935,True,Roth26
TSB,strict,novel,1,0.07842935,True,Roth26
TSB,strict,novel,1,0.07842935,True,Roth26
TSB,strict,novel,0,0.07842935,True,Roth26
TSB,strict,novel,0,0.07842935,True,Roth26
TSB,strict,novel,1,0.2291066,True,Roth41
TSB,strict,novel,1,0.2291066,True,Roth41
TSB,strict,novel,0,0.00051433925,True,Roth41
TSB,strict,novel,1,0.07831333,True,Roth41
TSB,strict,novel,0,0.45841157,False,Roth41
TSB,strict,novel,0,0.043709822,True,Roth41
TSB,strict,novel,1,0.043709822,True,Roth41
TSB,strict,novel,0,0.00096163247,True,Roth41
TSB,strict,novel,0,0.00096163247,True,Roth41
TSB,strict,novel,1,0.00044536253,True,Roth41
TSB,strict,novel,1,0.00096163247,True,Roth41
TSB,strict,novel,0,0.45841157,False,Roth41
TSB,strict,novel,0,0.004249051,True,Roth41
TSB,strict,novel,0,0.45841157,False,Roth41
TSB,strict,novel,0,0.45841157,False,Roth41
TSB,strict,novel,0,0.004249051,True,Roth41
TSB,strict,novel,0,0.45841157,False,Roth41
TSB,strict,novel,0,0.0032117805,True,Roth41
TSB,strict,novel,1,0.36624837,True,Roth41
TSB,strict,novel,1,0.06646945,True,Roth41
TSB,strict,novel,0,0.0035601738,True,Roth41
TSB,strict,novel,1,0.45841157,False,Roth41
TSB,strict,novel,0,0.043709822,True,Roth41
TSB,strict,novel,1,0.00078859046,True,Roth41
TSB,strict,novel,0,0.45841157,False,Roth41
TSB,strict,novel,0,0.0004349741,True,Roth41
TSB,strict,novel,1,0.07842935,True,Roth41
TSB,strict,novel,0,0.07842935,True,Roth41
TSB,strict,novel,0,0.07831333,True,Roth41
TSB,strict,novel,0,0.043709822,True,Roth41
TSB,strict,novel,0,0.00096163247,True,Roth41
TSB,strict,novel,1,0.7441557,True,Roth41
TSB,strict,novel,1,0.45841157,False,Roth41
TSB,strict,novel,0,0.07831333,True,Roth41
TSB,strict,novel,0,0.0055883853,True,Roth41
TSB,strict,novel,1,0.0055883853,True,Roth41
TSB,strict,novel,1,0.12720983,True,Roth41
TSB,strict,novel,0,0.0032117805,True,Roth41
TSB,strict,novel,1,0.45841157,False,Roth41
TSB,strict,novel,1,0.45841157,False,Roth41
TSB,strict,novel,1,0.004332839,True,Roth41
TSB,strict,novel,0,0.00094154244,True,Roth41
TSB,strict,novel,0,0.00094154244,True,Roth41
TSB,strict,novel,0,0.00094154244,True,Roth41
TSB,strict,novel,1,0.0012065041,True,Roth41
TSB,strict,novel,0,0.043709822,True,Roth41
TSB,strict,novel,1,0.0012065041,True,Roth41
TSB,strict,novel,1,0.07842935,True,Roth41
TSB,strict,novel,1,0.07842935,True,Roth41
TSB,strict,novel,0,0.07842935,True,Roth41
TSB,strict,novel,1,0.07842935,True,Roth41
TSB,strict,novel,1,0.07842935,True,Roth41
TSB,strict,novel,0,0.07842935,True,Roth41
TSB,strict,novel,0,0.07842935,True,Roth41
TSB,strict,novel,1,0.2291066,True,Roth23
TSB,strict,novel,1,0.2291066,True,Roth23
TSB,strict,novel,1,0.00051433925,True,Roth23
TSB,strict,novel,1,0.07831333,True,Roth23
TSB,strict,novel,0,0.45841157,False,Roth23
TSB,strict,novel,0,0.043709822,True,Roth23
TSB,strict,novel,1,0.043709822,True,Roth23
TSB,strict,novel,0,0.00096163247,True,Roth23
TSB,strict,novel,0,0.00096163247,True,Roth23
TSB,strict,novel,1,0.00044536253,True,Roth23
TSB,strict,novel,1,0.00096163247,True,Roth23
TSB,strict,novel,0,0.45841157,False,Roth23
TSB,strict,novel,0,0.004249051,True,Roth23
TSB,strict,novel,0,0.45841157,False,Roth23
TSB,strict,novel,0,0.45841157,False,Roth23
TSB,strict,novel,0,0.004249051,True,Roth23
TSB,strict,novel,0,0.45841157,False,Roth23
TSB,strict,novel,0,0.0032117805,True,Roth23
TSB,strict,novel,1,0.36624837,True,Roth23
TSB,strict,novel,1,0.06646945,True,Roth23
TSB,strict,novel,0,0.0035601738,True,Roth23
TSB,strict,novel,1,0.45841157,False,Roth23
TSB,strict,novel,0,0.043709822,True,Roth23
TSB,strict,novel,1,0.00078859046,True,Roth23
TSB,strict,novel,0,0.45841157,False,Roth23
TSB,strict,novel,0,0.0004349741,True,Roth23
TSB,strict,novel,1,0.07842935,True,Roth23
TSB,strict,novel,0,0.07842935,True,Roth23
TSB,strict,novel,0,0.07831333,True,Roth23
TSB,strict,novel,0,0.043709822,True,Roth23
TSB,strict,novel,0,0.00096163247,True,Roth23
TSB,strict,novel,0,0.7441557,True,Roth23
TSB,strict,novel,1,0.45841157,False,Roth23
TSB,strict,novel,0,0.07831333,True,Roth23
TSB,strict,novel,0,0.0055883853,True,Roth23
TSB,strict,novel,1,0.0055883853,True,Roth23
TSB,strict,novel,1,0.12720983,True,Roth23
TSB,strict,novel,0,0.0032117805,True,Roth23
TSB,strict,novel,1,0.45841157,False,Roth23
TSB,strict,novel,1,0.004332839,True,Roth23
TSB,strict,novel,0,0.00094154244,True,Roth23
TSB,strict,novel,0,0.00094154244,True,Roth23
TSB,strict,novel,0,0.00094154244,True,Roth23
TSB,strict,novel,0,0.00094154244,True,Roth23
TSB,strict,novel,1,0.0012065041,True,Roth23
TSB,strict,novel,0,0.043709822,True,Roth23
TSB,strict,novel,1,0.043709822,True,Roth23
TSB,strict,novel,1,0.0012065041,True,Roth23
TSB,strict,novel,1,0.07842935,True,Roth23
TSB,strict,novel,1,0.07842935,True,Roth23
TSB,strict,novel,0,0.07842935,True,Roth23
TSB,strict,novel,1,0.07842935,True,Roth23
TSB,strict,novel,1,0.07842935,True,Roth23
TSB,strict,novel,0,0.07842935,True,Roth23
TSB,strict,novel,0,0.07842935,True,Roth23
TSB,strict,novel,0,0.16797939,True,Roth19
TSB,strict,novel,0,0.16797939,True,Roth19
TSB,strict,novel,0,0.16797939,True,Roth19
TSB,strict,novel,1,0.36642292,False,Roth19
TSB,strict,novel,0,0.0017960108,True,Roth19
TSB,strict,novel,0,0.00047482483,True,Roth19
TSB,strict,novel,0,0.36642292,False,Roth19
TSB,strict,novel,0,0.11605978,True,Roth19
TSB,strict,novel,1,0.07081676,True,Roth19
TSB,strict,novel,0,0.36642292,False,Roth19
TSB,strict,novel,0,0.069815174,True,Roth19
TSB,strict,novel,0,0.00053351687,True,Roth19
TSB,strict,novel,0,0.028360134,True,Roth19
TSB,strict,novel,0,0.028360134,True,Roth19
TSB,strict,novel,0,0.0010756012,True,Roth19
TSB,strict,novel,0,0.0010756012,True,Roth19
TSB,strict,novel,0,0.0015965324,True,Roth19
TSB,strict,novel,1,0.0010756012,True,Roth19
TSB,strict,novel,0,0.36642292,False,Roth19
TSB,strict,novel,0,0.36642292,False,Roth19
TSB,strict,novel,0,0.0048010508,True,Roth19
TSB,strict,novel,0,0.36642292,False,Roth19
TSB,strict,novel,0,0.36642292,False,Roth19
TSB,strict,novel,0,0.0048010508,True,Roth19
TSB,strict,novel,0,0.0048010508,True,Roth19
TSB,strict,novel,0,0.36642292,False,Roth19
TSB,strict,novel,0,0.36642292,False,Roth19
TSB,strict,novel,0,0.003376927,True,Roth19
TSB,strict,novel,0,0.028211148,True,Roth19
TSB,strict,novel,0,0.06767739,True,Roth19
TSB,strict,novel,0,0.03609298,True,Roth19
TSB,strict,novel,0,0.010363363,True,Roth19
TSB,strict,novel,0,0.36642292,False,Roth19
TSB,strict,novel,0,0.36642292,False,Roth19
TSB,strict,novel,0,0.36642292,False,Roth19
TSB,strict,novel,0,0.028360134,True,Roth19
TSB,strict,novel,0,0.0017960108,True,Roth19
TSB,strict,novel,0,0.0017960108,True,Roth19
TSB,strict,novel,0,0.0015651964,True,Roth19
TSB,strict,novel,0,0.36642292,False,Roth19
TSB,strict,novel,0,0.0008405946,True,Roth19
TSB,strict,novel,1,0.014740437,True,Roth19
TSB,strict,novel,0,0.014740437,True,Roth19
TSB,strict,novel,0,0.07081676,True,Roth19
TSB,strict,novel,0,0.028360134,True,Roth19
TSB,strict,novel,0,0.0010756012,True,Roth19
TSB,strict,novel,0,0.017440949,True,Roth19
TSB,strict,novel,0,0.36642292,False,Roth19
TSB,strict,novel,0,0.07081676,True,Roth19
TSB,strict,novel,0,0.032860223,True,Roth19
TSB,strict,novel,0,0.032860223,True,Roth19
TSB,strict,novel,1,0.16098498,True,Roth19
TSB,strict,novel,0,0.003376927,True,Roth19
TSB,strict,novel,0,0.003376927,True,Roth19
TSB,strict,novel,0,0.36642292,False,Roth19
TSB,strict,novel,0,0.36642292,False,Roth19
TSB,strict,novel,0,0.0036485968,True,Roth19
TSB,strict,novel,0,0.011788015,True,Roth19
TSB,strict,novel,0,0.011788015,True,Roth19
TSB,strict,novel,0,0.011788015,True,Roth19
TSB,strict,novel,0,0.011788015,True,Roth19
TSB,strict,novel,0,0.011788015,True,Roth19
TSB,strict,novel,0,0.0013506757,True,Roth19
TSB,strict,novel,0,0.028360134,True,Roth19
TSB,strict,novel,0,0.028360134,True,Roth19
TSB,strict,novel,0,0.0013506757,True,Roth19
TSB,strict,novel,0,0.014740437,True,Roth19
TSB,strict,novel,0,0.014740437,True,Roth19
TSB,strict,novel,0,0.014740437,True,Roth19
TSB,strict,novel,0,0.014740437,True,Roth19
TSB,strict,novel,1,0.014740437,True,Roth19
TSB,strict,novel,0,0.014740437,True,Roth19
TSB,strict,novel,0,0.014740437,True,Roth19
TSB,strict,novel,0,0.014740437,True,Roth19
TSB,strict,novel,1,0.16797939,True,Roth20
TSB,strict,novel,1,0.16797939,True,Roth20
TSB,strict,novel,0,0.16797939,True,Roth20
TSB,strict,novel,1,0.36642292,False,Roth20
TSB,strict,novel,0,0.0017960108,True,Roth20
TSB,strict,novel,0,0.00047482483,True,Roth20
TSB,strict,novel,0,0.36642292,False,Roth20
TSB,strict,novel,0,0.11605978,True,Roth20
TSB,strict,novel,1,0.07081676,True,Roth20
TSB,strict,novel,0,0.36642292,False,Roth20
TSB,strict,novel,0,0.069815174,True,Roth20
TSB,strict,novel,0,0.00053351687,True,Roth20
TSB,strict,novel,0,0.028360134,True,Roth20
TSB,strict,novel,0,0.028360134,True,Roth20
TSB,strict,novel,0,0.0010756012,True,Roth20
TSB,strict,novel,0,0.0010756012,True,Roth20
TSB,strict,novel,1,0.0015965324,True,Roth20
TSB,strict,novel,1,0.0010756012,True,Roth20
TSB,strict,novel,0,0.36642292,False,Roth20
TSB,strict,novel,0,0.36642292,False,Roth20
TSB,strict,novel,0,0.0048010508,True,Roth20
TSB,strict,novel,0,0.36642292,False,Roth20
TSB,strict,novel,0,0.36642292,False,Roth20
TSB,strict,novel,1,0.0048010508,True,Roth20
TSB,strict,novel,0,0.0048010508,True,Roth20
TSB,strict,novel,1,0.36642292,False,Roth20
TSB,strict,novel,0,0.36642292,False,Roth20
TSB,strict,novel,0,0.003376927,True,Roth20
TSB,strict,novel,0,0.028211148,True,Roth20
TSB,strict,novel,0,0.06767739,True,Roth20
TSB,strict,novel,0,0.010363363,True,Roth20
TSB,strict,novel,0,0.36642292,False,Roth20
TSB,strict,novel,0,0.36642292,False,Roth20
TSB,strict,novel,0,0.36642292,False,Roth20
TSB,strict,novel,0,0.028360134,True,Roth20
TSB,strict,novel,0,0.0017960108,True,Roth20
TSB,strict,novel,0,0.0017960108,True,Roth20
TSB,strict,novel,0,0.0015651964,True,Roth20
TSB,strict,novel,0,0.36642292,False,Roth20
TSB,strict,novel,0,0.0008405946,True,Roth20
TSB,strict,novel,1,0.014740437,True,Roth20
TSB,strict,novel,0,0.014740437,True,Roth20
TSB,strict,novel,0,0.07081676,True,Roth20
TSB,strict,novel,0,0.028360134,True,Roth20
TSB,strict,novel,0,0.0010756012,True,Roth20
TSB,strict,novel,0,0.017440949,True,Roth20
TSB,strict,novel,0,0.36642292,False,Roth20
TSB,strict,novel,0,0.032860223,True,Roth20
TSB,strict,novel,0,0.032860223,True,Roth20
TSB,strict,novel,1,0.16098498,True,Roth20
TSB,strict,novel,0,0.003376927,True,Roth20
TSB,strict,novel,0,0.003376927,True,Roth20
TSB,strict,novel,0,0.36642292,False,Roth20
TSB,strict,novel,0,0.36642292,False,Roth20
TSB,strict,novel,0,0.0036485968,True,Roth20
TSB,strict,novel,0,0.011788015,True,Roth20
TSB,strict,novel,0,0.011788015,True,Roth20
TSB,strict,novel,0,0.011788015,True,Roth20
TSB,strict,novel,0,0.011788015,True,Roth20
TSB,strict,novel,0,0.011788015,True,Roth20
TSB,strict,novel,0,0.0013506757,True,Roth20
TSB,strict,novel,0,0.028360134,True,Roth20
TSB,strict,novel,0,0.028360134,True,Roth20
TSB,strict,novel,0,0.014740437,True,Roth20
TSB,strict,novel,0,0.014740437,True,Roth20
TSB,strict,novel,0,0.014740437,True,Roth20
TSB,strict,novel,0,0.014740437,True,Roth20
TSB,strict,novel,1,0.014740437,True,Roth20
TSB,strict,novel,0,0.014740437,True,Roth20
TSB,strict,novel,0,0.014740437,True,Roth20
TSB,strict,novel,0,0.014740437,True,Roth20
TSB,strict,novel,1,0.23346981,True,Roth04
TSB,strict,novel,0,0.23346981,True,Roth04
TSB,strict,novel,0,0.3260062,False,Roth04
TSB,strict,novel,0,0.0009605158,True,Roth04
TSB,strict,novel,0,0.0007677038,True,Roth04
TSB,strict,novel,0,0.3260062,False,Roth04
TSB,strict,novel,0,0.08956151,True,Roth04
TSB,strict,novel,1,0.054016914,True,Roth04
TSB,strict,novel,0,0.3260062,False,Roth04
TSB,strict,novel,0,0.13786322,True,Roth04
TSB,strict,novel,0,0.0006900198,True,Roth04
TSB,strict,novel,0,0.39887217,True,Roth04
TSB,strict,novel,1,0.39887217,True,Roth04
TSB,strict,novel,0,0.000567723,True,Roth04
TSB,strict,novel,0,0.000567723,True,Roth04
TSB,strict,novel,1,0.0011966394,True,Roth04
TSB,strict,novel,0,0.000567723,True,Roth04
TSB,strict,novel,1,0.3260062,False,Roth04
TSB,strict,novel,1,0.3260062,False,Roth04
TSB,strict,novel,0,0.0025072442,True,Roth04
TSB,strict,novel,0,0.3260062,False,Roth04
TSB,strict,novel,0,0.3260062,False,Roth04
TSB,strict,novel,1,0.0025072442,True,Roth04
TSB,strict,novel,0,0.0025072442,True,Roth04
TSB,strict,novel,1,0.3260062,False,Roth04
TSB,strict,novel,0,0.3260062,False,Roth04
TSB,strict,novel,0,0.0018073269,True,Roth04
TSB,strict,novel,0,0.022341365,True,Roth04
TSB,strict,novel,0,0.06928774,True,Roth04
TSB,strict,novel,1,0.054096892,True,Roth04
TSB,strict,novel,0,0.005242481,True,Roth04
TSB,strict,novel,0,0.3260062,False,Roth04
TSB,strict,novel,0,0.3260062,False,Roth04
TSB,strict,novel,0,0.39887217,True,Roth04
TSB,strict,novel,0,0.0009605158,True,Roth04
TSB,strict,novel,0,0.0009605158,True,Roth04
TSB,strict,novel,0,0.0011731426,True,Roth04
TSB,strict,novel,0,0.3260062,False,Roth04
TSB,strict,novel,0,0.0005656656,True,Roth04
TSB,strict,novel,0,0.038453195,True,Roth04
TSB,strict,novel,0,0.054016914,True,Roth04
TSB,strict,novel,0,0.39887217,True,Roth04
TSB,strict,novel,0,0.000567723,True,Roth04
TSB,strict,novel,0,0.009396038,True,Roth04
TSB,strict,novel,0,0.054016914,True,Roth04
TSB,strict,novel,0,0.013618798,True,Roth04
TSB,strict,novel,0,0.013618798,True,Roth04
TSB,strict,novel,1,0.090294525,True,Roth04
TSB,strict,novel,0,0.0018073269,True,Roth04
TSB,strict,novel,0,0.0018073269,True,Roth04
TSB,strict,novel,0,0.3260062,False,Roth04
TSB,strict,novel,0,0.3260062,False,Roth04
TSB,strict,novel,0,0.0019198696,True,Roth04
TSB,strict,novel,0,0.013751831,True,Roth04
TSB,strict,novel,0,0.013751831,True,Roth04
TSB,strict,novel,0,0.013751831,True,Roth04
TSB,strict,novel,0,0.013751831,True,Roth04
TSB,strict,novel,0,0.013751831,True,Roth04
TSB,strict,novel,0,0.0007130053,True,Roth04
TSB,strict,novel,0,0.39887217,True,Roth04
TSB,strict,novel,0,0.0007130053,True,Roth04
TSB,strict,novel,0,0.038453195,True,Roth04
TSB,strict,novel,1,0.038453195,True,Roth04
TSB,strict,novel,0,0.038453195,True,Roth04
TSB,strict,novel,0,0.038453195,True,Roth04
TSB,strict,novel,1,0.038453195,True,Roth04
TSB,strict,novel,0,0.038453195,True,Roth04
TSB,strict,novel,0,0.038453195,True,Roth04
TSB,strict,novel,0,0.038453195,True,Roth04
TSB,strict,novel,1,0.23346981,True,Roth78
TSB,strict,novel,1,0.23346981,True,Roth78
TSB,strict,novel,0,0.23346981,True,Roth78
TSB,strict,novel,0,0.3260062,False,Roth78
TSB,strict,novel,0,0.0009605158,True,Roth78
TSB,strict,novel,0,0.0007677038,True,Roth78
TSB,strict,novel,0,0.3260062,False,Roth78
TSB,strict,novel,0,0.08956151,True,Roth78
TSB,strict,novel,1,0.054016914,True,Roth78
TSB,strict,novel,0,0.3260062,False,Roth78
TSB,strict,novel,0,0.13786322,True,Roth78
TSB,strict,novel,0,0.0006900198,True,Roth78
TSB,strict,novel,0,0.39887217,True,Roth78
TSB,strict,novel,1,0.39887217,True,Roth78
TSB,strict,novel,0,0.000567723,True,Roth78
TSB,strict,novel,0,0.000567723,True,Roth78
TSB,strict,novel,1,0.0011966394,True,Roth78
TSB,strict,novel,0,0.000567723,True,Roth78
TSB,strict,novel,1,0.3260062,False,Roth78
TSB,strict,novel,1,0.3260062,False,Roth78
TSB,strict,novel,0,0.0025072442,True,Roth78
TSB,strict,novel,0,0.3260062,False,Roth78
TSB,strict,novel,1,0.0025072442,True,Roth78
TSB,strict,novel,0,0.0025072442,True,Roth78
TSB,strict,novel,1,0.3260062,False,Roth78
TSB,strict,novel,0,0.3260062,False,Roth78
TSB,strict,novel,0,0.0018073269,True,Roth78
TSB,strict,novel,0,0.022341365,True,Roth78
TSB,strict,novel,0,0.06928774,True,Roth78
TSB,strict,novel,0,0.005242481,True,Roth78
TSB,strict,novel,1,0.3260062,False,Roth78
TSB,strict,novel,0,0.3260062,False,Roth78
TSB,strict,novel,0,0.3260062,False,Roth78
TSB,strict,novel,0,0.39887217,True,Roth78
TSB,strict,novel,0,0.0009605158,True,Roth78
TSB,strict,novel,0,0.0009605158,True,Roth78
TSB,strict,novel,0,0.0011731426,True,Roth78
TSB,strict,novel,0,0.3260062,False,Roth78
TSB,strict,novel,0,0.0005656656,True,Roth78
TSB,strict,novel,0,0.038453195,True,Roth78
TSB,strict,novel,0,0.054016914,True,Roth78
TSB,strict,novel,0,0.39887217,True,Roth78
TSB,strict,novel,0,0.000567723,True,Roth78
TSB,strict,novel,0,0.009396038,True,Roth78
TSB,strict,novel,0,0.3260062,False,Roth78
TSB,strict,novel,0,0.013618798,True,Roth78
TSB,strict,novel,0,0.013618798,True,Roth78
TSB,strict,novel,1,0.090294525,True,Roth78
TSB,strict,novel,0,0.0018073269,True,Roth78
TSB,strict,novel,0,0.0018073269,True,Roth78
TSB,strict,novel,0,0.3260062,False,Roth78
TSB,strict,novel,0,0.0019198696,True,Roth78
TSB,strict,novel,0,0.013751831,True,Roth78
TSB,strict,novel,0,0.013751831,True,Roth78
TSB,strict,novel,0,0.013751831,True,Roth78
TSB,strict,novel,0,0.0007130053,True,Roth78
TSB,strict,novel,0,0.39887217,True,Roth78
TSB,strict,novel,1,0.038453195,True,Roth78
TSB,strict,novel,0,0.038453195,True,Roth78
TSB,strict,novel,0,0.038453195,True,Roth78
TSB,strict,novel,1,0.038453195,True,Roth78
TSB,strict,novel,0,0.038453195,True,Roth78
TSB,strict,novel,0,0.038453195,True,Roth78
TSB,strict,novel,0,0.038453195,True,Roth78
TSB,strict,novel,1,0.23346981,True,Roth67
TSB,strict,novel,0,0.23346981,True,Roth67
TSB,strict,novel,0,0.3260062,False,Roth67
TSB,strict,novel,0,0.0009605158,True,Roth67
TSB,strict,novel,0,0.0007677038,True,Roth67
TSB,strict,novel,0,0.3260062,False,Roth67
TSB,strict,novel,0,0.08956151,True,Roth67
TSB,strict,novel,0,0.054016914,True,Roth67
TSB,strict,novel,0,0.3260062,False,Roth67
TSB,strict,novel,0,0.13786322,True,Roth67
TSB,strict,novel,0,0.0006900198,True,Roth67
TSB,strict,novel,0,0.39887217,True,Roth67
TSB,strict,novel,1,0.39887217,True,Roth67
TSB,strict,novel,0,0.000567723,True,Roth67
TSB,strict,novel,0,0.000567723,True,Roth67
TSB,strict,novel,1,0.0011966394,True,Roth67
TSB,strict,novel,0,0.000567723,True,Roth67
TSB,strict,novel,1,0.3260062,False,Roth67
TSB,strict,novel,1,0.3260062,False,Roth67
TSB,strict,novel,0,0.0025072442,True,Roth67
TSB,strict,novel,0,0.3260062,False,Roth67
TSB,strict,novel,0,0.3260062,False,Roth67
TSB,strict,novel,1,0.0025072442,True,Roth67
TSB,strict,novel,0,0.0025072442,True,Roth67
TSB,strict,novel,1,0.3260062,False,Roth67
TSB,strict,novel,0,0.3260062,False,Roth67
TSB,strict,novel,0,0.0018073269,True,Roth67
TSB,strict,novel,0,0.022341365,True,Roth67
TSB,strict,novel,0,0.06928774,True,Roth67
TSB,strict,novel,1,0.054096892,True,Roth67
TSB,strict,novel,0,0.005242481,True,Roth67
TSB,strict,novel,1,0.3260062,False,Roth67
TSB,strict,novel,0,0.3260062,False,Roth67
TSB,strict,novel,0,0.3260062,False,Roth67
TSB,strict,novel,0,0.39887217,True,Roth67
TSB,strict,novel,0,0.0009605158,True,Roth67
TSB,strict,novel,0,0.0009605158,True,Roth67
TSB,strict,novel,0,0.0011731426,True,Roth67
TSB,strict,novel,0,0.3260062,False,Roth67
TSB,strict,novel,0,0.0005656656,True,Roth67
TSB,strict,novel,0,0.038453195,True,Roth67
TSB,strict,novel,0,0.054016914,True,Roth67
TSB,strict,novel,0,0.39887217,True,Roth67
TSB,strict,novel,0,0.000567723,True,Roth67
TSB,strict,novel,0,0.009396038,True,Roth67
TSB,strict,novel,0,0.3260062,False,Roth67
TSB,strict,novel,0,0.013618798,True,Roth67
TSB,strict,novel,0,0.013618798,True,Roth67
TSB,strict,novel,1,0.090294525,True,Roth67
TSB,strict,novel,0,0.0018073269,True,Roth67
TSB,strict,novel,0,0.0018073269,True,Roth67
TSB,strict,novel,0,0.0019198696,True,Roth67
TSB,strict,novel,0,0.013751831,True,Roth67
TSB,strict,novel,0,0.013751831,True,Roth67
TSB,strict,novel,0,0.013751831,True,Roth67
TSB,strict,novel,0,0.013751831,True,Roth67
TSB,strict,novel,0,0.39887217,True,Roth67
TSB,strict,novel,0,0.39887217,True,Roth67
TSB,strict,novel,0,0.038453195,True,Roth67
TSB,strict,novel,1,0.038453195,True,Roth67
TSB,strict,novel,0,0.038453195,True,Roth67
TSB,strict,novel,0,0.038453195,True,Roth67
TSB,strict,novel,1,0.038453195,True,Roth67
TSB,strict,novel,0,0.038453195,True,Roth67
TSB,strict,novel,0,0.038453195,True,Roth67
TSB,strict,novel,0,0.038453195,True,Roth67
TSB,strict,novel,1,0.23346981,True,Roth77
TSB,strict,novel,1,0.23346981,True,Roth77
TSB,strict,novel,0,0.23346981,True,Roth77
TSB,strict,novel,0,0.3260062,False,Roth77
TSB,strict,novel,0,0.0009605158,True,Roth77
TSB,strict,novel,0,0.0007677038,True,Roth77
TSB,strict,novel,0,0.3260062,False,Roth77
TSB,strict,novel,0,0.08956151,True,Roth77
TSB,strict,novel,1,0.054016914,True,Roth77
TSB,strict,novel,0,0.3260062,False,Roth77
TSB,strict,novel,0,0.13786322,True,Roth77
TSB,strict,novel,0,0.0006900198,True,Roth77
TSB,strict,novel,0,0.39887217,True,Roth77
TSB,strict,novel,1,0.39887217,True,Roth77
TSB,strict,novel,0,0.000567723,True,Roth77
TSB,strict,novel,0,0.000567723,True,Roth77
TSB,strict,novel,1,0.0011966394,True,Roth77
TSB,strict,novel,0,0.000567723,True,Roth77
TSB,strict,novel,0,0.3260062,False,Roth77
TSB,strict,novel,1,0.3260062,False,Roth77
TSB,strict,novel,0,0.0025072442,True,Roth77
TSB,strict,novel,0,0.3260062,False,Roth77
TSB,strict,novel,1,0.0025072442,True,Roth77
TSB,strict,novel,0,0.0025072442,True,Roth77
TSB,strict,novel,1,0.3260062,False,Roth77
TSB,strict,novel,0,0.3260062,False,Roth77
TSB,strict,novel,0,0.0018073269,True,Roth77
TSB,strict,novel,0,0.022341365,True,Roth77
TSB,strict,novel,0,0.06928774,True,Roth77
TSB,strict,novel,1,0.054096892,True,Roth77
TSB,strict,novel,0,0.005242481,True,Roth77
TSB,strict,novel,1,0.3260062,False,Roth77
TSB,strict,novel,0,0.3260062,False,Roth77
TSB,strict,novel,0,0.3260062,False,Roth77
TSB,strict,novel,0,0.39887217,True,Roth77
TSB,strict,novel,0,0.0009605158,True,Roth77
TSB,strict,novel,0,0.0009605158,True,Roth77
TSB,strict,novel,0,0.0011731426,True,Roth77
TSB,strict,novel,0,0.3260062,False,Roth77
TSB,strict,novel,0,0.0005656656,True,Roth77
TSB,strict,novel,0,0.038453195,True,Roth77
TSB,strict,novel,0,0.054016914,True,Roth77
TSB,strict,novel,0,0.39887217,True,Roth77
TSB,strict,novel,0,0.000567723,True,Roth77
TSB,strict,novel,0,0.009396038,True,Roth77
TSB,strict,novel,0,0.3260062,False,Roth77
TSB,strict,novel,0,0.013618798,True,Roth77
TSB,strict,novel,0,0.013618798,True,Roth77
TSB,strict,novel,1,0.090294525,True,Roth77
TSB,strict,novel,0,0.0018073269,True,Roth77
TSB,strict,novel,0,0.0018073269,True,Roth77
TSB,strict,novel,0,0.3260062,False,Roth77
TSB,strict,novel,0,0.3260062,False,Roth77
TSB,strict,novel,0,0.0019198696,True,Roth77
TSB,strict,novel,0,0.013751831,True,Roth77
TSB,strict,novel,0,0.013751831,True,Roth77
TSB,strict,novel,0,0.013751831,True,Roth77
TSB,strict,novel,0,0.013751831,True,Roth77
TSB,strict,novel,0,0.39887217,True,Roth77
TSB,strict,novel,0,0.39887217,True,Roth77
TSB,strict,novel,0,0.0007130053,True,Roth77
TSB,strict,novel,1,0.038453195,True,Roth77
TSB,strict,novel,0,0.038453195,True,Roth77
TSB,strict,novel,0,0.038453195,True,Roth77
TSB,strict,novel,1,0.038453195,True,Roth77
TSB,strict,novel,0,0.038453195,True,Roth77
TSB,strict,novel,0,0.038453195,True,Roth77
TSB,strict,novel,0,0.038453195,True,Roth77
TSB,strict,novel,1,0.53548986,True,Roth16
TSB,strict,novel,1,0.53548986,True,Roth16
TSB,strict,novel,1,0.557893,False,Roth16
TSB,strict,novel,1,0.0013092783,True,Roth16
TSB,strict,novel,0,0.11978584,True,Roth16
TSB,strict,novel,1,0.113934636,True,Roth16
TSB,strict,novel,0,0.557893,False,Roth16
TSB,strict,novel,1,0.5213097,True,Roth16
TSB,strict,novel,1,0.000772352,True,Roth16
TSB,strict,novel,1,0.000772352,True,Roth16
TSB,strict,novel,1,0.557893,False,Roth16
TSB,strict,novel,1,0.557893,False,Roth16
TSB,strict,novel,1,0.557893,False,Roth16
TSB,strict,novel,1,0.0033112797,True,Roth16
TSB,strict,novel,0,0.0033112797,True,Roth16
TSB,strict,novel,1,0.557893,False,Roth16
TSB,strict,novel,0,0.557893,False,Roth16
TSB,strict,novel,0,0.0024576588,True,Roth16
TSB,strict,novel,0,0.027386786,True,Roth16
TSB,strict,novel,1,0.19537602,True,Roth16
TSB,strict,novel,1,0.055626206,True,Roth16
TSB,strict,novel,0,0.027959447,True,Roth16
TSB,strict,novel,1,0.557893,False,Roth16
TSB,strict,novel,0,0.557893,False,Roth16
TSB,strict,novel,0,0.557893,False,Roth16
TSB,strict,novel,0,0.0013065371,True,Roth16
TSB,strict,novel,0,0.557893,False,Roth16
TSB,strict,novel,0,0.0011108023,True,Roth16
TSB,strict,novel,0,0.08957022,True,Roth16
TSB,strict,novel,0,0.113934636,True,Roth16
TSB,strict,novel,1,0.5213097,True,Roth16
TSB,strict,novel,0,0.000772352,True,Roth16
TSB,strict,novel,0,0.75985914,True,Roth16
TSB,strict,novel,0,0.031904474,True,Roth16
TSB,strict,novel,1,0.031904474,True,Roth16
TSB,strict,novel,1,0.12243236,True,Roth16
TSB,strict,novel,0,0.0024576588,True,Roth16
TSB,strict,novel,0,0.0024576588,True,Roth16
TSB,strict,novel,0,0.557893,False,Roth16
TSB,strict,novel,0,0.0024864906,True,Roth16
TSB,strict,novel,0,0.0150513705,True,Roth16
TSB,strict,novel,0,0.00096994784,True,Roth16
TSB,strict,novel,0,0.5213097,True,Roth16
TSB,strict,novel,0,0.5213097,True,Roth16
TSB,strict,novel,0,0.08957022,True,Roth16
TSB,strict,novel,0,0.08957022,True,Roth16
TSB,strict,novel,0,0.08957022,True,Roth16
TSB,strict,novel,0,0.08957022,True,Roth16
TSB,strict,novel,0,0.08957022,True,Roth16
TSB,strict,novel,1,0.53548986,True,Roth17
TSB,strict,novel,1,0.53548986,True,Roth17
TSB,strict,novel,0,0.53548986,True,Roth17
TSB,strict,novel,1,0.557893,False,Roth17
TSB,strict,novel,0,0.0013065371,True,Roth17
TSB,strict,novel,0,0.0013092783,True,Roth17
TSB,strict,novel,0,0.11978584,True,Roth17
TSB,strict,novel,1,0.113934636,True,Roth17
TSB,strict,novel,0,0.557893,False,Roth17
TSB,strict,novel,0,0.001885943,True,Roth17
TSB,strict,novel,0,0.5213097,True,Roth17
TSB,strict,novel,0,0.5213097,True,Roth17
TSB,strict,novel,1,0.000772352,True,Roth17
TSB,strict,novel,0,0.000772352,True,Roth17
TSB,strict,novel,1,0.000772352,True,Roth17
TSB,strict,novel,1,0.557893,False,Roth17
TSB,strict,novel,1,0.557893,False,Roth17
TSB,strict,novel,0,0.557893,False,Roth17
TSB,strict,novel,1,0.557893,False,Roth17
TSB,strict,novel,1,0.0033112797,True,Roth17
TSB,strict,novel,0,0.0033112797,True,Roth17
TSB,strict,novel,1,0.557893,False,Roth17
TSB,strict,novel,0,0.557893,False,Roth17
TSB,strict,novel,0,0.0024576588,True,Roth17
TSB,strict,novel,0,0.027386786,True,Roth17
TSB,strict,novel,1,0.19537602,True,Roth17
TSB,strict,novel,1,0.055626206,True,Roth17
TSB,strict,novel,0,0.027959447,True,Roth17
TSB,strict,novel,1,0.557893,False,Roth17
TSB,strict,novel,0,0.557893,False,Roth17
TSB,strict,novel,0,0.557893,False,Roth17
TSB,strict,novel,0,0.5213097,True,Roth17
TSB,strict,novel,0,0.0013065371,True,Roth17
TSB,strict,novel,0,0.0015182435,True,Roth17
TSB,strict,novel,0,0.557893,False,Roth17
TSB,strict,novel,0,0.0011108023,True,Roth17
TSB,strict,novel,0,0.08957022,True,Roth17
TSB,strict,novel,0,0.08957022,True,Roth17
TSB,strict,novel,0,0.113934636,True,Roth17
TSB,strict,novel,1,0.5213097,True,Roth17
TSB,strict,novel,0,0.000772352,True,Roth17
TSB,strict,novel,0,0.75985914,True,Roth17
TSB,strict,novel,0,0.557893,False,Roth17
TSB,strict,novel,0,0.113934636,True,Roth17
TSB,strict,novel,0,0.031904474,True,Roth17
TSB,strict,novel,1,0.031904474,True,Roth17
TSB,strict,novel,1,0.12243236,True,Roth17
TSB,strict,novel,0,0.0024576588,True,Roth17
TSB,strict,novel,0,0.0024576588,True,Roth17
TSB,strict,novel,0,0.557893,False,Roth17
TSB,strict,novel,0,0.0024864906,True,Roth17
TSB,strict,novel,0,0.0150513705,True,Roth17
TSB,strict,novel,0,0.0150513705,True,Roth17
TSB,strict,novel,0,0.0150513705,True,Roth17
TSB,strict,novel,0,0.0150513705,True,Roth17
TSB,strict,novel,0,0.0150513705,True,Roth17
TSB,strict,novel,0,0.00096994784,True,Roth17
TSB,strict,novel,0,0.5213097,True,Roth17
TSB,strict,novel,0,0.5213097,True,Roth17
TSB,strict,novel,0,0.08957022,True,Roth17
TSB,strict,novel,0,0.08957022,True,Roth17
TSB,strict,novel,0,0.08957022,True,Roth17
TSB,strict,novel,0,0.08957022,True,Roth17
TSB,strict,novel,0,0.08957022,True,Roth17
TSB,strict,novel,1,0.53548986,True,Roth21
TSB,strict,novel,1,0.53548986,True,Roth21
TSB,strict,novel,0,0.53548986,True,Roth21
TSB,strict,novel,1,0.557893,False,Roth21
TSB,strict,novel,0,0.0013065371,True,Roth21
TSB,strict,novel,0,0.0013092783,True,Roth21
TSB,strict,novel,0,0.11978584,True,Roth21
TSB,strict,novel,1,0.113934636,True,Roth21
TSB,strict,novel,0,0.557893,False,Roth21
TSB,strict,novel,0,0.001885943,True,Roth21
TSB,strict,novel,1,0.000772352,True,Roth21
TSB,strict,novel,1,0.000772352,True,Roth21
TSB,strict,novel,1,0.557893,False,Roth21
TSB,strict,novel,1,0.557893,False,Roth21
TSB,strict,novel,1,0.557893,False,Roth21
TSB,strict,novel,1,0.0033112797,True,Roth21
TSB,strict,novel,0,0.0033112797,True,Roth21
TSB,strict,novel,1,0.557893,False,Roth21
TSB,strict,novel,0,0.557893,False,Roth21
TSB,strict,novel,0,0.0024576588,True,Roth21
TSB,strict,novel,0,0.027386786,True,Roth21
TSB,strict,novel,1,0.19537602,True,Roth21
TSB,strict,novel,1,0.055626206,True,Roth21
TSB,strict,novel,0,0.027959447,True,Roth21
TSB,strict,novel,1,0.557893,False,Roth21
TSB,strict,novel,0,0.557893,False,Roth21
TSB,strict,novel,0,0.557893,False,Roth21
TSB,strict,novel,0,0.0013065371,True,Roth21
TSB,strict,novel,0,0.557893,False,Roth21
TSB,strict,novel,0,0.0011108023,True,Roth21
TSB,strict,novel,0,0.08957022,True,Roth21
TSB,strict,novel,0,0.08957022,True,Roth21
TSB,strict,novel,0,0.113934636,True,Roth21
TSB,strict,novel,1,0.5213097,True,Roth21
TSB,strict,novel,0,0.000772352,True,Roth21
TSB,strict,novel,0,0.75985914,True,Roth21
TSB,strict,novel,0,0.557893,False,Roth21
TSB,strict,novel,0,0.113934636,True,Roth21
TSB,strict,novel,0,0.031904474,True,Roth21
TSB,strict,novel,1,0.031904474,True,Roth21
TSB,strict,novel,1,0.12243236,True,Roth21
TSB,strict,novel,0,0.0024576588,True,Roth21
TSB,strict,novel,0,0.0024576588,True,Roth21
TSB,strict,novel,0,0.557893,False,Roth21
TSB,strict,novel,0,0.0150513705,True,Roth21
TSB,strict,novel,0,0.0150513705,True,Roth21
TSB,strict,novel,0,0.0150513705,True,Roth21
TSB,strict,novel,0,0.00096994784,True,Roth21
TSB,strict,novel,0,0.5213097,True,Roth21
TSB,strict,novel,0,0.5213097,True,Roth21
TSB,strict,novel,0,0.08957022,True,Roth21
TSB,strict,novel,0,0.08957022,True,Roth21
TSB,strict,novel,0,0.08957022,True,Roth21
TSB,strict,novel,0,0.08957022,True,Roth21
TSB,strict,novel,0,0.08957022,True,Roth21
TSB,strict,novel,1,0.30818033,True,Roth51
TSB,strict,novel,1,0.30818033,True,Roth51
TSB,strict,novel,0,0.30818033,True,Roth51
TSB,strict,novel,1,0.32778427,False,Roth51
TSB,strict,novel,0,0.0008813991,True,Roth51
TSB,strict,novel,1,0.0005063335,True,Roth51
TSB,strict,novel,1,0.32778427,False,Roth51
TSB,strict,novel,0,0.09799873,True,Roth51
TSB,strict,novel,0,0.057122394,True,Roth51
TSB,strict,novel,0,0.32778427,False,Roth51
TSB,strict,novel,1,0.14724192,True,Roth51
TSB,strict,novel,1,0.094725184,True,Roth51
TSB,strict,novel,0,0.000527662,True,Roth51
TSB,strict,novel,0,0.000527662,True,Roth51
TSB,strict,novel,1,0.0012367512,True,Roth51
TSB,strict,novel,0,0.000527662,True,Roth51
TSB,strict,novel,1,0.32778427,False,Roth51
TSB,strict,novel,1,0.32778427,False,Roth51
TSB,strict,novel,0,0.32778427,False,Roth51
TSB,strict,novel,0,0.0023597504,True,Roth51
TSB,strict,novel,0,0.0023597504,True,Roth51
TSB,strict,novel,1,0.32778427,False,Roth51
TSB,strict,novel,0,0.32778427,False,Roth51
TSB,strict,novel,0,0.001658576,True,Roth51
TSB,strict,novel,0,0.023073873,True,Roth51
TSB,strict,novel,0,0.21719797,True,Roth51
TSB,strict,novel,1,0.036210254,True,Roth51
TSB,strict,novel,0,0.017355517,True,Roth51
TSB,strict,novel,1,0.32778427,False,Roth51
TSB,strict,novel,0,0.32778427,False,Roth51
TSB,strict,novel,0,0.0008813991,True,Roth51
TSB,strict,novel,0,0.0012124683,True,Roth51
TSB,strict,novel,0,0.32778427,False,Roth51
TSB,strict,novel,0,0.00065105443,True,Roth51
TSB,strict,novel,0,0.0203978,True,Roth51
TSB,strict,novel,0,0.0203978,True,Roth51
TSB,strict,novel,0,0.057122394,True,Roth51
TSB,strict,novel,0,0.000527662,True,Roth51
TSB,strict,novel,0,0.5500984,True,Roth51
TSB,strict,novel,0,0.32778427,False,Roth51
TSB,strict,novel,0,0.057122394,True,Roth51
TSB,strict,novel,0,0.025636023,True,Roth51
TSB,strict,novel,0,0.025636023,True,Roth51
TSB,strict,novel,1,0.15523356,True,Roth51
TSB,strict,novel,0,0.001658576,True,Roth51
TSB,strict,novel,0,0.001658576,True,Roth51
TSB,strict,novel,0,0.32778427,False,Roth51
TSB,strict,novel,0,0.0017922549,True,Roth51
TSB,strict,novel,1,0.00066269864,True,Roth51
TSB,strict,novel,0,0.094725184,True,Roth51
TSB,strict,novel,0,0.094725184,True,Roth51
TSB,strict,novel,0,0.0203978,True,Roth51
TSB,strict,novel,0,0.0203978,True,Roth51
TSB,strict,novel,0,0.0203978,True,Roth51
TSB,strict,novel,0,0.0203978,True,Roth51
TSB,strict,novel,0,0.0203978,True,Roth51
TSB,strict,novel,0,0.0203978,True,Roth51
TSB,strict,novel,0,0.0203978,True,Roth51
TSB,strict,novel,0,0.0203978,True,Roth51
TSB,strict,novel,1,0.30818033,True,Roth80
TSB,strict,novel,1,0.30818033,True,Roth80
TSB,strict,novel,0,0.30818033,True,Roth80
TSB,strict,novel,1,0.32778427,False,Roth80
TSB,strict,novel,1,0.0005063335,True,Roth80
TSB,strict,novel,1,0.32778427,False,Roth80
TSB,strict,novel,0,0.09799873,True,Roth80
TSB,strict,novel,1,0.057122394,True,Roth80
TSB,strict,novel,0,0.32778427,False,Roth80
TSB,strict,novel,1,0.094725184,True,Roth80
TSB,strict,novel,0,0.000527662,True,Roth80
TSB,strict,novel,0,0.000527662,True,Roth80
TSB,strict,novel,1,0.0012367512,True,Roth80
TSB,strict,novel,0,0.000527662,True,Roth80
TSB,strict,novel,1,0.32778427,False,Roth80
TSB,strict,novel,1,0.32778427,False,Roth80
TSB,strict,novel,0,0.0023597504,True,Roth80
TSB,strict,novel,1,0.32778427,False,Roth80
TSB,strict,novel,0,0.32778427,False,Roth80
TSB,strict,novel,1,0.0023597504,True,Roth80
TSB,strict,novel,0,0.0023597504,True,Roth80
TSB,strict,novel,1,0.32778427,False,Roth80
TSB,strict,novel,0,0.32778427,False,Roth80
TSB,strict,novel,0,0.001658576,True,Roth80
TSB,strict,novel,0,0.023073873,True,Roth80
TSB,strict,novel,1,0.21719797,True,Roth80
TSB,strict,novel,0,0.017355517,True,Roth80
TSB,strict,novel,1,0.32778427,False,Roth80
TSB,strict,novel,0,0.0008813991,True,Roth80
TSB,strict,novel,0,0.0012124683,True,Roth80
TSB,strict,novel,0,0.32778427,False,Roth80
TSB,strict,novel,0,0.00065105443,True,Roth80
TSB,strict,novel,1,0.0203978,True,Roth80
TSB,strict,novel,0,0.0203978,True,Roth80
TSB,strict,novel,0,0.057122394,True,Roth80
TSB,strict,novel,0,0.000527662,True,Roth80
TSB,strict,novel,0,0.5500984,True,Roth80
TSB,strict,novel,0,0.32778427,False,Roth80
TSB,strict,novel,1,0.025636023,True,Roth80
TSB,strict,novel,1,0.15523356,True,Roth80
TSB,strict,novel,0,0.001658576,True,Roth80
TSB,strict,novel,0,0.001658576,True,Roth80
TSB,strict,novel,0,0.32778427,False,Roth80
TSB,strict,novel,1,0.0017922549,True,Roth80
TSB,strict,novel,1,0.00066269864,True,Roth80
TSB,strict,novel,0,0.094725184,True,Roth80
TSB,strict,novel,0,0.094725184,True,Roth80
TSB,strict,novel,0,0.0203978,True,Roth80
TSB,strict,novel,0,0.0203978,True,Roth80
TSB,strict,novel,0,0.0203978,True,Roth80
TSB,strict,novel,0,0.0203978,True,Roth80
TSB,strict,novel,0,0.0203978,True,Roth80
TSB,strict,novel,0,0.0203978,True,Roth80
TSB,strict,novel,0,0.0203978,True,Roth80
TSB,strict,novel,0,0.0203978,True,Roth80
TSB,strict,novel,1,0.30818033,True,Roth66
TSB,strict,novel,1,0.30818033,True,Roth66
TSB,strict,novel,1,0.32778427,False,Roth66
TSB,strict,novel,1,0.0005063335,True,Roth66
TSB,strict,novel,1,0.32778427,False,Roth66
TSB,strict,novel,0,0.09799873,True,Roth66
TSB,strict,novel,1,0.057122394,True,Roth66
TSB,strict,novel,0,0.32778427,False,Roth66
TSB,strict,novel,1,0.14724192,True,Roth66
TSB,strict,novel,1,0.094725184,True,Roth66
TSB,strict,novel,0,0.000527662,True,Roth66
TSB,strict,novel,0,0.000527662,True,Roth66
TSB,strict,novel,1,0.0012367512,True,Roth66
TSB,strict,novel,0,0.000527662,True,Roth66
TSB,strict,novel,1,0.32778427,False,Roth66
TSB,strict,novel,1,0.32778427,False,Roth66
TSB,strict,novel,0,0.0023597504,True,Roth66
TSB,strict,novel,0,0.32778427,False,Roth66
TSB,strict,novel,1,0.0023597504,True,Roth66
TSB,strict,novel,0,0.0023597504,True,Roth66
TSB,strict,novel,1,0.32778427,False,Roth66
TSB,strict,novel,0,0.32778427,False,Roth66
TSB,strict,novel,0,0.001658576,True,Roth66
TSB,strict,novel,0,0.023073873,True,Roth66
TSB,strict,novel,1,0.21719797,True,Roth66
TSB,strict,novel,1,0.036210254,True,Roth66
TSB,strict,novel,0,0.017355517,True,Roth66
TSB,strict,novel,1,0.32778427,False,Roth66
TSB,strict,novel,0,0.0008813991,True,Roth66
TSB,strict,novel,0,0.32778427,False,Roth66
TSB,strict,novel,0,0.00065105443,True,Roth66
TSB,strict,novel,0,0.0203978,True,Roth66
TSB,strict,novel,0,0.0203978,True,Roth66
TSB,strict,novel,0,0.057122394,True,Roth66
TSB,strict,novel,0,0.000527662,True,Roth66
TSB,strict,novel,0,0.5500984,True,Roth66
TSB,strict,novel,0,0.32778427,False,Roth66
TSB,strict,novel,1,0.025636023,True,Roth66
TSB,strict,novel,1,0.15523356,True,Roth66
TSB,strict,novel,0,0.001658576,True,Roth66
TSB,strict,novel,0,0.001658576,True,Roth66
TSB,strict,novel,0,0.32778427,False,Roth66
TSB,strict,novel,1,0.0017922549,True,Roth66
TSB,strict,novel,1,0.00066269864,True,Roth66
TSB,strict,novel,0,0.094725184,True,Roth66
TSB,strict,novel,0,0.094725184,True,Roth66
TSB,strict,novel,0,0.0203978,True,Roth66
TSB,strict,novel,0,0.0203978,True,Roth66
TSB,strict,novel,0,0.0203978,True,Roth66
TSB,strict,novel,0,0.0203978,True,Roth66
TSB,strict,novel,0,0.0203978,True,Roth66
TSB,strict,novel,0,0.0203978,True,Roth66
TSB,strict,novel,0,0.0203978,True,Roth66
TSB,strict,novel,0,0.0203978,True,Roth66
TSB,strict,novel,1,0.30818033,True,Roth68
TSB,strict,novel,1,0.30818033,True,Roth68
TSB,strict,novel,1,0.32778427,False,Roth68
TSB,strict,novel,1,0.0005063335,True,Roth68
TSB,strict,novel,1,0.32778427,False,Roth68
TSB,strict,novel,0,0.09799873,True,Roth68
TSB,strict,novel,1,0.057122394,True,Roth68
TSB,strict,novel,0,0.32778427,False,Roth68
TSB,strict,novel,0,0.14724192,True,Roth68
TSB,strict,novel,1,0.094725184,True,Roth68
TSB,strict,novel,0,0.000527662,True,Roth68
TSB,strict,novel,0,0.000527662,True,Roth68
TSB,strict,novel,1,0.0012367512,True,Roth68
TSB,strict,novel,0,0.000527662,True,Roth68
TSB,strict,novel,1,0.32778427,False,Roth68
TSB,strict,novel,1,0.32778427,False,Roth68
TSB,strict,novel,0,0.32778427,False,Roth68
TSB,strict,novel,1,0.0023597504,True,Roth68
TSB,strict,novel,0,0.0023597504,True,Roth68
TSB,strict,novel,1,0.32778427,False,Roth68
TSB,strict,novel,0,0.32778427,False,Roth68
TSB,strict,novel,0,0.001658576,True,Roth68
TSB,strict,novel,0,0.023073873,True,Roth68
TSB,strict,novel,1,0.21719797,True,Roth68
TSB,strict,novel,1,0.036210254,True,Roth68
TSB,strict,novel,0,0.017355517,True,Roth68
TSB,strict,novel,1,0.32778427,False,Roth68
TSB,strict,novel,0,0.32778427,False,Roth68
TSB,strict,novel,0,0.0008813991,True,Roth68
TSB,strict,novel,0,0.0012124683,True,Roth68
TSB,strict,novel,0,0.32778427,False,Roth68
TSB,strict,novel,0,0.00065105443,True,Roth68
TSB,strict,novel,0,0.0203978,True,Roth68
TSB,strict,novel,0,0.0203978,True,Roth68
TSB,strict,novel,0,0.057122394,True,Roth68
TSB,strict,novel,0,0.000527662,True,Roth68
TSB,strict,novel,0,0.5500984,True,Roth68
TSB,strict,novel,0,0.32778427,False,Roth68
TSB,strict,novel,1,0.15523356,True,Roth68
TSB,strict,novel,0,0.001658576,True,Roth68
TSB,strict,novel,0,0.001658576,True,Roth68
TSB,strict,novel,0,0.32778427,False,Roth68
TSB,strict,novel,1,0.0017922549,True,Roth68
TSB,strict,novel,1,0.00066269864,True,Roth68
TSB,strict,novel,0,0.094725184,True,Roth68
TSB,strict,novel,0,0.094725184,True,Roth68
TSB,strict,novel,0,0.0203978,True,Roth68
TSB,strict,novel,0,0.0203978,True,Roth68
TSB,strict,novel,0,0.0203978,True,Roth68
TSB,strict,novel,0,0.0203978,True,Roth68
TSB,strict,novel,0,0.0203978,True,Roth68
TSB,strict,novel,0,0.0203978,True,Roth68
TSB,strict,novel,0,0.0203978,True,Roth68
TSB,strict,novel,0,0.0203978,True,Roth68
TSB,strict,novel,0,0.30818033,True,Roth76
TSB,strict,novel,1,0.30818033,True,Roth76
TSB,strict,novel,1,0.32778427,False,Roth76
TSB,strict,novel,0,0.0005063335,True,Roth76
TSB,strict,novel,1,0.32778427,False,Roth76
TSB,strict,novel,0,0.09799873,True,Roth76
TSB,strict,novel,1,0.057122394,True,Roth76
TSB,strict,novel,0,0.32778427,False,Roth76
TSB,strict,novel,1,0.094725184,True,Roth76
TSB,strict,novel,0,0.000527662,True,Roth76
TSB,strict,novel,0,0.000527662,True,Roth76
TSB,strict,novel,0,0.000527662,True,Roth76
TSB,strict,novel,1,0.32778427,False,Roth76
TSB,strict,novel,1,0.32778427,False,Roth76
TSB,strict,novel,1,0.32778427,False,Roth76
TSB,strict,novel,1,0.0023597504,True,Roth76
TSB,strict,novel,0,0.0023597504,True,Roth76
TSB,strict,novel,1,0.32778427,False,Roth76
TSB,strict,novel,0,0.32778427,False,Roth76
TSB,strict,novel,0,0.001658576,True,Roth76
TSB,strict,novel,0,0.023073873,True,Roth76
TSB,strict,novel,1,0.21719797,True,Roth76
TSB,strict,novel,1,0.036210254,True,Roth76
TSB,strict,novel,0,0.017355517,True,Roth76
TSB,strict,novel,1,0.32778427,False,Roth76
TSB,strict,novel,0,0.0008813991,True,Roth76
TSB,strict,novel,0,0.32778427,False,Roth76
TSB,strict,novel,0,0.00065105443,True,Roth76
TSB,strict,novel,0,0.0203978,True,Roth76
TSB,strict,novel,0,0.0203978,True,Roth76
TSB,strict,novel,0,0.057122394,True,Roth76
TSB,strict,novel,0,0.000527662,True,Roth76
TSB,strict,novel,0,0.5500984,True,Roth76
TSB,strict,novel,0,0.32778427,False,Roth76
TSB,strict,novel,1,0.15523356,True,Roth76
TSB,strict,novel,0,0.001658576,True,Roth76
TSB,strict,novel,0,0.001658576,True,Roth76
TSB,strict,novel,0,0.32778427,False,Roth76
TSB,strict,novel,1,0.0017922549,True,Roth76
TSB,strict,novel,1,0.00066269864,True,Roth76
TSB,strict,novel,0,0.094725184,True,Roth76
TSB,strict,novel,0,0.094725184,True,Roth76
TSB,strict,novel,0,0.0203978,True,Roth76
TSB,strict,novel,0,0.0203978,True,Roth76
TSB,strict,novel,0,0.0203978,True,Roth76
TSB,strict,novel,0,0.0203978,True,Roth76
TSB,strict,novel,0,0.0203978,True,Roth76
TSB,strict,novel,0,0.0203978,True,Roth76
TSB,strict,novel,0,0.0203978,True,Roth76
TSB,strict,novel,1,0.30818033,True,Roth34
TSB,strict,novel,1,0.30818033,True,Roth34
TSB,strict,novel,0,0.30818033,True,Roth34
TSB,strict,novel,1,0.32778427,False,Roth34
TSB,strict,novel,1,0.0005063335,True,Roth34
TSB,strict,novel,1,0.32778427,False,Roth34
TSB,strict,novel,0,0.09799873,True,Roth34
TSB,strict,novel,1,0.057122394,True,Roth34
TSB,strict,novel,0,0.32778427,False,Roth34
TSB,strict,novel,0,0.0007296048,True,Roth34
TSB,strict,novel,1,0.094725184,True,Roth34
TSB,strict,novel,0,0.000527662,True,Roth34
TSB,strict,novel,0,0.000527662,True,Roth34
TSB,strict,novel,0,0.000527662,True,Roth34
TSB,strict,novel,1,0.32778427,False,Roth34
TSB,strict,novel,0,0.32778427,False,Roth34
TSB,strict,novel,0,0.32778427,False,Roth34
TSB,strict,novel,1,0.0023597504,True,Roth34
TSB,strict,novel,0,0.0023597504,True,Roth34
TSB,strict,novel,1,0.32778427,False,Roth34
TSB,strict,novel,0,0.32778427,False,Roth34
TSB,strict,novel,0,0.001658576,True,Roth34
TSB,strict,novel,0,0.023073873,True,Roth34
TSB,strict,novel,1,0.21719797,True,Roth34
TSB,strict,novel,1,0.036210254,True,Roth34
TSB,strict,novel,0,0.017355517,True,Roth34
TSB,strict,novel,1,0.32778427,False,Roth34
TSB,strict,novel,0,0.32778427,False,Roth34
TSB,strict,novel,0,0.32778427,False,Roth34
TSB,strict,novel,0,0.0008813991,True,Roth34
TSB,strict,novel,0,0.0008813991,True,Roth34
TSB,strict,novel,0,0.0012124683,True,Roth34
TSB,strict,novel,0,0.32778427,False,Roth34
TSB,strict,novel,0,0.00065105443,True,Roth34
TSB,strict,novel,0,0.0203978,True,Roth34
TSB,strict,novel,0,0.0203978,True,Roth34
TSB,strict,novel,0,0.057122394,True,Roth34
TSB,strict,novel,0,0.000527662,True,Roth34
TSB,strict,novel,0,0.5500984,True,Roth34
TSB,strict,novel,0,0.32778427,False,Roth34
TSB,strict,novel,0,0.057122394,True,Roth34
TSB,strict,novel,0,0.025636023,True,Roth34
TSB,strict,novel,0,0.025636023,True,Roth34
TSB,strict,novel,1,0.15523356,True,Roth34
TSB,strict,novel,0,0.001658576,True,Roth34
TSB,strict,novel,0,0.001658576,True,Roth34
TSB,strict,novel,0,0.32778427,False,Roth34
TSB,strict,novel,0,0.32778427,False,Roth34
TSB,strict,novel,0,0.0017922549,True,Roth34
TSB,strict,novel,0,0.009504634,True,Roth34
TSB,strict,novel,0,0.009504634,True,Roth34
TSB,strict,novel,0,0.009504634,True,Roth34
TSB,strict,novel,0,0.00066269864,True,Roth34
TSB,strict,novel,0,0.094725184,True,Roth34
TSB,strict,novel,0,0.094725184,True,Roth34
TSB,strict,novel,0,0.0203978,True,Roth34
TSB,strict,novel,0,0.0203978,True,Roth34
TSB,strict,novel,0,0.0203978,True,Roth34
TSB,strict,novel,0,0.0203978,True,Roth34
TSB,strict,novel,0,0.0203978,True,Roth34
TSB,strict,novel,0,0.0203978,True,Roth34
TSB,strict,novel,0,0.0203978,True,Roth34
TSB,strict,novel,0,0.0203978,True,Roth34
TSB,strict,novel,1,0.30818033,True,Roth79
TSB,strict,novel,1,0.30818033,True,Roth79
TSB,strict,novel,1,0.32778427,False,Roth79
TSB,strict,novel,1,0.0005063335,True,Roth79
TSB,strict,novel,1,0.32778427,False,Roth79
TSB,strict,novel,0,0.09799873,True,Roth79
TSB,strict,novel,1,0.057122394,True,Roth79
TSB,strict,novel,0,0.32778427,False,Roth79
TSB,strict,novel,1,0.094725184,True,Roth79
TSB,strict,novel,0,0.000527662,True,Roth79
TSB,strict,novel,0,0.000527662,True,Roth79
TSB,strict,novel,0,0.000527662,True,Roth79
TSB,strict,novel,1,0.32778427,False,Roth79
TSB,strict,novel,1,0.32778427,False,Roth79
TSB,strict,novel,0,0.32778427,False,Roth79
TSB,strict,novel,1,0.0023597504,True,Roth79
TSB,strict,novel,0,0.0023597504,True,Roth79
TSB,strict,novel,1,0.32778427,False,Roth79
TSB,strict,novel,0,0.32778427,False,Roth79
TSB,strict,novel,0,0.001658576,True,Roth79
TSB,strict,novel,0,0.023073873,True,Roth79
TSB,strict,novel,1,0.21719797,True,Roth79
TSB,strict,novel,0,0.017355517,True,Roth79
TSB,strict,novel,1,0.32778427,False,Roth79
TSB,strict,novel,0,0.0008813991,True,Roth79
TSB,strict,novel,0,0.32778427,False,Roth79
TSB,strict,novel,0,0.00065105443,True,Roth79
TSB,strict,novel,0,0.0203978,True,Roth79
TSB,strict,novel,0,0.0203978,True,Roth79
TSB,strict,novel,0,0.057122394,True,Roth79
TSB,strict,novel,0,0.000527662,True,Roth79
TSB,strict,novel,0,0.5500984,True,Roth79
TSB,strict,novel,0,0.32778427,False,Roth79
TSB,strict,novel,1,0.15523356,True,Roth79
TSB,strict,novel,0,0.001658576,True,Roth79
TSB,strict,novel,0,0.001658576,True,Roth79
TSB,strict,novel,0,0.32778427,False,Roth79
TSB,strict,novel,1,0.0017922549,True,Roth79
TSB,strict,novel,1,0.00066269864,True,Roth79
TSB,strict,novel,0,0.094725184,True,Roth79
TSB,strict,novel,0,0.094725184,True,Roth79
TSB,strict,novel,0,0.0203978,True,Roth79
TSB,strict,novel,0,0.0203978,True,Roth79
TSB,strict,novel,0,0.0203978,True,Roth79
TSB,strict,novel,0,0.0203978,True,Roth79
TSB,strict,novel,0,0.0203978,True,Roth79
TSB,strict,novel,0,0.0203978,True,Roth79
TSB,strict,novel,0,0.0203978,True,Roth79
TSB,strict,novel,1,0.30818033,True,Roth01
TSB,strict,novel,1,0.30818033,True,Roth01
TSB,strict,novel,1,0.32778427,False,Roth01
TSB,strict,novel,1,0.0005063335,True,Roth01
TSB,strict,novel,1,0.32778427,False,Roth01
TSB,strict,novel,0,0.09799873,True,Roth01
TSB,strict,novel,1,0.057122394,True,Roth01
TSB,strict,novel,0,0.32778427,False,Roth01
TSB,strict,novel,1,0.094725184,True,Roth01
TSB,strict,novel,0,0.000527662,True,Roth01
TSB,strict,novel,0,0.000527662,True,Roth01
TSB,strict,novel,1,0.0012367512,True,Roth01
TSB,strict,novel,0,0.000527662,True,Roth01
TSB,strict,novel,1,0.32778427,False,Roth01
TSB,strict,novel,1,0.32778427,False,Roth01
TSB,strict,novel,1,0.32778427,False,Roth01
TSB,strict,novel,1,0.0023597504,True,Roth01
TSB,strict,novel,0,0.0023597504,True,Roth01
TSB,strict,novel,1,0.32778427,False,Roth01
TSB,strict,novel,0,0.32778427,False,Roth01
TSB,strict,novel,0,0.001658576,True,Roth01
TSB,strict,novel,0,0.023073873,True,Roth01
TSB,strict,novel,1,0.21719797,True,Roth01
TSB,strict,novel,1,0.036210254,True,Roth01
TSB,strict,novel,0,0.017355517,True,Roth01
TSB,strict,novel,1,0.32778427,False,Roth01
TSB,strict,novel,0,0.0008813991,True,Roth01
TSB,strict,novel,0,0.32778427,False,Roth01
TSB,strict,novel,0,0.00065105443,True,Roth01
TSB,strict,novel,0,0.0203978,True,Roth01
TSB,strict,novel,0,0.0203978,True,Roth01
TSB,strict,novel,0,0.057122394,True,Roth01
TSB,strict,novel,0,0.094725184,True,Roth01
TSB,strict,novel,0,0.000527662,True,Roth01
TSB,strict,novel,0,0.5500984,True,Roth01
TSB,strict,novel,0,0.32778427,False,Roth01
TSB,strict,novel,0,0.025636023,True,Roth01
TSB,strict,novel,1,0.025636023,True,Roth01
TSB,strict,novel,1,0.15523356,True,Roth01
TSB,strict,novel,0,0.001658576,True,Roth01
TSB,strict,novel,0,0.001658576,True,Roth01
TSB,strict,novel,0,0.32778427,False,Roth01
TSB,strict,novel,1,0.0017922549,True,Roth01
TSB,strict,novel,1,0.00066269864,True,Roth01
TSB,strict,novel,0,0.094725184,True,Roth01
TSB,strict,novel,0,0.094725184,True,Roth01
TSB,strict,novel,0,0.0203978,True,Roth01
TSB,strict,novel,0,0.0203978,True,Roth01
TSB,strict,novel,0,0.0203978,True,Roth01
TSB,strict,novel,0,0.0203978,True,Roth01
TSB,strict,novel,0,0.0203978,True,Roth01
TSB,strict,novel,0,0.0203978,True,Roth01
TSB,strict,novel,0,0.0203978,True,Roth01
TSB,strict,novel,0,0.0203978,True,Roth01
TSB,permissive,near-identical,0,0.9910715,True,Roth37
TSB,permissive,near-identical,0,0.9910715,True,Roth37
TSB,permissive,near-identical,0,0.9910715,True,Roth37
TSB,permissive,near-identical,0,0.96503717,False,Roth37
TSB,permissive,near-identical,0,0.107115105,True,Roth37
TSB,permissive,near-identical,0,0.005278311,True,Roth37
TSB,permissive,near-identical,0,0.96503717,False,Roth37
TSB,permissive,near-identical,0,0.9976908,True,Roth37
TSB,permissive,near-identical,0,0.09816019,True,Roth37
TSB,permissive,near-identical,0,0.96503717,False,Roth37
TSB,permissive,near-identical,0,0.98464715,True,Roth37
TSB,permissive,near-identical,0,0.0054854387,True,Roth37
TSB,permissive,near-identical,0,0.060793724,True,Roth37
TSB,permissive,near-identical,0,0.060793724,True,Roth37
TSB,permissive,near-identical,0,0.062112898,True,Roth37
TSB,permissive,near-identical,0,0.062112898,True,Roth37
TSB,permissive,near-identical,1,0.070906356,True,Roth37
TSB,permissive,near-identical,1,0.062112898,True,Roth37
TSB,permissive,near-identical,0,0.96503717,False,Roth37
TSB,permissive,near-identical,0,0.96503717,False,Roth37
TSB,permissive,near-identical,0,0.20559052,True,Roth37
TSB,permissive,near-identical,0,0.96503717,False,Roth37
TSB,permissive,near-identical,0,0.96503717,False,Roth37
TSB,permissive,near-identical,0,0.20559052,True,Roth37
TSB,permissive,near-identical,0,0.20559052,True,Roth37
TSB,permissive,near-identical,1,0.96503717,False,Roth37
TSB,permissive,near-identical,0,0.96503717,False,Roth37
TSB,permissive,near-identical,0,0.17510408,True,Roth37
TSB,permissive,near-identical,0,0.10592663,True,Roth37
TSB,permissive,near-identical,0,0.18510178,True,Roth37
TSB,permissive,near-identical,1,0.28174847,True,Roth37
TSB,permissive,near-identical,0,0.031310443,True,Roth37
TSB,permissive,near-identical,0,0.96503717,False,Roth37
TSB,permissive,near-identical,0,0.96503717,False,Roth37
TSB,permissive,near-identical,0,0.96503717,False,Roth37
TSB,permissive,near-identical,0,0.060793724,True,Roth37
TSB,permissive,near-identical,0,0.107115105,True,Roth37
TSB,permissive,near-identical,0,0.107115105,True,Roth37
TSB,permissive,near-identical,0,0.068529956,True,Roth37
TSB,permissive,near-identical,0,0.96503717,False,Roth37
TSB,permissive,near-identical,0,0.008859678,True,Roth37
TSB,permissive,near-identical,1,0.09211443,True,Roth37
TSB,permissive,near-identical,0,0.09211443,True,Roth37
TSB,permissive,near-identical,0,0.09816019,True,Roth37
TSB,permissive,near-identical,0,0.060793724,True,Roth37
TSB,permissive,near-identical,0,0.062112898,True,Roth37
TSB,permissive,near-identical,0,0.5265235,True,Roth37
TSB,permissive,near-identical,0,0.96503717,False,Roth37
TSB,permissive,near-identical,0,0.09816019,True,Roth37
TSB,permissive,near-identical,0,0.03894771,True,Roth37
TSB,permissive,near-identical,0,0.03894771,True,Roth37
TSB,permissive,near-identical,0,0.27197737,True,Roth37
TSB,permissive,near-identical,0,0.17510408,True,Roth37
TSB,permissive,near-identical,0,0.17510408,True,Roth37
TSB,permissive,near-identical,0,0.96503717,False,Roth37
TSB,permissive,near-identical,1,0.96503717,False,Roth37
TSB,permissive,near-identical,0,0.1767996,True,Roth37
TSB,permissive,near-identical,0,0.035517957,True,Roth37
TSB,permissive,near-identical,0,0.035517957,True,Roth37
TSB,permissive,near-identical,0,0.035517957,True,Roth37
TSB,permissive,near-identical,0,0.035517957,True,Roth37
TSB,permissive,near-identical,0,0.035517957,True,Roth37
TSB,permissive,near-identical,1,0.07446387,True,Roth37
TSB,permissive,near-identical,0,0.060793724,True,Roth37
TSB,permissive,near-identical,0,0.060793724,True,Roth37
TSB,permissive,near-identical,0,0.07446387,True,Roth37
TSB,permissive,near-identical,0,0.09211443,True,Roth37
TSB,permissive,near-identical,0,0.09211443,True,Roth37
TSB,permissive,near-identical,0,0.09211443,True,Roth37
TSB,permissive,near-identical,0,0.09211443,True,Roth37
TSB,permissive,near-identical,0,0.09211443,True,Roth37
TSB,permissive,near-identical,0,0.09211443,True,Roth37
TSB,permissive,near-identical,0,0.09211443,True,Roth37
TSB,permissive,near-identical,0,0.09211443,True,Roth37
TSB,permissive,near-identical,0,0.9910715,True,Roth39
TSB,permissive,near-identical,0,0.9910715,True,Roth39
TSB,permissive,near-identical,0,0.9910715,True,Roth39
TSB,permissive,near-identical,0,0.96503717,False,Roth39
TSB,permissive,near-identical,0,0.107115105,True,Roth39
TSB,permissive,near-identical,0,0.005278311,True,Roth39
TSB,permissive,near-identical,0,0.96503717,False,Roth39
TSB,permissive,near-identical,0,0.9976908,True,Roth39
TSB,permissive,near-identical,0,0.09816019,True,Roth39
TSB,permissive,near-identical,0,0.96503717,False,Roth39
TSB,permissive,near-identical,0,0.98464715,True,Roth39
TSB,permissive,near-identical,0,0.0054854387,True,Roth39
TSB,permissive,near-identical,0,0.060793724,True,Roth39
TSB,permissive,near-identical,0,0.060793724,True,Roth39
TSB,permissive,near-identical,0,0.062112898,True,Roth39
TSB,permissive,near-identical,0,0.062112898,True,Roth39
TSB,permissive,near-identical,1,0.070906356,True,Roth39
TSB,permissive,near-identical,1,0.062112898,True,Roth39
TSB,permissive,near-identical,0,0.96503717,False,Roth39
TSB,permissive,near-identical,0,0.96503717,False,Roth39
TSB,permissive,near-identical,0,0.20559052,True,Roth39
TSB,permissive,near-identical,0,0.96503717,False,Roth39
TSB,permissive,near-identical,0,0.96503717,False,Roth39
TSB,permissive,near-identical,0,0.20559052,True,Roth39
TSB,permissive,near-identical,0,0.20559052,True,Roth39
TSB,permissive,near-identical,1,0.96503717,False,Roth39
TSB,permissive,near-identical,0,0.96503717,False,Roth39
TSB,permissive,near-identical,0,0.17510408,True,Roth39
TSB,permissive,near-identical,0,0.10592663,True,Roth39
TSB,permissive,near-identical,0,0.18510178,True,Roth39
TSB,permissive,near-identical,1,0.28174847,True,Roth39
TSB,permissive,near-identical,0,0.031310443,True,Roth39
TSB,permissive,near-identical,0,0.96503717,False,Roth39
TSB,permissive,near-identical,0,0.96503717,False,Roth39
TSB,permissive,near-identical,0,0.96503717,False,Roth39
TSB,permissive,near-identical,0,0.060793724,True,Roth39
TSB,permissive,near-identical,0,0.107115105,True,Roth39
TSB,permissive,near-identical,0,0.107115105,True,Roth39
TSB,permissive,near-identical,0,0.068529956,True,Roth39
TSB,permissive,near-identical,0,0.96503717,False,Roth39
TSB,permissive,near-identical,0,0.008859678,True,Roth39
TSB,permissive,near-identical,1,0.09211443,True,Roth39
TSB,permissive,near-identical,0,0.09211443,True,Roth39
TSB,permissive,near-identical,0,0.09816019,True,Roth39
TSB,permissive,near-identical,0,0.060793724,True,Roth39
TSB,permissive,near-identical,1,0.062112898,True,Roth39
TSB,permissive,near-identical,0,0.5265235,True,Roth39
TSB,permissive,near-identical,0,0.96503717,False,Roth39
TSB,permissive,near-identical,0,0.09816019,True,Roth39
TSB,permissive,near-identical,0,0.03894771,True,Roth39
TSB,permissive,near-identical,0,0.03894771,True,Roth39
TSB,permissive,near-identical,0,0.27197737,True,Roth39
TSB,permissive,near-identical,0,0.17510408,True,Roth39
TSB,permissive,near-identical,0,0.17510408,True,Roth39
TSB,permissive,near-identical,0,0.96503717,False,Roth39
TSB,permissive,near-identical,0,0.96503717,False,Roth39
TSB,permissive,near-identical,0,0.1767996,True,Roth39
TSB,permissive,near-identical,0,0.035517957,True,Roth39
TSB,permissive,near-identical,0,0.035517957,True,Roth39
TSB,permissive,near-identical,0,0.035517957,True,Roth39
TSB,permissive,near-identical,0,0.035517957,True,Roth39
TSB,permissive,near-identical,0,0.035517957,True,Roth39
TSB,permissive,near-identical,1,0.07446387,True,Roth39
TSB,permissive,near-identical,0,0.060793724,True,Roth39
TSB,permissive,near-identical,1,0.060793724,True,Roth39
TSB,permissive,near-identical,0,0.07446387,True,Roth39
TSB,permissive,near-identical,0,0.09211443,True,Roth39
TSB,permissive,near-identical,0,0.09211443,True,Roth39
TSB,permissive,near-identical,0,0.09211443,True,Roth39
TSB,permissive,near-identical,0,0.09211443,True,Roth39
TSB,permissive,near-identical,0,0.09211443,True,Roth39
TSB,permissive,near-identical,0,0.09211443,True,Roth39
TSB,permissive,near-identical,0,0.09211443,True,Roth39
TSB,permissive,near-identical,0,0.09211443,True,Roth39
TSB,permissive,near-identical,0,0.9910715,True,Roth49
TSB,permissive,near-identical,0,0.9910715,True,Roth49
TSB,permissive,near-identical,0,0.9910715,True,Roth49
TSB,permissive,near-identical,0,0.96503717,False,Roth49
TSB,permissive,near-identical,0,0.107115105,True,Roth49
TSB,permissive,near-identical,0,0.005278311,True,Roth49
TSB,permissive,near-identical,0,0.96503717,False,Roth49
TSB,permissive,near-identical,0,0.9976908,True,Roth49
TSB,permissive,near-identical,0,0.09816019,True,Roth49
TSB,permissive,near-identical,0,0.96503717,False,Roth49
TSB,permissive,near-identical,0,0.98464715,True,Roth49
TSB,permissive,near-identical,0,0.0054854387,True,Roth49
TSB,permissive,near-identical,0,0.060793724,True,Roth49
TSB,permissive,near-identical,0,0.060793724,True,Roth49
TSB,permissive,near-identical,0,0.062112898,True,Roth49
TSB,permissive,near-identical,0,0.062112898,True,Roth49
TSB,permissive,near-identical,0,0.070906356,True,Roth49
TSB,permissive,near-identical,1,0.062112898,True,Roth49
TSB,permissive,near-identical,0,0.96503717,False,Roth49
TSB,permissive,near-identical,0,0.96503717,False,Roth49
TSB,permissive,near-identical,0,0.20559052,True,Roth49
TSB,permissive,near-identical,0,0.96503717,False,Roth49
TSB,permissive,near-identical,0,0.96503717,False,Roth49
TSB,permissive,near-identical,0,0.20559052,True,Roth49
TSB,permissive,near-identical,0,0.20559052,True,Roth49
TSB,permissive,near-identical,1,0.96503717,False,Roth49
TSB,permissive,near-identical,0,0.96503717,False,Roth49
TSB,permissive,near-identical,0,0.17510408,True,Roth49
TSB,permissive,near-identical,0,0.10592663,True,Roth49
TSB,permissive,near-identical,0,0.18510178,True,Roth49
TSB,permissive,near-identical,1,0.28174847,True,Roth49
TSB,permissive,near-identical,0,0.031310443,True,Roth49
TSB,permissive,near-identical,0,0.96503717,False,Roth49
TSB,permissive,near-identical,0,0.96503717,False,Roth49
TSB,permissive,near-identical,0,0.96503717,False,Roth49
TSB,permissive,near-identical,0,0.060793724,True,Roth49
TSB,permissive,near-identical,0,0.107115105,True,Roth49
TSB,permissive,near-identical,0,0.107115105,True,Roth49
TSB,permissive,near-identical,0,0.068529956,True,Roth49
TSB,permissive,near-identical,0,0.96503717,False,Roth49
TSB,permissive,near-identical,0,0.008859678,True,Roth49
TSB,permissive,near-identical,1,0.09211443,True,Roth49
TSB,permissive,near-identical,0,0.09211443,True,Roth49
TSB,permissive,near-identical,0,0.09816019,True,Roth49
TSB,permissive,near-identical,0,0.060793724,True,Roth49
TSB,permissive,near-identical,0,0.062112898,True,Roth49
TSB,permissive,near-identical,0,0.5265235,True,Roth49
TSB,permissive,near-identical,0,0.96503717,False,Roth49
TSB,permissive,near-identical,0,0.09816019,True,Roth49
TSB,permissive,near-identical,0,0.03894771,True,Roth49
TSB,permissive,near-identical,0,0.03894771,True,Roth49
TSB,permissive,near-identical,0,0.27197737,True,Roth49
TSB,permissive,near-identical,0,0.17510408,True,Roth49
TSB,permissive,near-identical,0,0.17510408,True,Roth49
TSB,permissive,near-identical,0,0.96503717,False,Roth49
TSB,permissive,near-identical,0,0.96503717,False,Roth49
TSB,permissive,near-identical,0,0.1767996,True,Roth49
TSB,permissive,near-identical,0,0.035517957,True,Roth49
TSB,permissive,near-identical,0,0.035517957,True,Roth49
TSB,permissive,near-identical,0,0.035517957,True,Roth49
TSB,permissive,near-identical,0,0.035517957,True,Roth49
TSB,permissive,near-identical,0,0.035517957,True,Roth49
TSB,permissive,near-identical,0,0.07446387,True,Roth49
TSB,permissive,near-identical,0,0.060793724,True,Roth49
TSB,permissive,near-identical,1,0.060793724,True,Roth49
TSB,permissive,near-identical,0,0.07446387,True,Roth49
TSB,permissive,near-identical,0,0.09211443,True,Roth49
TSB,permissive,near-identical,0,0.09211443,True,Roth49
TSB,permissive,near-identical,0,0.09211443,True,Roth49
TSB,permissive,near-identical,0,0.09211443,True,Roth49
TSB,permissive,near-identical,0,0.09211443,True,Roth49
TSB,permissive,near-identical,0,0.09211443,True,Roth49
TSB,permissive,near-identical,0,0.09211443,True,Roth49
TSB,permissive,near-identical,0,0.09211443,True,Roth49
TSB,permissive,near-identical,0,0.9910715,True,Roth50
TSB,permissive,near-identical,0,0.9910715,True,Roth50
TSB,permissive,near-identical,0,0.9910715,True,Roth50
TSB,permissive,near-identical,0,0.96503717,False,Roth50
TSB,permissive,near-identical,0,0.107115105,True,Roth50
TSB,permissive,near-identical,0,0.005278311,True,Roth50
TSB,permissive,near-identical,0,0.96503717,False,Roth50
TSB,permissive,near-identical,0,0.9976908,True,Roth50
TSB,permissive,near-identical,0,0.09816019,True,Roth50
TSB,permissive,near-identical,0,0.96503717,False,Roth50
TSB,permissive,near-identical,0,0.98464715,True,Roth50
TSB,permissive,near-identical,0,0.0054854387,True,Roth50
TSB,permissive,near-identical,0,0.060793724,True,Roth50
TSB,permissive,near-identical,0,0.060793724,True,Roth50
TSB,permissive,near-identical,0,0.062112898,True,Roth50
TSB,permissive,near-identical,0,0.062112898,True,Roth50
TSB,permissive,near-identical,0,0.070906356,True,Roth50
TSB,permissive,near-identical,1,0.062112898,True,Roth50
TSB,permissive,near-identical,0,0.96503717,False,Roth50
TSB,permissive,near-identical,0,0.96503717,False,Roth50
TSB,permissive,near-identical,0,0.20559052,True,Roth50
TSB,permissive,near-identical,0,0.96503717,False,Roth50
TSB,permissive,near-identical,0,0.96503717,False,Roth50
TSB,permissive,near-identical,0,0.20559052,True,Roth50
TSB,permissive,near-identical,0,0.20559052,True,Roth50
TSB,permissive,near-identical,1,0.96503717,False,Roth50
TSB,permissive,near-identical,0,0.96503717,False,Roth50
TSB,permissive,near-identical,0,0.17510408,True,Roth50
TSB,permissive,near-identical,0,0.10592663,True,Roth50
TSB,permissive,near-identical,0,0.18510178,True,Roth50
TSB,permissive,near-identical,1,0.28174847,True,Roth50
TSB,permissive,near-identical,0,0.031310443,True,Roth50
TSB,permissive,near-identical,0,0.96503717,False,Roth50
TSB,permissive,near-identical,0,0.96503717,False,Roth50
TSB,permissive,near-identical,0,0.96503717,False,Roth50
TSB,permissive,near-identical,0,0.060793724,True,Roth50
TSB,permissive,near-identical,0,0.107115105,True,Roth50
TSB,permissive,near-identical,0,0.107115105,True,Roth50
TSB,permissive,near-identical,0,0.068529956,True,Roth50
TSB,permissive,near-identical,0,0.96503717,False,Roth50
TSB,permissive,near-identical,0,0.008859678,True,Roth50
TSB,permissive,near-identical,1,0.09211443,True,Roth50
TSB,permissive,near-identical,0,0.09211443,True,Roth50
TSB,permissive,near-identical,0,0.09816019,True,Roth50
TSB,permissive,near-identical,0,0.060793724,True,Roth50
TSB,permissive,near-identical,0,0.062112898,True,Roth50
TSB,permissive,near-identical,0,0.5265235,True,Roth50
TSB,permissive,near-identical,0,0.96503717,False,Roth50
TSB,permissive,near-identical,0,0.09816019,True,Roth50
TSB,permissive,near-identical,0,0.03894771,True,Roth50
TSB,permissive,near-identical,0,0.03894771,True,Roth50
TSB,permissive,near-identical,0,0.27197737,True,Roth50
TSB,permissive,near-identical,0,0.17510408,True,Roth50
TSB,permissive,near-identical,0,0.17510408,True,Roth50
TSB,permissive,near-identical,0,0.96503717,False,Roth50
TSB,permissive,near-identical,0,0.96503717,False,Roth50
TSB,permissive,near-identical,0,0.1767996,True,Roth50
TSB,permissive,near-identical,0,0.035517957,True,Roth50
TSB,permissive,near-identical,0,0.035517957,True,Roth50
TSB,permissive,near-identical,0,0.035517957,True,Roth50
TSB,permissive,near-identical,0,0.035517957,True,Roth50
TSB,permissive,near-identical,0,0.035517957,True,Roth50
TSB,permissive,near-identical,0,0.07446387,True,Roth50
TSB,permissive,near-identical,0,0.060793724,True,Roth50
TSB,permissive,near-identical,1,0.060793724,True,Roth50
TSB,permissive,near-identical,0,0.07446387,True,Roth50
TSB,permissive,near-identical,0,0.09211443,True,Roth50
TSB,permissive,near-identical,0,0.09211443,True,Roth50
TSB,permissive,near-identical,0,0.09211443,True,Roth50
TSB,permissive,near-identical,0,0.09211443,True,Roth50
TSB,permissive,near-identical,0,0.09211443,True,Roth50
TSB,permissive,near-identical,0,0.09211443,True,Roth50
TSB,permissive,near-identical,0,0.09211443,True,Roth50
TSB,permissive,near-identical,0,0.09211443,True,Roth50
TSB,permissive,near-identical,0,0.12893279,True,Roth08
TSB,permissive,near-identical,0,0.12893279,True,Roth08
TSB,permissive,near-identical,0,0.12893279,True,Roth08
TSB,permissive,near-identical,0,0.6538875,False,Roth08
TSB,permissive,near-identical,0,0.0022931383,True,Roth08
TSB,permissive,near-identical,0,0.0036131057,True,Roth08
TSB,permissive,near-identical,0,0.6538875,False,Roth08
TSB,permissive,near-identical,1,0.08881356,True,Roth08
TSB,permissive,near-identical,0,0.045079503,True,Roth08
TSB,permissive,near-identical,0,0.6538875,False,Roth08
TSB,permissive,near-identical,0,0.17566647,True,Roth08
TSB,permissive,near-identical,0,0.0027667521,True,Roth08
TSB,permissive,near-identical,0,0.015595933,True,Roth08
TSB,permissive,near-identical,0,0.015595933,True,Roth08
TSB,permissive,near-identical,0,0.0013232682,True,Roth08
TSB,permissive,near-identical,0,0.0013232682,True,Roth08
TSB,permissive,near-identical,1,0.0014827268,True,Roth08
TSB,permissive,near-identical,0,0.0013232682,True,Roth08
TSB,permissive,near-identical,1,0.6538875,False,Roth08
TSB,permissive,near-identical,0,0.6538875,False,Roth08
TSB,permissive,near-identical,0,0.004998313,True,Roth08
TSB,permissive,near-identical,0,0.6538875,False,Roth08
TSB,permissive,near-identical,0,0.6538875,False,Roth08
TSB,permissive,near-identical,0,0.004998313,True,Roth08
TSB,permissive,near-identical,0,0.004998313,True,Roth08
TSB,permissive,near-identical,1,0.6538875,False,Roth08
TSB,permissive,near-identical,0,0.6538875,False,Roth08
TSB,permissive,near-identical,0,0.0038635929,True,Roth08
TSB,permissive,near-identical,1,0.1589629,True,Roth08
TSB,permissive,near-identical,0,0.28602028,True,Roth08
TSB,permissive,near-identical,1,0.039947197,True,Roth08
TSB,permissive,near-identical,0,0.009815636,True,Roth08
TSB,permissive,near-identical,0,0.6538875,False,Roth08
TSB,permissive,near-identical,0,0.6538875,False,Roth08
TSB,permissive,near-identical,0,0.6538875,False,Roth08
TSB,permissive,near-identical,0,0.015595933,True,Roth08
TSB,permissive,near-identical,0,0.0022931383,True,Roth08
TSB,permissive,near-identical,0,0.0022931383,True,Roth08
TSB,permissive,near-identical,0,0.002682122,True,Roth08
TSB,permissive,near-identical,0,0.6538875,False,Roth08
TSB,permissive,near-identical,0,0.0025897191,True,Roth08
TSB,permissive,near-identical,1,0.037664518,True,Roth08
TSB,permissive,near-identical,0,0.037664518,True,Roth08
TSB,permissive,near-identical,0,0.045079503,True,Roth08
TSB,permissive,near-identical,0,0.015595933,True,Roth08
TSB,permissive,near-identical,0,0.0013232682,True,Roth08
TSB,permissive,near-identical,0,0.021000601,True,Roth08
TSB,permissive,near-identical,0,0.6538875,False,Roth08
TSB,permissive,near-identical,0,0.045079503,True,Roth08
TSB,permissive,near-identical,0,0.043542147,True,Roth08
TSB,permissive,near-identical,0,0.043542147,True,Roth08
TSB,permissive,near-identical,1,0.007795633,True,Roth08
TSB,permissive,near-identical,0,0.0038635929,True,Roth08
TSB,permissive,near-identical,0,0.0038635929,True,Roth08
TSB,permissive,near-identical,0,0.6538875,False,Roth08
TSB,permissive,near-identical,1,0.6538875,False,Roth08
TSB,permissive,near-identical,0,0.0037206037,True,Roth08
TSB,permissive,near-identical,0,0.051187694,True,Roth08
TSB,permissive,near-identical,0,0.051187694,True,Roth08
TSB,permissive,near-identical,0,0.051187694,True,Roth08
TSB,permissive,near-identical,0,0.051187694,True,Roth08
TSB,permissive,near-identical,0,0.051187694,True,Roth08
TSB,permissive,near-identical,0,0.0017972848,True,Roth08
TSB,permissive,near-identical,0,0.015595933,True,Roth08
TSB,permissive,near-identical,1,0.015595933,True,Roth08
TSB,permissive,near-identical,1,0.0017972848,True,Roth08
TSB,permissive,near-identical,0,0.037664518,True,Roth08
TSB,permissive,near-identical,0,0.037664518,True,Roth08
TSB,permissive,near-identical,0,0.037664518,True,Roth08
TSB,permissive,near-identical,0,0.037664518,True,Roth08
TSB,permissive,near-identical,0,0.037664518,True,Roth08
TSB,permissive,near-identical,0,0.037664518,True,Roth08
TSB,permissive,near-identical,0,0.037664518,True,Roth08
TSB,permissive,near-identical,0,0.037664518,True,Roth08
TSB,permissive,near-identical,0,0.02458451,True,Roth74
TSB,permissive,near-identical,0,0.02458451,True,Roth74
TSB,permissive,near-identical,0,0.02458451,True,Roth74
TSB,permissive,near-identical,0,0.36889198,False,Roth74
TSB,permissive,near-identical,0,0.00071060535,True,Roth74
TSB,permissive,near-identical,0,0.0007580204,True,Roth74
TSB,permissive,near-identical,0,0.36889198,False,Roth74
TSB,permissive,near-identical,0,0.03370811,True,Roth74
TSB,permissive,near-identical,0,0.029687654,True,Roth74
TSB,permissive,near-identical,0,0.36889198,False,Roth74
TSB,permissive,near-identical,0,0.03259833,True,Roth74
TSB,permissive,near-identical,0,0.00072860805,True,Roth74
TSB,permissive,near-identical,0,0.0067978115,True,Roth74
TSB,permissive,near-identical,0,0.0067978115,True,Roth74
TSB,permissive,near-identical,0,0.00040978382,True,Roth74
TSB,permissive,near-identical,0,0.00040978382,True,Roth74
TSB,permissive,near-identical,1,0.00053772336,True,Roth74
TSB,permissive,near-identical,0,0.00040978382,True,Roth74
TSB,permissive,near-identical,0,0.36889198,False,Roth74
TSB,permissive,near-identical,0,0.36889198,False,Roth74
TSB,permissive,near-identical,0,0.0015326367,True,Roth74
TSB,permissive,near-identical,0,0.36889198,False,Roth74
TSB,permissive,near-identical,0,0.36889198,False,Roth74
TSB,permissive,near-identical,0,0.0015326367,True,Roth74
TSB,permissive,near-identical,0,0.0015326367,True,Roth74
TSB,permissive,near-identical,1,0.36889198,False,Roth74
TSB,permissive,near-identical,0,0.36889198,False,Roth74
TSB,permissive,near-identical,0,0.0011985627,True,Roth74
TSB,permissive,near-identical,1,0.05506273,True,Roth74
TSB,permissive,near-identical,0,0.07552204,True,Roth74
TSB,permissive,near-identical,1,0.0195148,True,Roth74
TSB,permissive,near-identical,0,0.0048041297,True,Roth74
TSB,permissive,near-identical,0,0.36889198,False,Roth74
TSB,permissive,near-identical,0,0.36889198,False,Roth74
TSB,permissive,near-identical,0,0.36889198,False,Roth74
TSB,permissive,near-identical,0,0.0067978115,True,Roth74
TSB,permissive,near-identical,0,0.00071060535,True,Roth74
TSB,permissive,near-identical,0,0.00071060535,True,Roth74
TSB,permissive,near-identical,0,0.0009734413,True,Roth74
TSB,permissive,near-identical,0,0.36889198,False,Roth74
TSB,permissive,near-identical,0,0.00064574,True,Roth74
TSB,permissive,near-identical,1,0.008870923,True,Roth74
TSB,permissive,near-identical,0,0.008870923,True,Roth74
TSB,permissive,near-identical,0,0.029687654,True,Roth74
TSB,permissive,near-identical,0,0.0067978115,True,Roth74
TSB,permissive,near-identical,0,0.00040978382,True,Roth74
TSB,permissive,near-identical,0,0.006593063,True,Roth74
TSB,permissive,near-identical,0,0.36889198,False,Roth74
TSB,permissive,near-identical,0,0.029687654,True,Roth74
TSB,permissive,near-identical,0,0.009729611,True,Roth74
TSB,permissive,near-identical,0,0.009729611,True,Roth74
TSB,permissive,near-identical,0,0.002424966,True,Roth74
TSB,permissive,near-identical,0,0.0011985627,True,Roth74
TSB,permissive,near-identical,0,0.0011985627,True,Roth74
TSB,permissive,near-identical,0,0.36889198,False,Roth74
TSB,permissive,near-identical,1,0.36889198,False,Roth74
TSB,permissive,near-identical,0,0.0011540916,True,Roth74
TSB,permissive,near-identical,0,0.008109103,True,Roth74
TSB,permissive,near-identical,0,0.008109103,True,Roth74
TSB,permissive,near-identical,0,0.008109103,True,Roth74
TSB,permissive,near-identical,0,0.008109103,True,Roth74
TSB,permissive,near-identical,0,0.008109103,True,Roth74
TSB,permissive,near-identical,0,0.0005567571,True,Roth74
TSB,permissive,near-identical,0,0.0067978115,True,Roth74
TSB,permissive,near-identical,1,0.0067978115,True,Roth74
TSB,permissive,near-identical,1,0.0005567571,True,Roth74
TSB,permissive,near-identical,0,0.008870923,True,Roth74
TSB,permissive,near-identical,0,0.008870923,True,Roth74
TSB,permissive,near-identical,0,0.008870923,True,Roth74
TSB,permissive,near-identical,0,0.008870923,True,Roth74
TSB,permissive,near-identical,1,0.008870923,True,Roth74
TSB,permissive,near-identical,0,0.008870923,True,Roth74
TSB,permissive,near-identical,0,0.008870923,True,Roth74
TSB,permissive,near-identical,0,0.008870923,True,Roth74
TSB,permissive,near-identical,0,0.02458451,True,Roth75
TSB,permissive,near-identical,0,0.02458451,True,Roth75
TSB,permissive,near-identical,0,0.02458451,True,Roth75
TSB,permissive,near-identical,0,0.36889198,False,Roth75
TSB,permissive,near-identical,0,0.00071060535,True,Roth75
TSB,permissive,near-identical,0,0.0007580204,True,Roth75
TSB,permissive,near-identical,0,0.36889198,False,Roth75
TSB,permissive,near-identical,0,0.03370811,True,Roth75
TSB,permissive,near-identical,0,0.029687654,True,Roth75
TSB,permissive,near-identical,0,0.36889198,False,Roth75
TSB,permissive,near-identical,0,0.03259833,True,Roth75
TSB,permissive,near-identical,0,0.00072860805,True,Roth75
TSB,permissive,near-identical,0,0.0067978115,True,Roth75
TSB,permissive,near-identical,0,0.0067978115,True,Roth75
TSB,permissive,near-identical,0,0.00040978382,True,Roth75
TSB,permissive,near-identical,0,0.00040978382,True,Roth75
TSB,permissive,near-identical,1,0.00053772336,True,Roth75
TSB,permissive,near-identical,0,0.00040978382,True,Roth75
TSB,permissive,near-identical,0,0.36889198,False,Roth75
TSB,permissive,near-identical,0,0.36889198,False,Roth75
TSB,permissive,near-identical,0,0.0015326367,True,Roth75
TSB,permissive,near-identical,0,0.36889198,False,Roth75
TSB,permissive,near-identical,0,0.36889198,False,Roth75
TSB,permissive,near-identical,0,0.0015326367,True,Roth75
TSB,permissive,near-identical,0,0.0015326367,True,Roth75
TSB,permissive,near-identical,1,0.36889198,False,Roth75
TSB,permissive,near-identical,0,0.36889198,False,Roth75
TSB,permissive,near-identical,0,0.0011985627,True,Roth75
TSB,permissive,near-identical,1,0.05506273,True,Roth75
TSB,permissive,near-identical,0,0.07552204,True,Roth75
TSB,permissive,near-identical,1,0.0195148,True,Roth75
TSB,permissive,near-identical,0,0.0048041297,True,Roth75
TSB,permissive,near-identical,0,0.36889198,False,Roth75
TSB,permissive,near-identical,0,0.36889198,False,Roth75
TSB,permissive,near-identical,0,0.36889198,False,Roth75
TSB,permissive,near-identical,0,0.0067978115,True,Roth75
TSB,permissive,near-identical,0,0.00071060535,True,Roth75
TSB,permissive,near-identical,0,0.00071060535,True,Roth75
TSB,permissive,near-identical,0,0.0009734413,True,Roth75
TSB,permissive,near-identical,0,0.36889198,False,Roth75
TSB,permissive,near-identical,0,0.00064574,True,Roth75
TSB,permissive,near-identical,1,0.008870923,True,Roth75
TSB,permissive,near-identical,0,0.008870923,True,Roth75
TSB,permissive,near-identical,0,0.029687654,True,Roth75
TSB,permissive,near-identical,0,0.0067978115,True,Roth75
TSB,permissive,near-identical,0,0.00040978382,True,Roth75
TSB,permissive,near-identical,0,0.006593063,True,Roth75
TSB,permissive,near-identical,0,0.36889198,False,Roth75
TSB,permissive,near-identical,0,0.029687654,True,Roth75
TSB,permissive,near-identical,0,0.009729611,True,Roth75
TSB,permissive,near-identical,0,0.009729611,True,Roth75
TSB,permissive,near-identical,0,0.002424966,True,Roth75
TSB,permissive,near-identical,0,0.0011985627,True,Roth75
TSB,permissive,near-identical,0,0.0011985627,True,Roth75
TSB,permissive,near-identical,0,0.36889198,False,Roth75
TSB,permissive,near-identical,1,0.36889198,False,Roth75
TSB,permissive,near-identical,0,0.0011540916,True,Roth75
TSB,permissive,near-identical,0,0.008109103,True,Roth75
TSB,permissive,near-identical,0,0.008109103,True,Roth75
TSB,permissive,near-identical,0,0.008109103,True,Roth75
TSB,permissive,near-identical,0,0.008109103,True,Roth75
TSB,permissive,near-identical,0,0.008109103,True,Roth75
TSB,permissive,near-identical,0,0.0005567571,True,Roth75
TSB,permissive,near-identical,0,0.0067978115,True,Roth75
TSB,permissive,near-identical,1,0.0067978115,True,Roth75
TSB,permissive,near-identical,1,0.0005567571,True,Roth75
TSB,permissive,near-identical,0,0.008870923,True,Roth75
TSB,permissive,near-identical,0,0.008870923,True,Roth75
TSB,permissive,near-identical,0,0.008870923,True,Roth75
TSB,permissive,near-identical,0,0.008870923,True,Roth75
TSB,permissive,near-identical,1,0.008870923,True,Roth75
TSB,permissive,near-identical,0,0.008870923,True,Roth75
TSB,permissive,near-identical,0,0.008870923,True,Roth75
TSB,permissive,near-identical,0,0.008870923,True,Roth75
TSB,permissive,near-identical,0,0.02458451,True,Roth42
TSB,permissive,near-identical,0,0.02458451,True,Roth42
TSB,permissive,near-identical,0,0.02458451,True,Roth42
TSB,permissive,near-identical,0,0.36889198,False,Roth42
TSB,permissive,near-identical,0,0.00071060535,True,Roth42
TSB,permissive,near-identical,0,0.0007580204,True,Roth42
TSB,permissive,near-identical,0,0.36889198,False,Roth42
TSB,permissive,near-identical,0,0.03370811,True,Roth42
TSB,permissive,near-identical,0,0.029687654,True,Roth42
TSB,permissive,near-identical,0,0.36889198,False,Roth42
TSB,permissive,near-identical,0,0.03259833,True,Roth42
TSB,permissive,near-identical,0,0.00072860805,True,Roth42
TSB,permissive,near-identical,0,0.0067978115,True,Roth42
TSB,permissive,near-identical,0,0.0067978115,True,Roth42
TSB,permissive,near-identical,0,0.00040978382,True,Roth42
TSB,permissive,near-identical,0,0.00040978382,True,Roth42
TSB,permissive,near-identical,1,0.00053772336,True,Roth42
TSB,permissive,near-identical,0,0.00040978382,True,Roth42
TSB,permissive,near-identical,0,0.36889198,False,Roth42
TSB,permissive,near-identical,0,0.36889198,False,Roth42
TSB,permissive,near-identical,0,0.0015326367,True,Roth42
TSB,permissive,near-identical,0,0.36889198,False,Roth42
TSB,permissive,near-identical,0,0.36889198,False,Roth42
TSB,permissive,near-identical,0,0.0015326367,True,Roth42
TSB,permissive,near-identical,0,0.0015326367,True,Roth42
TSB,permissive,near-identical,1,0.36889198,False,Roth42
TSB,permissive,near-identical,0,0.36889198,False,Roth42
TSB,permissive,near-identical,0,0.0011985627,True,Roth42
TSB,permissive,near-identical,1,0.05506273,True,Roth42
TSB,permissive,near-identical,0,0.07552204,True,Roth42
TSB,permissive,near-identical,1,0.0195148,True,Roth42
TSB,permissive,near-identical,0,0.0048041297,True,Roth42
TSB,permissive,near-identical,0,0.36889198,False,Roth42
TSB,permissive,near-identical,0,0.36889198,False,Roth42
TSB,permissive,near-identical,0,0.36889198,False,Roth42
TSB,permissive,near-identical,0,0.0067978115,True,Roth42
TSB,permissive,near-identical,0,0.00071060535,True,Roth42
TSB,permissive,near-identical,0,0.00071060535,True,Roth42
TSB,permissive,near-identical,0,0.0009734413,True,Roth42
TSB,permissive,near-identical,0,0.36889198,False,Roth42
TSB,permissive,near-identical,0,0.00064574,True,Roth42
TSB,permissive,near-identical,1,0.008870923,True,Roth42
TSB,permissive,near-identical,0,0.008870923,True,Roth42
TSB,permissive,near-identical,0,0.029687654,True,Roth42
TSB,permissive,near-identical,0,0.0067978115,True,Roth42
TSB,permissive,near-identical,0,0.00040978382,True,Roth42
TSB,permissive,near-identical,0,0.006593063,True,Roth42
TSB,permissive,near-identical,0,0.36889198,False,Roth42
TSB,permissive,near-identical,0,0.029687654,True,Roth42
TSB,permissive,near-identical,0,0.009729611,True,Roth42
TSB,permissive,near-identical,0,0.009729611,True,Roth42
TSB,permissive,near-identical,1,0.002424966,True,Roth42
TSB,permissive,near-identical,0,0.0011985627,True,Roth42
TSB,permissive,near-identical,0,0.0011985627,True,Roth42
TSB,permissive,near-identical,0,0.36889198,False,Roth42
TSB,permissive,near-identical,1,0.36889198,False,Roth42
TSB,permissive,near-identical,0,0.0011540916,True,Roth42
TSB,permissive,near-identical,0,0.008109103,True,Roth42
TSB,permissive,near-identical,0,0.008109103,True,Roth42
TSB,permissive,near-identical,0,0.008109103,True,Roth42
TSB,permissive,near-identical,0,0.008109103,True,Roth42
TSB,permissive,near-identical,0,0.008109103,True,Roth42
TSB,permissive,near-identical,1,0.0005567571,True,Roth42
TSB,permissive,near-identical,0,0.0067978115,True,Roth42
TSB,permissive,near-identical,1,0.0067978115,True,Roth42
TSB,permissive,near-identical,1,0.0005567571,True,Roth42
TSB,permissive,near-identical,0,0.008870923,True,Roth42
TSB,permissive,near-identical,0,0.008870923,True,Roth42
TSB,permissive,near-identical,0,0.008870923,True,Roth42
TSB,permissive,near-identical,0,0.008870923,True,Roth42
TSB,permissive,near-identical,1,0.008870923,True,Roth42
TSB,permissive,near-identical,0,0.008870923,True,Roth42
TSB,permissive,near-identical,0,0.008870923,True,Roth42
TSB,permissive,near-identical,0,0.008870923,True,Roth42
TSB,permissive,near-identical,0,0.02458451,True,Roth87
TSB,permissive,near-identical,0,0.02458451,True,Roth87
TSB,permissive,near-identical,0,0.02458451,True,Roth87
TSB,permissive,near-identical,0,0.36889198,False,Roth87
TSB,permissive,near-identical,0,0.00071060535,True,Roth87
TSB,permissive,near-identical,0,0.0007580204,True,Roth87
TSB,permissive,near-identical,0,0.36889198,False,Roth87
TSB,permissive,near-identical,0,0.03370811,True,Roth87
TSB,permissive,near-identical,0,0.029687654,True,Roth87
TSB,permissive,near-identical,0,0.36889198,False,Roth87
TSB,permissive,near-identical,0,0.03259833,True,Roth87
TSB,permissive,near-identical,0,0.00072860805,True,Roth87
TSB,permissive,near-identical,0,0.0067978115,True,Roth87
TSB,permissive,near-identical,0,0.0067978115,True,Roth87
TSB,permissive,near-identical,0,0.00040978382,True,Roth87
TSB,permissive,near-identical,0,0.00040978382,True,Roth87
TSB,permissive,near-identical,1,0.00053772336,True,Roth87
TSB,permissive,near-identical,0,0.00040978382,True,Roth87
TSB,permissive,near-identical,0,0.36889198,False,Roth87
TSB,permissive,near-identical,1,0.36889198,False,Roth87
TSB,permissive,near-identical,0,0.0015326367,True,Roth87
TSB,permissive,near-identical,0,0.36889198,False,Roth87
TSB,permissive,near-identical,0,0.36889198,False,Roth87
TSB,permissive,near-identical,0,0.0015326367,True,Roth87
TSB,permissive,near-identical,0,0.0015326367,True,Roth87
TSB,permissive,near-identical,1,0.36889198,False,Roth87
TSB,permissive,near-identical,0,0.36889198,False,Roth87
TSB,permissive,near-identical,0,0.0011985627,True,Roth87
TSB,permissive,near-identical,1,0.05506273,True,Roth87
TSB,permissive,near-identical,0,0.07552204,True,Roth87
TSB,permissive,near-identical,1,0.0195148,True,Roth87
TSB,permissive,near-identical,0,0.0048041297,True,Roth87
TSB,permissive,near-identical,0,0.36889198,False,Roth87
TSB,permissive,near-identical,0,0.36889198,False,Roth87
TSB,permissive,near-identical,0,0.36889198,False,Roth87
TSB,permissive,near-identical,0,0.0067978115,True,Roth87
TSB,permissive,near-identical,0,0.00071060535,True,Roth87
TSB,permissive,near-identical,0,0.00071060535,True,Roth87
TSB,permissive,near-identical,0,0.0009734413,True,Roth87
TSB,permissive,near-identical,0,0.36889198,False,Roth87
TSB,permissive,near-identical,0,0.00064574,True,Roth87
TSB,permissive,near-identical,1,0.008870923,True,Roth87
TSB,permissive,near-identical,0,0.008870923,True,Roth87
TSB,permissive,near-identical,0,0.029687654,True,Roth87
TSB,permissive,near-identical,0,0.0067978115,True,Roth87
TSB,permissive,near-identical,0,0.00040978382,True,Roth87
TSB,permissive,near-identical,0,0.006593063,True,Roth87
TSB,permissive,near-identical,0,0.36889198,False,Roth87
TSB,permissive,near-identical,0,0.029687654,True,Roth87
TSB,permissive,near-identical,0,0.009729611,True,Roth87
TSB,permissive,near-identical,0,0.009729611,True,Roth87
TSB,permissive,near-identical,1,0.002424966,True,Roth87
TSB,permissive,near-identical,0,0.0011985627,True,Roth87
TSB,permissive,near-identical,0,0.0011985627,True,Roth87
TSB,permissive,near-identical,0,0.36889198,False,Roth87
TSB,permissive,near-identical,1,0.36889198,False,Roth87
TSB,permissive,near-identical,0,0.0011540916,True,Roth87
TSB,permissive,near-identical,0,0.008109103,True,Roth87
TSB,permissive,near-identical,0,0.008109103,True,Roth87
TSB,permissive,near-identical,0,0.008109103,True,Roth87
TSB,permissive,near-identical,0,0.008109103,True,Roth87
TSB,permissive,near-identical,0,0.008109103,True,Roth87
TSB,permissive,near-identical,0,0.0005567571,True,Roth87
TSB,permissive,near-identical,0,0.0067978115,True,Roth87
TSB,permissive,near-identical,1,0.0067978115,True,Roth87
TSB,permissive,near-identical,1,0.0005567571,True,Roth87
TSB,permissive,near-identical,0,0.008870923,True,Roth87
TSB,permissive,near-identical,0,0.008870923,True,Roth87
TSB,permissive,near-identical,0,0.008870923,True,Roth87
TSB,permissive,near-identical,0,0.008870923,True,Roth87
TSB,permissive,near-identical,1,0.008870923,True,Roth87
TSB,permissive,near-identical,0,0.008870923,True,Roth87
TSB,permissive,near-identical,0,0.008870923,True,Roth87
TSB,permissive,near-identical,0,0.008870923,True,Roth87
TSB,permissive,near-identical,0,0.02458451,True,Roth24
TSB,permissive,near-identical,0,0.02458451,True,Roth24
TSB,permissive,near-identical,0,0.02458451,True,Roth24
TSB,permissive,near-identical,0,0.36889198,False,Roth24
TSB,permissive,near-identical,0,0.00071060535,True,Roth24
TSB,permissive,near-identical,0,0.0007580204,True,Roth24
TSB,permissive,near-identical,0,0.36889198,False,Roth24
TSB,permissive,near-identical,0,0.03370811,True,Roth24
TSB,permissive,near-identical,0,0.029687654,True,Roth24
TSB,permissive,near-identical,0,0.36889198,False,Roth24
TSB,permissive,near-identical,0,0.03259833,True,Roth24
TSB,permissive,near-identical,0,0.00072860805,True,Roth24
TSB,permissive,near-identical,0,0.0067978115,True,Roth24
TSB,permissive,near-identical,0,0.0067978115,True,Roth24
TSB,permissive,near-identical,0,0.00040978382,True,Roth24
TSB,permissive,near-identical,0,0.00040978382,True,Roth24
TSB,permissive,near-identical,1,0.00053772336,True,Roth24
TSB,permissive,near-identical,0,0.00040978382,True,Roth24
TSB,permissive,near-identical,0,0.36889198,False,Roth24
TSB,permissive,near-identical,0,0.36889198,False,Roth24
TSB,permissive,near-identical,0,0.0015326367,True,Roth24
TSB,permissive,near-identical,0,0.36889198,False,Roth24
TSB,permissive,near-identical,0,0.36889198,False,Roth24
TSB,permissive,near-identical,0,0.0015326367,True,Roth24
TSB,permissive,near-identical,0,0.0015326367,True,Roth24
TSB,permissive,near-identical,1,0.36889198,False,Roth24
TSB,permissive,near-identical,0,0.36889198,False,Roth24
TSB,permissive,near-identical,0,0.0011985627,True,Roth24
TSB,permissive,near-identical,1,0.05506273,True,Roth24
TSB,permissive,near-identical,0,0.07552204,True,Roth24
TSB,permissive,near-identical,1,0.0195148,True,Roth24
TSB,permissive,near-identical,0,0.0048041297,True,Roth24
TSB,permissive,near-identical,0,0.36889198,False,Roth24
TSB,permissive,near-identical,0,0.36889198,False,Roth24
TSB,permissive,near-identical,0,0.36889198,False,Roth24
TSB,permissive,near-identical,0,0.0067978115,True,Roth24
TSB,permissive,near-identical,0,0.00071060535,True,Roth24
TSB,permissive,near-identical,0,0.00071060535,True,Roth24
TSB,permissive,near-identical,0,0.0009734413,True,Roth24
TSB,permissive,near-identical,0,0.36889198,False,Roth24
TSB,permissive,near-identical,0,0.00064574,True,Roth24
TSB,permissive,near-identical,1,0.008870923,True,Roth24
TSB,permissive,near-identical,0,0.008870923,True,Roth24
TSB,permissive,near-identical,0,0.029687654,True,Roth24
TSB,permissive,near-identical,0,0.0067978115,True,Roth24
TSB,permissive,near-identical,0,0.00040978382,True,Roth24
TSB,permissive,near-identical,0,0.006593063,True,Roth24
TSB,permissive,near-identical,0,0.36889198,False,Roth24
TSB,permissive,near-identical,0,0.029687654,True,Roth24
TSB,permissive,near-identical,0,0.009729611,True,Roth24
TSB,permissive,near-identical,0,0.009729611,True,Roth24
TSB,permissive,near-identical,0,0.002424966,True,Roth24
TSB,permissive,near-identical,0,0.0011985627,True,Roth24
TSB,permissive,near-identical,1,0.0011985627,True,Roth24
TSB,permissive,near-identical,0,0.36889198,False,Roth24
TSB,permissive,near-identical,1,0.36889198,False,Roth24
TSB,permissive,near-identical,0,0.0011540916,True,Roth24
TSB,permissive,near-identical,0,0.008109103,True,Roth24
TSB,permissive,near-identical,0,0.008109103,True,Roth24
TSB,permissive,near-identical,0,0.008109103,True,Roth24
TSB,permissive,near-identical,0,0.008109103,True,Roth24
TSB,permissive,near-identical,0,0.008109103,True,Roth24
TSB,permissive,near-identical,1,0.0005567571,True,Roth24
TSB,permissive,near-identical,0,0.0067978115,True,Roth24
TSB,permissive,near-identical,1,0.0067978115,True,Roth24
TSB,permissive,near-identical,1,0.0005567571,True,Roth24
TSB,permissive,near-identical,0,0.008870923,True,Roth24
TSB,permissive,near-identical,0,0.008870923,True,Roth24
TSB,permissive,near-identical,0,0.008870923,True,Roth24
TSB,permissive,near-identical,0,0.008870923,True,Roth24
TSB,permissive,near-identical,1,0.008870923,True,Roth24
TSB,permissive,near-identical,0,0.008870923,True,Roth24
TSB,permissive,near-identical,0,0.008870923,True,Roth24
TSB,permissive,near-identical,0,0.008870923,True,Roth24
TSB,permissive,near-identical,0,0.02458451,True,Roth30
TSB,permissive,near-identical,0,0.02458451,True,Roth30
TSB,permissive,near-identical,0,0.02458451,True,Roth30
TSB,permissive,near-identical,0,0.36889198,False,Roth30
TSB,permissive,near-identical,0,0.00071060535,True,Roth30
TSB,permissive,near-identical,0,0.0007580204,True,Roth30
TSB,permissive,near-identical,0,0.36889198,False,Roth30
TSB,permissive,near-identical,0,0.03370811,True,Roth30
TSB,permissive,near-identical,0,0.029687654,True,Roth30
TSB,permissive,near-identical,0,0.36889198,False,Roth30
TSB,permissive,near-identical,0,0.03259833,True,Roth30
TSB,permissive,near-identical,0,0.00072860805,True,Roth30
TSB,permissive,near-identical,0,0.0067978115,True,Roth30
TSB,permissive,near-identical,0,0.0067978115,True,Roth30
TSB,permissive,near-identical,0,0.00040978382,True,Roth30
TSB,permissive,near-identical,0,0.00040978382,True,Roth30
TSB,permissive,near-identical,1,0.00053772336,True,Roth30
TSB,permissive,near-identical,0,0.00040978382,True,Roth30
TSB,permissive,near-identical,0,0.36889198,False,Roth30
TSB,permissive,near-identical,0,0.36889198,False,Roth30
TSB,permissive,near-identical,0,0.0015326367,True,Roth30
TSB,permissive,near-identical,0,0.36889198,False,Roth30
TSB,permissive,near-identical,0,0.36889198,False,Roth30
TSB,permissive,near-identical,0,0.0015326367,True,Roth30
TSB,permissive,near-identical,0,0.0015326367,True,Roth30
TSB,permissive,near-identical,1,0.36889198,False,Roth30
TSB,permissive,near-identical,0,0.36889198,False,Roth30
TSB,permissive,near-identical,0,0.0011985627,True,Roth30
TSB,permissive,near-identical,1,0.05506273,True,Roth30
TSB,permissive,near-identical,0,0.07552204,True,Roth30
TSB,permissive,near-identical,1,0.0195148,True,Roth30
TSB,permissive,near-identical,0,0.0048041297,True,Roth30
TSB,permissive,near-identical,0,0.36889198,False,Roth30
TSB,permissive,near-identical,0,0.36889198,False,Roth30
TSB,permissive,near-identical,0,0.36889198,False,Roth30
TSB,permissive,near-identical,0,0.0067978115,True,Roth30
TSB,permissive,near-identical,0,0.00071060535,True,Roth30
TSB,permissive,near-identical,0,0.00071060535,True,Roth30
TSB,permissive,near-identical,0,0.0009734413,True,Roth30
TSB,permissive,near-identical,0,0.36889198,False,Roth30
TSB,permissive,near-identical,0,0.00064574,True,Roth30
TSB,permissive,near-identical,1,0.008870923,True,Roth30
TSB,permissive,near-identical,0,0.008870923,True,Roth30
TSB,permissive,near-identical,0,0.029687654,True,Roth30
TSB,permissive,near-identical,0,0.0067978115,True,Roth30
TSB,permissive,near-identical,0,0.00040978382,True,Roth30
TSB,permissive,near-identical,0,0.006593063,True,Roth30
TSB,permissive,near-identical,0,0.36889198,False,Roth30
TSB,permissive,near-identical,0,0.029687654,True,Roth30
TSB,permissive,near-identical,0,0.009729611,True,Roth30
TSB,permissive,near-identical,0,0.009729611,True,Roth30
TSB,permissive,near-identical,0,0.002424966,True,Roth30
TSB,permissive,near-identical,0,0.0011985627,True,Roth30
TSB,permissive,near-identical,0,0.0011985627,True,Roth30
TSB,permissive,near-identical,0,0.36889198,False,Roth30
TSB,permissive,near-identical,1,0.36889198,False,Roth30
TSB,permissive,near-identical,0,0.0011540916,True,Roth30
TSB,permissive,near-identical,0,0.008109103,True,Roth30
TSB,permissive,near-identical,0,0.008109103,True,Roth30
TSB,permissive,near-identical,1,0.008109103,True,Roth30
TSB,permissive,near-identical,0,0.008109103,True,Roth30
TSB,permissive,near-identical,0,0.008109103,True,Roth30
TSB,permissive,near-identical,1,0.0005567571,True,Roth30
TSB,permissive,near-identical,0,0.0067978115,True,Roth30
TSB,permissive,near-identical,1,0.0067978115,True,Roth30
TSB,permissive,near-identical,1,0.0005567571,True,Roth30
TSB,permissive,near-identical,0,0.008870923,True,Roth30
TSB,permissive,near-identical,0,0.008870923,True,Roth30
TSB,permissive,near-identical,0,0.008870923,True,Roth30
TSB,permissive,near-identical,0,0.008870923,True,Roth30
TSB,permissive,near-identical,1,0.008870923,True,Roth30
TSB,permissive,near-identical,0,0.008870923,True,Roth30
TSB,permissive,near-identical,0,0.008870923,True,Roth30
TSB,permissive,near-identical,0,0.008870923,True,Roth30
TSB,permissive,related,0,0.044979956,True,Roth44
TSB,permissive,related,0,0.044979956,True,Roth44
TSB,permissive,related,0,0.044979956,True,Roth44
TSB,permissive,related,0,0.46747172,False,Roth44
TSB,permissive,related,0,0.0011804732,True,Roth44
TSB,permissive,related,0,0.0012060141,True,Roth44
TSB,permissive,related,0,0.46747172,False,Roth44
TSB,permissive,related,0,0.041202337,True,Roth44
TSB,permissive,related,0,0.13266295,True,Roth44
TSB,permissive,related,0,0.46747172,False,Roth44
TSB,permissive,related,0,0.026348542,True,Roth44
TSB,permissive,related,0,0.00065310777,True,Roth44
TSB,permissive,related,0,0.054820973,True,Roth44
TSB,permissive,related,0,0.054820973,True,Roth44
TSB,permissive,related,0,0.0006620349,True,Roth44
TSB,permissive,related,0,0.0006620349,True,Roth44
TSB,permissive,related,1,0.00075716525,True,Roth44
TSB,permissive,related,0,0.0006620349,True,Roth44
TSB,permissive,related,0,0.46747172,False,Roth44
TSB,permissive,related,0,0.46747172,False,Roth44
TSB,permissive,related,0,0.0029654487,True,Roth44
TSB,permissive,related,0,0.46747172,False,Roth44
TSB,permissive,related,0,0.46747172,False,Roth44
TSB,permissive,related,0,0.0029654487,True,Roth44
TSB,permissive,related,0,0.0029654487,True,Roth44
TSB,permissive,related,1,0.46747172,False,Roth44
TSB,permissive,related,0,0.46747172,False,Roth44
TSB,permissive,related,0,0.0022113286,True,Roth44
TSB,permissive,related,0,0.5203018,True,Roth44
TSB,permissive,related,0,0.3618714,True,Roth44
TSB,permissive,related,0,0.015114203,True,Roth44
TSB,permissive,related,0,0.011126566,True,Roth44
TSB,permissive,related,0,0.46747172,False,Roth44
TSB,permissive,related,0,0.46747172,False,Roth44
TSB,permissive,related,0,0.46747172,False,Roth44
TSB,permissive,related,0,0.054820973,True,Roth44
TSB,permissive,related,0,0.0011804732,True,Roth44
TSB,permissive,related,0,0.0011804732,True,Roth44
TSB,permissive,related,0,0.00093506277,True,Roth44
TSB,permissive,related,0,0.46747172,False,Roth44
TSB,permissive,related,0,0.00082703977,True,Roth44
TSB,permissive,related,1,0.011743073,True,Roth44
TSB,permissive,related,0,0.011743073,True,Roth44
TSB,permissive,related,0,0.13266295,True,Roth44
TSB,permissive,related,0,0.054820973,True,Roth44
TSB,permissive,related,0,0.0006620349,True,Roth44
TSB,permissive,related,0,0.011099213,True,Roth44
TSB,permissive,related,0,0.46747172,False,Roth44
TSB,permissive,related,0,0.13266295,True,Roth44
TSB,permissive,related,0,0.013534944,True,Roth44
TSB,permissive,related,0,0.013534944,True,Roth44
TSB,permissive,related,0,0.00600833,True,Roth44
TSB,permissive,related,0,0.0022113286,True,Roth44
TSB,permissive,related,0,0.0022113286,True,Roth44
TSB,permissive,related,0,0.46747172,False,Roth44
TSB,permissive,related,0,0.46747172,False,Roth44
TSB,permissive,related,0,0.0021629876,True,Roth44
TSB,permissive,related,0,0.0063104792,True,Roth44
TSB,permissive,related,0,0.0063104792,True,Roth44
TSB,permissive,related,0,0.0063104792,True,Roth44
TSB,permissive,related,0,0.0063104792,True,Roth44
TSB,permissive,related,0,0.0063104792,True,Roth44
TSB,permissive,related,0,0.0009033994,True,Roth44
TSB,permissive,related,0,0.054820973,True,Roth44
TSB,permissive,related,1,0.054820973,True,Roth44
TSB,permissive,related,1,0.0009033994,True,Roth44
TSB,permissive,related,0,0.011743073,True,Roth44
TSB,permissive,related,0,0.011743073,True,Roth44
TSB,permissive,related,0,0.011743073,True,Roth44
TSB,permissive,related,0,0.011743073,True,Roth44
TSB,permissive,related,0,0.011743073,True,Roth44
TSB,permissive,related,0,0.011743073,True,Roth44
TSB,permissive,related,0,0.011743073,True,Roth44
TSB,permissive,related,0,0.011743073,True,Roth44
TSB,permissive,near-identical,0,0.03386829,True,Roth71
TSB,permissive,near-identical,0,0.03386829,True,Roth71
TSB,permissive,near-identical,0,0.03386829,True,Roth71
TSB,permissive,near-identical,0,0.38579807,False,Roth71
TSB,permissive,near-identical,0,0.0007635873,True,Roth71
TSB,permissive,near-identical,0,0.0008145355,True,Roth71
TSB,permissive,near-identical,0,0.38579807,False,Roth71
TSB,permissive,near-identical,0,0.021215886,True,Roth71
TSB,permissive,near-identical,0,0.011753392,True,Roth71
TSB,permissive,near-identical,0,0.38579807,False,Roth71
TSB,permissive,near-identical,1,0.027190072,True,Roth71
TSB,permissive,near-identical,0,0.0007829313,True,Roth71
TSB,permissive,near-identical,0,0.0052398606,True,Roth71
TSB,permissive,near-identical,0,0.0052398606,True,Roth71
TSB,permissive,near-identical,0,0.00044034634,True,Roth71
TSB,permissive,near-identical,0,0.00044034634,True,Roth71
TSB,permissive,near-identical,1,0.0005778229,True,Roth71
TSB,permissive,near-identical,0,0.00044034634,True,Roth71
TSB,permissive,near-identical,0,0.38579807,False,Roth71
TSB,permissive,near-identical,0,0.38579807,False,Roth71
TSB,permissive,near-identical,0,0.0016468059,True,Roth71
TSB,permissive,near-identical,0,0.38579807,False,Roth71
TSB,permissive,near-identical,0,0.38579807,False,Roth71
TSB,permissive,near-identical,0,0.0016468059,True,Roth71
TSB,permissive,near-identical,0,0.0016468059,True,Roth71
TSB,permissive,near-identical,1,0.38579807,False,Roth71
TSB,permissive,near-identical,0,0.38579807,False,Roth71
TSB,permissive,near-identical,0,0.0012878794,True,Roth71
TSB,permissive,near-identical,1,0.08346286,True,Roth71
TSB,permissive,near-identical,0,0.34110647,True,Roth71
TSB,permissive,near-identical,1,0.020940412,True,Roth71
TSB,permissive,near-identical,0,0.0051607396,True,Roth71
TSB,permissive,near-identical,0,0.38579807,False,Roth71
TSB,permissive,near-identical,0,0.38579807,False,Roth71
TSB,permissive,near-identical,0,0.38579807,False,Roth71
TSB,permissive,near-identical,0,0.0052398606,True,Roth71
TSB,permissive,near-identical,0,0.0007635873,True,Roth71
TSB,permissive,near-identical,0,0.0007635873,True,Roth71
TSB,permissive,near-identical,0,0.0010459996,True,Roth71
TSB,permissive,near-identical,0,0.38579807,False,Roth71
TSB,permissive,near-identical,0,0.00064574,True,Roth71
TSB,permissive,near-identical,1,0.00952653,True,Roth71
TSB,permissive,near-identical,0,0.00952653,True,Roth71
TSB,permissive,near-identical,0,0.011753392,True,Roth71
TSB,permissive,near-identical,0,0.0052398606,True,Roth71
TSB,permissive,near-identical,0,0.00044034634,True,Roth71
TSB,permissive,near-identical,0,0.0070815263,True,Roth71
TSB,permissive,near-identical,0,0.38579807,False,Roth71
TSB,permissive,near-identical,0,0.011753392,True,Roth71
TSB,permissive,near-identical,0,0.014910208,True,Roth71
TSB,permissive,near-identical,0,0.014910208,True,Roth71
TSB,permissive,near-identical,1,0.0026054357,True,Roth71
TSB,permissive,near-identical,0,0.0012878794,True,Roth71
TSB,permissive,near-identical,0,0.0012878794,True,Roth71
TSB,permissive,near-identical,0,0.38579807,False,Roth71
TSB,permissive,near-identical,0,0.38579807,False,Roth71
TSB,permissive,near-identical,0,0.0012400972,True,Roth71
TSB,permissive,near-identical,0,0.008708898,True,Roth71
TSB,permissive,near-identical,0,0.008708898,True,Roth71
TSB,permissive,near-identical,0,0.008708898,True,Roth71
TSB,permissive,near-identical,0,0.008708898,True,Roth71
TSB,permissive,near-identical,0,0.008708898,True,Roth71
TSB,permissive,near-identical,0,0.0005982752,True,Roth71
TSB,permissive,near-identical,0,0.0052398606,True,Roth71
TSB,permissive,near-identical,1,0.0052398606,True,Roth71
TSB,permissive,near-identical,0,0.0005982752,True,Roth71
TSB,permissive,near-identical,0,0.00952653,True,Roth71
TSB,permissive,near-identical,0,0.00952653,True,Roth71
TSB,permissive,near-identical,0,0.00952653,True,Roth71
TSB,permissive,near-identical,0,0.00952653,True,Roth71
TSB,permissive,near-identical,1,0.00952653,True,Roth71
TSB,permissive,near-identical,0,0.00952653,True,Roth71
TSB,permissive,near-identical,0,0.00952653,True,Roth71
TSB,permissive,near-identical,0,0.00952653,True,Roth71
TSB,permissive,near-identical,0,0.03386829,True,Roth84
TSB,permissive,near-identical,0,0.03386829,True,Roth84
TSB,permissive,near-identical,0,0.03386829,True,Roth84
TSB,permissive,near-identical,0,0.38579807,False,Roth84
TSB,permissive,near-identical,0,0.0007635873,True,Roth84
TSB,permissive,near-identical,0,0.0008145355,True,Roth84
TSB,permissive,near-identical,0,0.38579807,False,Roth84
TSB,permissive,near-identical,0,0.021215886,True,Roth84
TSB,permissive,near-identical,0,0.011753392,True,Roth84
TSB,permissive,near-identical,0,0.38579807,False,Roth84
TSB,permissive,near-identical,0,0.027190072,True,Roth84
TSB,permissive,near-identical,0,0.0007829313,True,Roth84
TSB,permissive,near-identical,0,0.0052398606,True,Roth84
TSB,permissive,near-identical,0,0.0052398606,True,Roth84
TSB,permissive,near-identical,0,0.00044034634,True,Roth84
TSB,permissive,near-identical,0,0.00044034634,True,Roth84
TSB,permissive,near-identical,1,0.0005778229,True,Roth84
TSB,permissive,near-identical,0,0.00044034634,True,Roth84
TSB,permissive,near-identical,0,0.38579807,False,Roth84
TSB,permissive,near-identical,0,0.38579807,False,Roth84
TSB,permissive,near-identical,0,0.0016468059,True,Roth84
TSB,permissive,near-identical,0,0.38579807,False,Roth84
TSB,permissive,near-identical,0,0.38579807,False,Roth84
TSB,permissive,near-identical,0,0.0016468059,True,Roth84
TSB,permissive,near-identical,0,0.0016468059,True,Roth84
TSB,permissive,near-identical,1,0.38579807,False,Roth84
TSB,permissive,near-identical,0,0.38579807,False,Roth84
TSB,permissive,near-identical,0,0.0012878794,True,Roth84
TSB,permissive,near-identical,1,0.08346286,True,Roth84
TSB,permissive,near-identical,0,0.34110647,True,Roth84
TSB,permissive,near-identical,1,0.020940412,True,Roth84
TSB,permissive,near-identical,0,0.0051607396,True,Roth84
TSB,permissive,near-identical,0,0.38579807,False,Roth84
TSB,permissive,near-identical,0,0.38579807,False,Roth84
TSB,permissive,near-identical,0,0.38579807,False,Roth84
TSB,permissive,near-identical,0,0.0052398606,True,Roth84
TSB,permissive,near-identical,0,0.0007635873,True,Roth84
TSB,permissive,near-identical,0,0.0007635873,True,Roth84
TSB,permissive,near-identical,0,0.0010459996,True,Roth84
TSB,permissive,near-identical,0,0.38579807,False,Roth84
TSB,permissive,near-identical,0,0.00064574,True,Roth84
TSB,permissive,near-identical,1,0.00952653,True,Roth84
TSB,permissive,near-identical,0,0.00952653,True,Roth84
TSB,permissive,near-identical,0,0.011753392,True,Roth84
TSB,permissive,near-identical,0,0.0052398606,True,Roth84
TSB,permissive,near-identical,0,0.00044034634,True,Roth84
TSB,permissive,near-identical,0,0.0070815263,True,Roth84
TSB,permissive,near-identical,0,0.38579807,False,Roth84
TSB,permissive,near-identical,0,0.011753392,True,Roth84
TSB,permissive,near-identical,0,0.014910208,True,Roth84
TSB,permissive,near-identical,0,0.014910208,True,Roth84
TSB,permissive,near-identical,1,0.0026054357,True,Roth84
TSB,permissive,near-identical,0,0.0012878794,True,Roth84
TSB,permissive,near-identical,0,0.0012878794,True,Roth84
TSB,permissive,near-identical,0,0.38579807,False,Roth84
TSB,permissive,near-identical,0,0.38579807,False,Roth84
TSB,permissive,near-identical,0,0.0012400972,True,Roth84
TSB,permissive,near-identical,0,0.008708898,True,Roth84
TSB,permissive,near-identical,0,0.008708898,True,Roth84
TSB,permissive,near-identical,0,0.008708898,True,Roth84
TSB,permissive,near-identical,0,0.008708898,True,Roth84
TSB,permissive,near-identical,0,0.008708898,True,Roth84
TSB,permissive,near-identical,1,0.0005982752,True,Roth84
TSB,permissive,near-identical,0,0.0052398606,True,Roth84
TSB,permissive,near-identical,1,0.0052398606,True,Roth84
TSB,permissive,near-identical,0,0.0005982752,True,Roth84
TSB,permissive,near-identical,0,0.00952653,True,Roth84
TSB,permissive,near-identical,0,0.00952653,True,Roth84
TSB,permissive,near-identical,0,0.00952653,True,Roth84
TSB,permissive,near-identical,0,0.00952653,True,Roth84
TSB,permissive,near-identical,1,0.00952653,True,Roth84
TSB,permissive,near-identical,0,0.00952653,True,Roth84
TSB,permissive,near-identical,0,0.00952653,True,Roth84
TSB,permissive,near-identical,0,0.00952653,True,Roth84
TSB,permissive,near-identical,0,0.03386829,True,Roth10
TSB,permissive,near-identical,0,0.03386829,True,Roth10
TSB,permissive,near-identical,0,0.03386829,True,Roth10
TSB,permissive,near-identical,0,0.38579807,False,Roth10
TSB,permissive,near-identical,0,0.0007635873,True,Roth10
TSB,permissive,near-identical,0,0.0008145355,True,Roth10
TSB,permissive,near-identical,0,0.38579807,False,Roth10
TSB,permissive,near-identical,1,0.021215886,True,Roth10
TSB,permissive,near-identical,0,0.011753392,True,Roth10
TSB,permissive,near-identical,0,0.38579807,False,Roth10
TSB,permissive,near-identical,0,0.027190072,True,Roth10
TSB,permissive,near-identical,0,0.0007829313,True,Roth10
TSB,permissive,near-identical,0,0.0052398606,True,Roth10
TSB,permissive,near-identical,0,0.0052398606,True,Roth10
TSB,permissive,near-identical,0,0.00044034634,True,Roth10
TSB,permissive,near-identical,0,0.00044034634,True,Roth10
TSB,permissive,near-identical,1,0.0005778229,True,Roth10
TSB,permissive,near-identical,0,0.00044034634,True,Roth10
TSB,permissive,near-identical,0,0.38579807,False,Roth10
TSB,permissive,near-identical,0,0.38579807,False,Roth10
TSB,permissive,near-identical,0,0.0016468059,True,Roth10
TSB,permissive,near-identical,0,0.38579807,False,Roth10
TSB,permissive,near-identical,0,0.38579807,False,Roth10
TSB,permissive,near-identical,0,0.0016468059,True,Roth10
TSB,permissive,near-identical,0,0.0016468059,True,Roth10
TSB,permissive,near-identical,1,0.38579807,False,Roth10
TSB,permissive,near-identical,0,0.38579807,False,Roth10
TSB,permissive,near-identical,0,0.0012878794,True,Roth10
TSB,permissive,near-identical,1,0.08346286,True,Roth10
TSB,permissive,near-identical,0,0.34110647,True,Roth10
TSB,permissive,near-identical,1,0.020940412,True,Roth10
TSB,permissive,near-identical,0,0.0051607396,True,Roth10
TSB,permissive,near-identical,0,0.38579807,False,Roth10
TSB,permissive,near-identical,0,0.38579807,False,Roth10
TSB,permissive,near-identical,0,0.38579807,False,Roth10
TSB,permissive,near-identical,0,0.0052398606,True,Roth10
TSB,permissive,near-identical,0,0.0007635873,True,Roth10
TSB,permissive,near-identical,0,0.0007635873,True,Roth10
TSB,permissive,near-identical,0,0.0010459996,True,Roth10
TSB,permissive,near-identical,0,0.38579807,False,Roth10
TSB,permissive,near-identical,0,0.00064574,True,Roth10
TSB,permissive,near-identical,1,0.00952653,True,Roth10
TSB,permissive,near-identical,0,0.00952653,True,Roth10
TSB,permissive,near-identical,0,0.011753392,True,Roth10
TSB,permissive,near-identical,0,0.0052398606,True,Roth10
TSB,permissive,near-identical,0,0.00044034634,True,Roth10
TSB,permissive,near-identical,0,0.0070815263,True,Roth10
TSB,permissive,near-identical,0,0.38579807,False,Roth10
TSB,permissive,near-identical,0,0.011753392,True,Roth10
TSB,permissive,near-identical,0,0.014910208,True,Roth10
TSB,permissive,near-identical,0,0.014910208,True,Roth10
TSB,permissive,near-identical,1,0.0026054357,True,Roth10
TSB,permissive,near-identical,0,0.0012878794,True,Roth10
TSB,permissive,near-identical,0,0.0012878794,True,Roth10
TSB,permissive,near-identical,0,0.38579807,False,Roth10
TSB,permissive,near-identical,0,0.38579807,False,Roth10
TSB,permissive,near-identical,0,0.0012400972,True,Roth10
TSB,permissive,near-identical,0,0.008708898,True,Roth10
TSB,permissive,near-identical,0,0.008708898,True,Roth10
TSB,permissive,near-identical,0,0.008708898,True,Roth10
TSB,permissive,near-identical,0,0.008708898,True,Roth10
TSB,permissive,near-identical,0,0.008708898,True,Roth10
TSB,permissive,near-identical,1,0.0005982752,True,Roth10
TSB,permissive,near-identical,0,0.0052398606,True,Roth10
TSB,permissive,near-identical,1,0.0052398606,True,Roth10
TSB,permissive,near-identical,0,0.0005982752,True,Roth10
TSB,permissive,near-identical,0,0.00952653,True,Roth10
TSB,permissive,near-identical,0,0.00952653,True,Roth10
TSB,permissive,near-identical,0,0.00952653,True,Roth10
TSB,permissive,near-identical,0,0.00952653,True,Roth10
TSB,permissive,near-identical,1,0.00952653,True,Roth10
TSB,permissive,near-identical,0,0.00952653,True,Roth10
TSB,permissive,near-identical,0,0.00952653,True,Roth10
TSB,permissive,near-identical,0,0.00952653,True,Roth10
TSB,permissive,near-identical,0,0.03386829,True,Roth83
TSB,permissive,near-identical,1,0.03386829,True,Roth83
TSB,permissive,near-identical,0,0.03386829,True,Roth83
TSB,permissive,near-identical,0,0.38579807,False,Roth83
TSB,permissive,near-identical,0,0.0007635873,True,Roth83
TSB,permissive,near-identical,0,0.0008145355,True,Roth83
TSB,permissive,near-identical,0,0.38579807,False,Roth83
TSB,permissive,near-identical,0,0.021215886,True,Roth83
TSB,permissive,near-identical,0,0.011753392,True,Roth83
TSB,permissive,near-identical,0,0.38579807,False,Roth83
TSB,permissive,near-identical,0,0.027190072,True,Roth83
TSB,permissive,near-identical,0,0.0007829313,True,Roth83
TSB,permissive,near-identical,0,0.0052398606,True,Roth83
TSB,permissive,near-identical,0,0.0052398606,True,Roth83
TSB,permissive,near-identical,0,0.00044034634,True,Roth83
TSB,permissive,near-identical,0,0.00044034634,True,Roth83
TSB,permissive,near-identical,1,0.0005778229,True,Roth83
TSB,permissive,near-identical,0,0.00044034634,True,Roth83
TSB,permissive,near-identical,0,0.38579807,False,Roth83
TSB,permissive,near-identical,0,0.38579807,False,Roth83
TSB,permissive,near-identical,0,0.0016468059,True,Roth83
TSB,permissive,near-identical,0,0.38579807,False,Roth83
TSB,permissive,near-identical,0,0.38579807,False,Roth83
TSB,permissive,near-identical,0,0.0016468059,True,Roth83
TSB,permissive,near-identical,0,0.0016468059,True,Roth83
TSB,permissive,near-identical,1,0.38579807,False,Roth83
TSB,permissive,near-identical,0,0.38579807,False,Roth83
TSB,permissive,near-identical,0,0.0012878794,True,Roth83
TSB,permissive,near-identical,1,0.08346286,True,Roth83
TSB,permissive,near-identical,0,0.34110647,True,Roth83
TSB,permissive,near-identical,1,0.020940412,True,Roth83
TSB,permissive,near-identical,0,0.0051607396,True,Roth83
TSB,permissive,near-identical,0,0.38579807,False,Roth83
TSB,permissive,near-identical,0,0.38579807,False,Roth83
TSB,permissive,near-identical,0,0.38579807,False,Roth83
TSB,permissive,near-identical,0,0.0052398606,True,Roth83
TSB,permissive,near-identical,0,0.0007635873,True,Roth83
TSB,permissive,near-identical,0,0.0007635873,True,Roth83
TSB,permissive,near-identical,0,0.0010459996,True,Roth83
TSB,permissive,near-identical,0,0.38579807,False,Roth83
TSB,permissive,near-identical,0,0.00064574,True,Roth83
TSB,permissive,near-identical,1,0.00952653,True,Roth83
TSB,permissive,near-identical,0,0.00952653,True,Roth83
TSB,permissive,near-identical,0,0.011753392,True,Roth83
TSB,permissive,near-identical,0,0.0052398606,True,Roth83
TSB,permissive,near-identical,0,0.00044034634,True,Roth83
TSB,permissive,near-identical,0,0.0070815263,True,Roth83
TSB,permissive,near-identical,0,0.38579807,False,Roth83
TSB,permissive,near-identical,0,0.011753392,True,Roth83
TSB,permissive,near-identical,0,0.014910208,True,Roth83
TSB,permissive,near-identical,0,0.014910208,True,Roth83
TSB,permissive,near-identical,1,0.0026054357,True,Roth83
TSB,permissive,near-identical,0,0.0012878794,True,Roth83
TSB,permissive,near-identical,0,0.0012878794,True,Roth83
TSB,permissive,near-identical,0,0.38579807,False,Roth83
TSB,permissive,near-identical,1,0.38579807,False,Roth83
TSB,permissive,near-identical,0,0.0012400972,True,Roth83
TSB,permissive,near-identical,0,0.008708898,True,Roth83
TSB,permissive,near-identical,0,0.008708898,True,Roth83
TSB,permissive,near-identical,0,0.008708898,True,Roth83
TSB,permissive,near-identical,0,0.008708898,True,Roth83
TSB,permissive,near-identical,0,0.008708898,True,Roth83
TSB,permissive,near-identical,1,0.0005982752,True,Roth83
TSB,permissive,near-identical,0,0.0052398606,True,Roth83
TSB,permissive,near-identical,1,0.0052398606,True,Roth83
TSB,permissive,near-identical,0,0.0005982752,True,Roth83
TSB,permissive,near-identical,0,0.00952653,True,Roth83
TSB,permissive,near-identical,0,0.00952653,True,Roth83
TSB,permissive,near-identical,0,0.00952653,True,Roth83
TSB,permissive,near-identical,0,0.00952653,True,Roth83
TSB,permissive,near-identical,1,0.00952653,True,Roth83
TSB,permissive,near-identical,0,0.00952653,True,Roth83
TSB,permissive,near-identical,0,0.00952653,True,Roth83
TSB,permissive,near-identical,0,0.00952653,True,Roth83
TSB,permissive,near-identical,0,0.08693585,True,Roth09
TSB,permissive,near-identical,0,0.08693585,True,Roth09
TSB,permissive,near-identical,0,0.08693585,True,Roth09
TSB,permissive,near-identical,0,0.38579807,False,Roth09
TSB,permissive,near-identical,0,0.0007635873,True,Roth09
TSB,permissive,near-identical,0,0.0008145355,True,Roth09
TSB,permissive,near-identical,0,0.38579807,False,Roth09
TSB,permissive,near-identical,0,0.041040294,True,Roth09
TSB,permissive,near-identical,0,0.012625401,True,Roth09
TSB,permissive,near-identical,0,0.38579807,False,Roth09
TSB,permissive,near-identical,0,0.035658058,True,Roth09
TSB,permissive,near-identical,0,0.0007829313,True,Roth09
TSB,permissive,near-identical,0,0.005433639,True,Roth09
TSB,permissive,near-identical,0,0.005433639,True,Roth09
TSB,permissive,near-identical,0,0.0005131258,True,Roth09
TSB,permissive,near-identical,0,0.0005131258,True,Roth09
TSB,permissive,near-identical,1,0.0005778229,True,Roth09
TSB,permissive,near-identical,0,0.0005131258,True,Roth09
TSB,permissive,near-identical,0,0.38579807,False,Roth09
TSB,permissive,near-identical,0,0.38579807,False,Roth09
TSB,permissive,near-identical,0,0.0016468059,True,Roth09
TSB,permissive,near-identical,0,0.38579807,False,Roth09
TSB,permissive,near-identical,0,0.38579807,False,Roth09
TSB,permissive,near-identical,0,0.0016468059,True,Roth09
TSB,permissive,near-identical,0,0.0016468059,True,Roth09
TSB,permissive,near-identical,1,0.38579807,False,Roth09
TSB,permissive,near-identical,0,0.38579807,False,Roth09
TSB,permissive,near-identical,0,0.0012878794,True,Roth09
TSB,permissive,near-identical,1,0.05892917,True,Roth09
TSB,permissive,near-identical,0,0.34110647,True,Roth09
TSB,permissive,near-identical,1,0.020940412,True,Roth09
TSB,permissive,near-identical,0,0.0051607396,True,Roth09
TSB,permissive,near-identical,0,0.38579807,False,Roth09
TSB,permissive,near-identical,0,0.38579807,False,Roth09
TSB,permissive,near-identical,0,0.38579807,False,Roth09
TSB,permissive,near-identical,0,0.005433639,True,Roth09
TSB,permissive,near-identical,0,0.0007635873,True,Roth09
TSB,permissive,near-identical,0,0.0007635873,True,Roth09
TSB,permissive,near-identical,0,0.0010459996,True,Roth09
TSB,permissive,near-identical,0,0.38579807,False,Roth09
TSB,permissive,near-identical,0,0.00064574,True,Roth09
TSB,permissive,near-identical,1,0.00952653,True,Roth09
TSB,permissive,near-identical,0,0.00952653,True,Roth09
TSB,permissive,near-identical,0,0.012625401,True,Roth09
TSB,permissive,near-identical,0,0.005433639,True,Roth09
TSB,permissive,near-identical,0,0.0005131258,True,Roth09
TSB,permissive,near-identical,0,0.013356506,True,Roth09
TSB,permissive,near-identical,0,0.38579807,False,Roth09
TSB,permissive,near-identical,0,0.012625401,True,Roth09
TSB,permissive,near-identical,0,0.014910208,True,Roth09
TSB,permissive,near-identical,0,0.014910208,True,Roth09
TSB,permissive,near-identical,1,0.004363337,True,Roth09
TSB,permissive,near-identical,0,0.0012878794,True,Roth09
TSB,permissive,near-identical,0,0.0012878794,True,Roth09
TSB,permissive,near-identical,0,0.38579807,False,Roth09
TSB,permissive,near-identical,0,0.38579807,False,Roth09
TSB,permissive,near-identical,0,0.001416974,True,Roth09
TSB,permissive,near-identical,0,0.012155367,True,Roth09
TSB,permissive,near-identical,0,0.012155367,True,Roth09
TSB,permissive,near-identical,0,0.012155367,True,Roth09
TSB,permissive,near-identical,0,0.012155367,True,Roth09
TSB,permissive,near-identical,0,0.012155367,True,Roth09
TSB,permissive,near-identical,1,0.00064386264,True,Roth09
TSB,permissive,near-identical,0,0.005433639,True,Roth09
TSB,permissive,near-identical,1,0.005433639,True,Roth09
TSB,permissive,near-identical,0,0.00064386264,True,Roth09
TSB,permissive,near-identical,0,0.00952653,True,Roth09
TSB,permissive,near-identical,0,0.00952653,True,Roth09
TSB,permissive,near-identical,0,0.00952653,True,Roth09
TSB,permissive,near-identical,0,0.00952653,True,Roth09
TSB,permissive,near-identical,1,0.00952653,True,Roth09
TSB,permissive,near-identical,0,0.00952653,True,Roth09
TSB,permissive,near-identical,0,0.00952653,True,Roth09
TSB,permissive,near-identical,0,0.00952653,True,Roth09
TSB,permissive,near-identical,0,0.06315032,True,Roth93
TSB,permissive,near-identical,1,0.06315032,True,Roth93
TSB,permissive,near-identical,0,0.06315032,True,Roth93
TSB,permissive,near-identical,0,0.45658138,False,Roth93
TSB,permissive,near-identical,0,0.0010211311,True,Roth93
TSB,permissive,near-identical,1,0.0010892443,True,Roth93
TSB,permissive,near-identical,0,0.45658138,False,Roth93
TSB,permissive,near-identical,0,0.04382665,True,Roth93
TSB,permissive,near-identical,0,0.015659481,True,Roth93
TSB,permissive,near-identical,0,0.45658138,False,Roth93
TSB,permissive,near-identical,0,0.07530741,True,Roth93
TSB,permissive,near-identical,0,0.0009491511,True,Roth93
TSB,permissive,near-identical,0,0.009066344,True,Roth93
TSB,permissive,near-identical,0,0.009066344,True,Roth93
TSB,permissive,near-identical,0,0.00058893114,True,Roth93
TSB,permissive,near-identical,0,0.00058893114,True,Roth93
TSB,permissive,near-identical,1,0.0006599586,True,Roth93
TSB,permissive,near-identical,0,0.00058893114,True,Roth93
TSB,permissive,near-identical,0,0.45658138,False,Roth93
TSB,permissive,near-identical,0,0.45658138,False,Roth93
TSB,permissive,near-identical,0,0.0022015865,True,Roth93
TSB,permissive,near-identical,0,0.45658138,False,Roth93
TSB,permissive,near-identical,0,0.45658138,False,Roth93
TSB,permissive,near-identical,0,0.0022015865,True,Roth93
TSB,permissive,near-identical,0,0.0022015865,True,Roth93
TSB,permissive,near-identical,1,0.45658138,False,Roth93
TSB,permissive,near-identical,0,0.45658138,False,Roth93
TSB,permissive,near-identical,0,0.0017219532,True,Roth93
TSB,permissive,near-identical,1,0.07728752,True,Roth93
TSB,permissive,near-identical,0,0.05420676,True,Roth93
TSB,permissive,near-identical,1,0.021264207,True,Roth93
TSB,permissive,near-identical,0,0.006891129,True,Roth93
TSB,permissive,near-identical,0,0.45658138,False,Roth93
TSB,permissive,near-identical,0,0.45658138,False,Roth93
TSB,permissive,near-identical,0,0.45658138,False,Roth93
TSB,permissive,near-identical,0,0.009066344,True,Roth93
TSB,permissive,near-identical,0,0.0010211311,True,Roth93
TSB,permissive,near-identical,0,0.0010211311,True,Roth93
TSB,permissive,near-identical,0,0.0011946054,True,Roth93
TSB,permissive,near-identical,0,0.45658138,False,Roth93
TSB,permissive,near-identical,0,0.0008635703,True,Roth93
TSB,permissive,near-identical,1,0.012702072,True,Roth93
TSB,permissive,near-identical,0,0.012702072,True,Roth93
TSB,permissive,near-identical,0,0.015659481,True,Roth93
TSB,permissive,near-identical,0,0.009066344,True,Roth93
TSB,permissive,near-identical,0,0.00058893114,True,Roth93
TSB,permissive,near-identical,0,0.34634572,True,Roth93
TSB,permissive,near-identical,1,0.45658138,False,Roth93
TSB,permissive,near-identical,0,0.015659481,True,Roth93
TSB,permissive,near-identical,0,0.02429088,True,Roth93
TSB,permissive,near-identical,0,0.02429088,True,Roth93
TSB,permissive,near-identical,1,0.0034820358,True,Roth93
TSB,permissive,near-identical,0,0.0017219532,True,Roth93
TSB,permissive,near-identical,0,0.0017219532,True,Roth93
TSB,permissive,near-identical,0,0.45658138,False,Roth93
TSB,permissive,near-identical,1,0.45658138,False,Roth93
TSB,permissive,near-identical,0,0.001658092,True,Roth93
TSB,permissive,near-identical,0,0.011907996,True,Roth93
TSB,permissive,near-identical,0,0.011907996,True,Roth93
TSB,permissive,near-identical,0,0.011907996,True,Roth93
TSB,permissive,near-identical,0,0.011907996,True,Roth93
TSB,permissive,near-identical,0,0.011907996,True,Roth93
TSB,permissive,near-identical,1,0.0008048832,True,Roth93
TSB,permissive,near-identical,0,0.009066344,True,Roth93
TSB,permissive,near-identical,1,0.009066344,True,Roth93
TSB,permissive,near-identical,1,0.0008048832,True,Roth93
TSB,permissive,near-identical,0,0.012702072,True,Roth93
TSB,permissive,near-identical,0,0.012702072,True,Roth93
TSB,permissive,near-identical,0,0.012702072,True,Roth93
TSB,permissive,near-identical,0,0.012702072,True,Roth93
TSB,permissive,near-identical,1,0.012702072,True,Roth93
TSB,permissive,near-identical,0,0.012702072,True,Roth93
TSB,permissive,near-identical,0,0.012702072,True,Roth93
TSB,permissive,near-identical,0,0.012702072,True,Roth93
TSB,permissive,near-identical,0,0.034962643,True,Roth85
TSB,permissive,near-identical,0,0.034962643,True,Roth85
TSB,permissive,near-identical,0,0.034962643,True,Roth85
TSB,permissive,near-identical,0,0.45658138,False,Roth85
TSB,permissive,near-identical,0,0.0010211311,True,Roth85
TSB,permissive,near-identical,0,0.0010892443,True,Roth85
TSB,permissive,near-identical,0,0.45658138,False,Roth85
TSB,permissive,near-identical,0,0.06692262,True,Roth85
TSB,permissive,near-identical,0,0.06071237,True,Roth85
TSB,permissive,near-identical,0,0.45658138,False,Roth85
TSB,permissive,near-identical,0,0.07530741,True,Roth85
TSB,permissive,near-identical,0,0.0009491511,True,Roth85
TSB,permissive,near-identical,0,0.01676527,True,Roth85
TSB,permissive,near-identical,0,0.01676527,True,Roth85
TSB,permissive,near-identical,0,0.00058893114,True,Roth85
TSB,permissive,near-identical,0,0.00058893114,True,Roth85
TSB,permissive,near-identical,1,0.0006599586,True,Roth85
TSB,permissive,near-identical,0,0.00058893114,True,Roth85
TSB,permissive,near-identical,0,0.45658138,False,Roth85
TSB,permissive,near-identical,0,0.45658138,False,Roth85
TSB,permissive,near-identical,0,0.0022015865,True,Roth85
TSB,permissive,near-identical,0,0.45658138,False,Roth85
TSB,permissive,near-identical,0,0.45658138,False,Roth85
TSB,permissive,near-identical,0,0.0022015865,True,Roth85
TSB,permissive,near-identical,0,0.0022015865,True,Roth85
TSB,permissive,near-identical,1,0.45658138,False,Roth85
TSB,permissive,near-identical,0,0.45658138,False,Roth85
TSB,permissive,near-identical,0,0.0017219532,True,Roth85
TSB,permissive,near-identical,1,0.07728752,True,Roth85
TSB,permissive,near-identical,0,0.110469654,True,Roth85
TSB,permissive,near-identical,1,0.021264207,True,Roth85
TSB,permissive,near-identical,0,0.006891129,True,Roth85
TSB,permissive,near-identical,0,0.45658138,False,Roth85
TSB,permissive,near-identical,0,0.45658138,False,Roth85
TSB,permissive,near-identical,0,0.45658138,False,Roth85
TSB,permissive,near-identical,0,0.01676527,True,Roth85
TSB,permissive,near-identical,0,0.0010211311,True,Roth85
TSB,permissive,near-identical,0,0.0010211311,True,Roth85
TSB,permissive,near-identical,0,0.0011946054,True,Roth85
TSB,permissive,near-identical,0,0.45658138,False,Roth85
TSB,permissive,near-identical,0,0.0008635703,True,Roth85
TSB,permissive,near-identical,1,0.012702072,True,Roth85
TSB,permissive,near-identical,0,0.012702072,True,Roth85
TSB,permissive,near-identical,0,0.06071237,True,Roth85
TSB,permissive,near-identical,0,0.01676527,True,Roth85
TSB,permissive,near-identical,0,0.00058893114,True,Roth85
TSB,permissive,near-identical,0,0.00944984,True,Roth85
TSB,permissive,near-identical,0,0.45658138,False,Roth85
TSB,permissive,near-identical,0,0.06071237,True,Roth85
TSB,permissive,near-identical,0,0.02429088,True,Roth85
TSB,permissive,near-identical,0,0.02429088,True,Roth85
TSB,permissive,near-identical,1,0.0040069045,True,Roth85
TSB,permissive,near-identical,0,0.0017219532,True,Roth85
TSB,permissive,near-identical,0,0.0017219532,True,Roth85
TSB,permissive,near-identical,0,0.45658138,False,Roth85
TSB,permissive,near-identical,0,0.45658138,False,Roth85
TSB,permissive,near-identical,0,0.001658092,True,Roth85
TSB,permissive,near-identical,0,0.011907996,True,Roth85
TSB,permissive,near-identical,0,0.011907996,True,Roth85
TSB,permissive,near-identical,0,0.011907996,True,Roth85
TSB,permissive,near-identical,0,0.011907996,True,Roth85
TSB,permissive,near-identical,0,0.011907996,True,Roth85
TSB,permissive,near-identical,1,0.0008048832,True,Roth85
TSB,permissive,near-identical,0,0.01676527,True,Roth85
TSB,permissive,near-identical,1,0.01676527,True,Roth85
TSB,permissive,near-identical,0,0.0008048832,True,Roth85
TSB,permissive,near-identical,0,0.012702072,True,Roth85
TSB,permissive,near-identical,0,0.012702072,True,Roth85
TSB,permissive,near-identical,0,0.012702072,True,Roth85
TSB,permissive,near-identical,0,0.012702072,True,Roth85
TSB,permissive,near-identical,1,0.012702072,True,Roth85
TSB,permissive,near-identical,0,0.012702072,True,Roth85
TSB,permissive,near-identical,0,0.012702072,True,Roth85
TSB,permissive,near-identical,0,0.012702072,True,Roth85
TSB,permissive,near-identical,0,0.06315032,True,Roth61
TSB,permissive,near-identical,0,0.06315032,True,Roth61
TSB,permissive,near-identical,0,0.06315032,True,Roth61
TSB,permissive,near-identical,0,0.45658138,False,Roth61
TSB,permissive,near-identical,0,0.0010211311,True,Roth61
TSB,permissive,near-identical,0,0.0010892443,True,Roth61
TSB,permissive,near-identical,0,0.45658138,False,Roth61
TSB,permissive,near-identical,0,0.04382665,True,Roth61
TSB,permissive,near-identical,0,0.015659481,True,Roth61
TSB,permissive,near-identical,0,0.45658138,False,Roth61
TSB,permissive,near-identical,0,0.07530741,True,Roth61
TSB,permissive,near-identical,0,0.0009491511,True,Roth61
TSB,permissive,near-identical,0,0.009066344,True,Roth61
TSB,permissive,near-identical,0,0.009066344,True,Roth61
TSB,permissive,near-identical,0,0.00058893114,True,Roth61
TSB,permissive,near-identical,0,0.00058893114,True,Roth61
TSB,permissive,near-identical,1,0.0006599586,True,Roth61
TSB,permissive,near-identical,0,0.00058893114,True,Roth61
TSB,permissive,near-identical,0,0.45658138,False,Roth61
TSB,permissive,near-identical,0,0.45658138,False,Roth61
TSB,permissive,near-identical,0,0.0022015865,True,Roth61
TSB,permissive,near-identical,0,0.45658138,False,Roth61
TSB,permissive,near-identical,0,0.45658138,False,Roth61
TSB,permissive,near-identical,0,0.0022015865,True,Roth61
TSB,permissive,near-identical,0,0.0022015865,True,Roth61
TSB,permissive,near-identical,1,0.45658138,False,Roth61
TSB,permissive,near-identical,0,0.45658138,False,Roth61
TSB,permissive,near-identical,0,0.0017219532,True,Roth61
TSB,permissive,near-identical,1,0.07728752,True,Roth61
TSB,permissive,near-identical,0,0.05420676,True,Roth61
TSB,permissive,near-identical,1,0.021264207,True,Roth61
TSB,permissive,near-identical,0,0.006891129,True,Roth61
TSB,permissive,near-identical,0,0.45658138,False,Roth61
TSB,permissive,near-identical,0,0.45658138,False,Roth61
TSB,permissive,near-identical,0,0.45658138,False,Roth61
TSB,permissive,near-identical,0,0.009066344,True,Roth61
TSB,permissive,near-identical,0,0.0010211311,True,Roth61
TSB,permissive,near-identical,0,0.0010211311,True,Roth61
TSB,permissive,near-identical,0,0.0011946054,True,Roth61
TSB,permissive,near-identical,0,0.45658138,False,Roth61
TSB,permissive,near-identical,0,0.0008635703,True,Roth61
TSB,permissive,near-identical,1,0.012702072,True,Roth61
TSB,permissive,near-identical,0,0.012702072,True,Roth61
TSB,permissive,near-identical,0,0.015659481,True,Roth61
TSB,permissive,near-identical,0,0.009066344,True,Roth61
TSB,permissive,near-identical,0,0.00058893114,True,Roth61
TSB,permissive,near-identical,0,0.34634572,True,Roth61
TSB,permissive,near-identical,0,0.45658138,False,Roth61
TSB,permissive,near-identical,0,0.015659481,True,Roth61
TSB,permissive,near-identical,0,0.02429088,True,Roth61
TSB,permissive,near-identical,0,0.02429088,True,Roth61
TSB,permissive,near-identical,1,0.0034820358,True,Roth61
TSB,permissive,near-identical,0,0.0017219532,True,Roth61
TSB,permissive,near-identical,0,0.0017219532,True,Roth61
TSB,permissive,near-identical,0,0.45658138,False,Roth61
TSB,permissive,near-identical,0,0.45658138,False,Roth61
TSB,permissive,near-identical,0,0.001658092,True,Roth61
TSB,permissive,near-identical,0,0.011907996,True,Roth61
TSB,permissive,near-identical,0,0.011907996,True,Roth61
TSB,permissive,near-identical,0,0.011907996,True,Roth61
TSB,permissive,near-identical,0,0.011907996,True,Roth61
TSB,permissive,near-identical,0,0.011907996,True,Roth61
TSB,permissive,near-identical,0,0.0008048832,True,Roth61
TSB,permissive,near-identical,0,0.009066344,True,Roth61
TSB,permissive,near-identical,1,0.009066344,True,Roth61
TSB,permissive,near-identical,0,0.0008048832,True,Roth61
TSB,permissive,near-identical,0,0.012702072,True,Roth61
TSB,permissive,near-identical,0,0.012702072,True,Roth61
TSB,permissive,near-identical,0,0.012702072,True,Roth61
TSB,permissive,near-identical,0,0.012702072,True,Roth61
TSB,permissive,near-identical,1,0.012702072,True,Roth61
TSB,permissive,near-identical,0,0.012702072,True,Roth61
TSB,permissive,near-identical,0,0.012702072,True,Roth61
TSB,permissive,near-identical,0,0.012702072,True,Roth61
TSB,permissive,near-identical,0,0.034962643,True,Roth47
TSB,permissive,near-identical,0,0.034962643,True,Roth47
TSB,permissive,near-identical,0,0.034962643,True,Roth47
TSB,permissive,near-identical,0,0.45658138,False,Roth47
TSB,permissive,near-identical,0,0.0010211311,True,Roth47
TSB,permissive,near-identical,0,0.0010892443,True,Roth47
TSB,permissive,near-identical,0,0.45658138,False,Roth47
TSB,permissive,near-identical,0,0.04382665,True,Roth47
TSB,permissive,near-identical,0,0.015659481,True,Roth47
TSB,permissive,near-identical,0,0.45658138,False,Roth47
TSB,permissive,near-identical,0,0.07530741,True,Roth47
TSB,permissive,near-identical,0,0.0009491511,True,Roth47
TSB,permissive,near-identical,0,0.009066344,True,Roth47
TSB,permissive,near-identical,0,0.009066344,True,Roth47
TSB,permissive,near-identical,0,0.00058893114,True,Roth47
TSB,permissive,near-identical,0,0.00058893114,True,Roth47
TSB,permissive,near-identical,1,0.0006599586,True,Roth47
TSB,permissive,near-identical,0,0.00058893114,True,Roth47
TSB,permissive,near-identical,0,0.45658138,False,Roth47
TSB,permissive,near-identical,0,0.45658138,False,Roth47
TSB,permissive,near-identical,0,0.0022015865,True,Roth47
TSB,permissive,near-identical,0,0.45658138,False,Roth47
TSB,permissive,near-identical,0,0.45658138,False,Roth47
TSB,permissive,near-identical,0,0.0022015865,True,Roth47
TSB,permissive,near-identical,0,0.0022015865,True,Roth47
TSB,permissive,near-identical,1,0.45658138,False,Roth47
TSB,permissive,near-identical,0,0.45658138,False,Roth47
TSB,permissive,near-identical,0,0.0017219532,True,Roth47
TSB,permissive,near-identical,1,0.07728752,True,Roth47
TSB,permissive,near-identical,0,0.05420676,True,Roth47
TSB,permissive,near-identical,1,0.021264207,True,Roth47
TSB,permissive,near-identical,0,0.006891129,True,Roth47
TSB,permissive,near-identical,0,0.45658138,False,Roth47
TSB,permissive,near-identical,0,0.45658138,False,Roth47
TSB,permissive,near-identical,0,0.45658138,False,Roth47
TSB,permissive,near-identical,0,0.009066344,True,Roth47
TSB,permissive,near-identical,0,0.0010211311,True,Roth47
TSB,permissive,near-identical,0,0.0010211311,True,Roth47
TSB,permissive,near-identical,0,0.0011946054,True,Roth47
TSB,permissive,near-identical,0,0.45658138,False,Roth47
TSB,permissive,near-identical,0,0.0008635703,True,Roth47
TSB,permissive,near-identical,1,0.012702072,True,Roth47
TSB,permissive,near-identical,0,0.012702072,True,Roth47
TSB,permissive,near-identical,0,0.015659481,True,Roth47
TSB,permissive,near-identical,0,0.009066344,True,Roth47
TSB,permissive,near-identical,0,0.00058893114,True,Roth47
TSB,permissive,near-identical,0,0.00944984,True,Roth47
TSB,permissive,near-identical,0,0.45658138,False,Roth47
TSB,permissive,near-identical,0,0.015659481,True,Roth47
TSB,permissive,near-identical,0,0.02429088,True,Roth47
TSB,permissive,near-identical,0,0.02429088,True,Roth47
TSB,permissive,near-identical,1,0.0036224306,True,Roth47
TSB,permissive,near-identical,0,0.0017219532,True,Roth47
TSB,permissive,near-identical,0,0.0017219532,True,Roth47
TSB,permissive,near-identical,1,0.45658138,False,Roth47
TSB,permissive,near-identical,1,0.45658138,False,Roth47
TSB,permissive,near-identical,0,0.001658092,True,Roth47
TSB,permissive,near-identical,0,0.011907996,True,Roth47
TSB,permissive,near-identical,0,0.011907996,True,Roth47
TSB,permissive,near-identical,0,0.011907996,True,Roth47
TSB,permissive,near-identical,0,0.011907996,True,Roth47
TSB,permissive,near-identical,0,0.011907996,True,Roth47
TSB,permissive,near-identical,1,0.0008048832,True,Roth47
TSB,permissive,near-identical,0,0.009066344,True,Roth47
TSB,permissive,near-identical,1,0.009066344,True,Roth47
TSB,permissive,near-identical,0,0.0008048832,True,Roth47
TSB,permissive,near-identical,0,0.012702072,True,Roth47
TSB,permissive,near-identical,0,0.012702072,True,Roth47
TSB,permissive,near-identical,0,0.012702072,True,Roth47
TSB,permissive,near-identical,0,0.012702072,True,Roth47
TSB,permissive,near-identical,1,0.012702072,True,Roth47
TSB,permissive,near-identical,0,0.012702072,True,Roth47
TSB,permissive,near-identical,0,0.012702072,True,Roth47
TSB,permissive,near-identical,0,0.012702072,True,Roth47
TSB,permissive,near-identical,0,0.034962643,True,Roth96
TSB,permissive,near-identical,1,0.034962643,True,Roth96
TSB,permissive,near-identical,0,0.034962643,True,Roth96
TSB,permissive,near-identical,0,0.45658138,False,Roth96
TSB,permissive,near-identical,0,0.0010211311,True,Roth96
TSB,permissive,near-identical,1,0.0010892443,True,Roth96
TSB,permissive,near-identical,0,0.45658138,False,Roth96
TSB,permissive,near-identical,0,0.04382665,True,Roth96
TSB,permissive,near-identical,0,0.025918633,True,Roth96
TSB,permissive,near-identical,0,0.45658138,False,Roth96
TSB,permissive,near-identical,0,0.07530741,True,Roth96
TSB,permissive,near-identical,0,0.0009491511,True,Roth96
TSB,permissive,near-identical,0,0.009066344,True,Roth96
TSB,permissive,near-identical,1,0.009066344,True,Roth96
TSB,permissive,near-identical,0,0.00058893114,True,Roth96
TSB,permissive,near-identical,0,0.00058893114,True,Roth96
TSB,permissive,near-identical,1,0.0006599586,True,Roth96
TSB,permissive,near-identical,0,0.00058893114,True,Roth96
TSB,permissive,near-identical,0,0.45658138,False,Roth96
TSB,permissive,near-identical,0,0.45658138,False,Roth96
TSB,permissive,near-identical,0,0.0022015865,True,Roth96
TSB,permissive,near-identical,0,0.45658138,False,Roth96
TSB,permissive,near-identical,0,0.45658138,False,Roth96
TSB,permissive,near-identical,0,0.0022015865,True,Roth96
TSB,permissive,near-identical,0,0.0022015865,True,Roth96
TSB,permissive,near-identical,1,0.45658138,False,Roth96
TSB,permissive,near-identical,0,0.45658138,False,Roth96
TSB,permissive,near-identical,0,0.0017219532,True,Roth96
TSB,permissive,near-identical,1,0.07728752,True,Roth96
TSB,permissive,near-identical,0,0.05420676,True,Roth96
TSB,permissive,near-identical,1,0.021264207,True,Roth96
TSB,permissive,near-identical,0,0.006891129,True,Roth96
TSB,permissive,near-identical,0,0.45658138,False,Roth96
TSB,permissive,near-identical,0,0.45658138,False,Roth96
TSB,permissive,near-identical,0,0.45658138,False,Roth96
TSB,permissive,near-identical,0,0.009066344,True,Roth96
TSB,permissive,near-identical,0,0.0010211311,True,Roth96
TSB,permissive,near-identical,0,0.0010211311,True,Roth96
TSB,permissive,near-identical,0,0.0011946054,True,Roth96
TSB,permissive,near-identical,0,0.45658138,False,Roth96
TSB,permissive,near-identical,0,0.0008635703,True,Roth96
TSB,permissive,near-identical,1,0.012702072,True,Roth96
TSB,permissive,near-identical,0,0.012702072,True,Roth96
TSB,permissive,near-identical,0,0.025918633,True,Roth96
TSB,permissive,near-identical,0,0.009066344,True,Roth96
TSB,permissive,near-identical,0,0.00058893114,True,Roth96
TSB,permissive,near-identical,0,0.00944984,True,Roth96
TSB,permissive,near-identical,0,0.45658138,False,Roth96
TSB,permissive,near-identical,0,0.025918633,True,Roth96
TSB,permissive,near-identical,0,0.02429088,True,Roth96
TSB,permissive,near-identical,0,0.02429088,True,Roth96
TSB,permissive,near-identical,1,0.0058220625,True,Roth96
TSB,permissive,near-identical,0,0.0017219532,True,Roth96
TSB,permissive,near-identical,0,0.0017219532,True,Roth96
TSB,permissive,near-identical,0,0.45658138,False,Roth96
TSB,permissive,near-identical,1,0.45658138,False,Roth96
TSB,permissive,near-identical,0,0.001658092,True,Roth96
TSB,permissive,near-identical,0,0.011907996,True,Roth96
TSB,permissive,near-identical,0,0.011907996,True,Roth96
TSB,permissive,near-identical,0,0.011907996,True,Roth96
TSB,permissive,near-identical,0,0.011907996,True,Roth96
TSB,permissive,near-identical,0,0.011907996,True,Roth96
TSB,permissive,near-identical,1,0.0008048832,True,Roth96
TSB,permissive,near-identical,0,0.009066344,True,Roth96
TSB,permissive,near-identical,1,0.009066344,True,Roth96
TSB,permissive,near-identical,0,0.0008048832,True,Roth96
TSB,permissive,near-identical,0,0.012702072,True,Roth96
TSB,permissive,near-identical,0,0.012702072,True,Roth96
TSB,permissive,near-identical,0,0.012702072,True,Roth96
TSB,permissive,near-identical,0,0.012702072,True,Roth96
TSB,permissive,near-identical,1,0.012702072,True,Roth96
TSB,permissive,near-identical,0,0.012702072,True,Roth96
TSB,permissive,near-identical,0,0.012702072,True,Roth96
TSB,permissive,near-identical,0,0.012702072,True,Roth96
TSB,permissive,near-identical,0,0.034962643,True,Roth72
TSB,permissive,near-identical,0,0.034962643,True,Roth72
TSB,permissive,near-identical,0,0.034962643,True,Roth72
TSB,permissive,near-identical,0,0.45658138,False,Roth72
TSB,permissive,near-identical,0,0.0010211311,True,Roth72
TSB,permissive,near-identical,0,0.0010892443,True,Roth72
TSB,permissive,near-identical,0,0.45658138,False,Roth72
TSB,permissive,near-identical,0,0.04382665,True,Roth72
TSB,permissive,near-identical,0,0.025918633,True,Roth72
TSB,permissive,near-identical,0,0.45658138,False,Roth72
TSB,permissive,near-identical,0,0.07530741,True,Roth72
TSB,permissive,near-identical,0,0.0009491511,True,Roth72
TSB,permissive,near-identical,0,0.009066344,True,Roth72
TSB,permissive,near-identical,0,0.009066344,True,Roth72
TSB,permissive,near-identical,0,0.00058893114,True,Roth72
TSB,permissive,near-identical,0,0.00058893114,True,Roth72
TSB,permissive,near-identical,1,0.0006599586,True,Roth72
TSB,permissive,near-identical,0,0.00058893114,True,Roth72
TSB,permissive,near-identical,0,0.45658138,False,Roth72
TSB,permissive,near-identical,0,0.45658138,False,Roth72
TSB,permissive,near-identical,0,0.0022015865,True,Roth72
TSB,permissive,near-identical,0,0.45658138,False,Roth72
TSB,permissive,near-identical,0,0.45658138,False,Roth72
TSB,permissive,near-identical,0,0.0022015865,True,Roth72
TSB,permissive,near-identical,0,0.0022015865,True,Roth72
TSB,permissive,near-identical,1,0.45658138,False,Roth72
TSB,permissive,near-identical,0,0.45658138,False,Roth72
TSB,permissive,near-identical,0,0.0017219532,True,Roth72
TSB,permissive,near-identical,1,0.07728752,True,Roth72
TSB,permissive,near-identical,0,0.05420676,True,Roth72
TSB,permissive,near-identical,1,0.021264207,True,Roth72
TSB,permissive,near-identical,0,0.006891129,True,Roth72
TSB,permissive,near-identical,0,0.45658138,False,Roth72
TSB,permissive,near-identical,0,0.45658138,False,Roth72
TSB,permissive,near-identical,0,0.45658138,False,Roth72
TSB,permissive,near-identical,0,0.009066344,True,Roth72
TSB,permissive,near-identical,0,0.0010211311,True,Roth72
TSB,permissive,near-identical,0,0.0010211311,True,Roth72
TSB,permissive,near-identical,0,0.0011946054,True,Roth72
TSB,permissive,near-identical,0,0.45658138,False,Roth72
TSB,permissive,near-identical,0,0.0008635703,True,Roth72
TSB,permissive,near-identical,1,0.012702072,True,Roth72
TSB,permissive,near-identical,0,0.012702072,True,Roth72
TSB,permissive,near-identical,0,0.025918633,True,Roth72
TSB,permissive,near-identical,0,0.009066344,True,Roth72
TSB,permissive,near-identical,0,0.00058893114,True,Roth72
TSB,permissive,near-identical,0,0.00944984,True,Roth72
TSB,permissive,near-identical,0,0.45658138,False,Roth72
TSB,permissive,near-identical,0,0.025918633,True,Roth72
TSB,permissive,near-identical,0,0.02429088,True,Roth72
TSB,permissive,near-identical,0,0.02429088,True,Roth72
TSB,permissive,near-identical,1,0.0058220625,True,Roth72
TSB,permissive,near-identical,0,0.0017219532,True,Roth72
TSB,permissive,near-identical,0,0.0017219532,True,Roth72
TSB,permissive,near-identical,0,0.45658138,False,Roth72
TSB,permissive,near-identical,0,0.45658138,False,Roth72
TSB,permissive,near-identical,0,0.001658092,True,Roth72
TSB,permissive,near-identical,0,0.011907996,True,Roth72
TSB,permissive,near-identical,0,0.011907996,True,Roth72
TSB,permissive,near-identical,0,0.011907996,True,Roth72
TSB,permissive,near-identical,0,0.011907996,True,Roth72
TSB,permissive,near-identical,0,0.011907996,True,Roth72
TSB,permissive,near-identical,1,0.0008048832,True,Roth72
TSB,permissive,near-identical,0,0.009066344,True,Roth72
TSB,permissive,near-identical,1,0.009066344,True,Roth72
TSB,permissive,near-identical,0,0.0008048832,True,Roth72
TSB,permissive,near-identical,0,0.012702072,True,Roth72
TSB,permissive,near-identical,0,0.012702072,True,Roth72
TSB,permissive,near-identical,0,0.012702072,True,Roth72
TSB,permissive,near-identical,0,0.012702072,True,Roth72
TSB,permissive,near-identical,1,0.012702072,True,Roth72
TSB,permissive,near-identical,0,0.012702072,True,Roth72
TSB,permissive,near-identical,0,0.012702072,True,Roth72
TSB,permissive,near-identical,0,0.012702072,True,Roth72
TSB,permissive,novel,0,0.0010054255,True,RothD
TSB,permissive,novel,0,0.0010054255,True,RothD
TSB,permissive,novel,0,0.0010054255,True,RothD
TSB,permissive,novel,0,0.01227756,False,RothD
TSB,permissive,novel,1,8.037652e-05,True,RothD
TSB,permissive,novel,0,3.1206673e-05,True,RothD
TSB,permissive,novel,0,0.01227756,False,RothD
TSB,permissive,novel,0,0.0009141354,True,RothD
TSB,permissive,novel,0,0.0002996932,True,RothD
TSB,permissive,novel,0,0.01227756,False,RothD
TSB,permissive,novel,0,0.00066546793,True,RothD
TSB,permissive,novel,1,4.9398095e-05,True,RothD
TSB,permissive,novel,0,0.00057658536,True,RothD
TSB,permissive,novel,0,0.00057658536,True,RothD
TSB,permissive,novel,0,4.0681345e-05,True,RothD
TSB,permissive,novel,0,4.0681345e-05,True,RothD
TSB,permissive,novel,0,2.0530448e-05,True,RothD
TSB,permissive,novel,0,4.0681345e-05,True,RothD
TSB,permissive,novel,0,0.01227756,False,RothD
TSB,permissive,novel,0,0.01227756,False,RothD
TSB,permissive,novel,0,0.0001326915,True,RothD
TSB,permissive,novel,0,0.01227756,False,RothD
TSB,permissive,novel,0,0.01227756,False,RothD
TSB,permissive,novel,0,0.0001326915,True,RothD
TSB,permissive,novel,0,0.0001326915,True,RothD
TSB,permissive,novel,0,0.01227756,False,RothD
TSB,permissive,novel,0,0.01227756,False,RothD
TSB,permissive,novel,0,0.00018923216,True,RothD
TSB,permissive,novel,0,0.010227197,True,RothD
TSB,permissive,novel,0,0.014119121,True,RothD
TSB,permissive,novel,0,0.0010350932,True,RothD
TSB,permissive,novel,0,0.00018726815,True,RothD
TSB,permissive,novel,0,0.01227756,False,RothD
TSB,permissive,novel,0,0.01227756,False,RothD
TSB,permissive,novel,0,0.01227756,False,RothD
TSB,permissive,novel,0,0.00057658536,True,RothD
TSB,permissive,novel,0,8.037652e-05,True,RothD
TSB,permissive,novel,1,8.037652e-05,True,RothD
TSB,permissive,novel,0,3.28675e-05,True,RothD
TSB,permissive,novel,0,0.01227756,False,RothD
TSB,permissive,novel,0,3.247645e-05,True,RothD
TSB,permissive,novel,0,0.00025482778,True,RothD
TSB,permissive,novel,0,0.00025482778,True,RothD
TSB,permissive,novel,0,0.0002996932,True,RothD
TSB,permissive,novel,0,0.00057658536,True,RothD
TSB,permissive,novel,0,4.0681345e-05,True,RothD
TSB,permissive,novel,0,0.00050054287,True,RothD
TSB,permissive,novel,0,0.01227756,False,RothD
TSB,permissive,novel,0,0.0002996932,True,RothD
TSB,permissive,novel,0,0.00088611466,True,RothD
TSB,permissive,novel,0,0.00088611466,True,RothD
TSB,permissive,novel,0,0.0023878475,True,RothD
TSB,permissive,novel,0,0.00018923216,True,RothD
TSB,permissive,novel,0,0.00018923216,True,RothD
TSB,permissive,novel,0,0.01227756,False,RothD
TSB,permissive,novel,0,0.01227756,False,RothD
TSB,permissive,novel,0,9.331983e-05,True,RothD
TSB,permissive,novel,0,0.00020302723,True,RothD
TSB,permissive,novel,0,0.00020302723,True,RothD
TSB,permissive,novel,0,0.00020302723,True,RothD
TSB,permissive,novel,0,0.00020302723,True,RothD
TSB,permissive,novel,0,0.00020302723,True,RothD
TSB,permissive,novel,0,4.010402e-05,True,RothD
TSB,permissive,novel,0,0.00057658536,True,RothD
TSB,permissive,novel,0,0.00057658536,True,RothD
TSB,permissive,novel,0,4.010402e-05,True,RothD
TSB,permissive,novel,0,0.00025482778,True,RothD
TSB,permissive,novel,0,0.00025482778,True,RothD
TSB,permissive,novel,0,0.00025482778,True,RothD
TSB,permissive,novel,0,0.00025482778,True,RothD
TSB,permissive,novel,0,0.00025482778,True,RothD
TSB,permissive,novel,0,0.00025482778,True,RothD
TSB,permissive,novel,0,0.00025482778,True,RothD
TSB,permissive,novel,0,0.00025482778,True,RothD
TSB,permissive,novel,0,0.052626207,True,Roth32
TSB,permissive,novel,0,0.052626207,True,Roth32
TSB,permissive,novel,0,0.052626207,True,Roth32
TSB,permissive,novel,0,0.20002176,False,Roth32
TSB,permissive,novel,0,0.0010200352,True,Roth32
TSB,permissive,novel,0,0.000523154,True,Roth32
TSB,permissive,novel,0,0.20002176,False,Roth32
TSB,permissive,novel,0,0.0058071823,True,Roth32
TSB,permissive,novel,0,0.010172744,True,Roth32
TSB,permissive,novel,0,0.20002176,False,Roth32
TSB,permissive,novel,0,0.0107591115,True,Roth32
TSB,permissive,novel,0,0.00049764494,True,Roth32
TSB,permissive,novel,0,0.0067176097,True,Roth32
TSB,permissive,novel,0,0.0067176097,True,Roth32
TSB,permissive,novel,0,0.0006083267,True,Roth32
TSB,permissive,novel,0,0.0006083267,True,Roth32
TSB,permissive,novel,1,0.00032048643,True,Roth32
TSB,permissive,novel,0,0.0006083267,True,Roth32
TSB,permissive,novel,0,0.20002176,False,Roth32
TSB,permissive,novel,0,0.20002176,False,Roth32
TSB,permissive,novel,0,0.00261861,True,Roth32
TSB,permissive,novel,0,0.20002176,False,Roth32
TSB,permissive,novel,0,0.20002176,False,Roth32
TSB,permissive,novel,0,0.00261861,True,Roth32
TSB,permissive,novel,0,0.00261861,True,Roth32
TSB,permissive,novel,0,0.20002176,False,Roth32
TSB,permissive,novel,0,0.20002176,False,Roth32
TSB,permissive,novel,0,0.0019192183,True,Roth32
TSB,permissive,novel,0,0.0029589408,True,Roth32
TSB,permissive,novel,0,0.025944166,True,Roth32
TSB,permissive,novel,0,0.02856261,True,Roth32
TSB,permissive,novel,0,0.003362126,True,Roth32
TSB,permissive,novel,0,0.20002176,False,Roth32
TSB,permissive,novel,0,0.20002176,False,Roth32
TSB,permissive,novel,0,0.20002176,False,Roth32
TSB,permissive,novel,0,0.0067176097,True,Roth32
TSB,permissive,novel,0,0.0010200352,True,Roth32
TSB,permissive,novel,0,0.0010200352,True,Roth32
TSB,permissive,novel,0,0.00067609054,True,Roth32
TSB,permissive,novel,0,0.20002176,False,Roth32
TSB,permissive,novel,0,0.0004110789,True,Roth32
TSB,permissive,novel,0,0.0123888,True,Roth32
TSB,permissive,novel,0,0.0123888,True,Roth32
TSB,permissive,novel,0,0.010172744,True,Roth32
TSB,permissive,novel,0,0.0067176097,True,Roth32
TSB,permissive,novel,0,0.0006083267,True,Roth32
TSB,permissive,novel,0,0.0123527795,True,Roth32
TSB,permissive,novel,0,0.20002176,False,Roth32
TSB,permissive,novel,0,0.010172744,True,Roth32
TSB,permissive,novel,0,0.10697098,True,Roth32
TSB,permissive,novel,1,0.10697098,True,Roth32
TSB,permissive,novel,0,0.0004023832,True,Roth32
TSB,permissive,novel,0,0.0019192183,True,Roth32
TSB,permissive,novel,0,0.0019192183,True,Roth32
TSB,permissive,novel,0,0.20002176,False,Roth32
TSB,permissive,novel,0,0.20002176,False,Roth32
TSB,permissive,novel,0,0.002073863,True,Roth32
TSB,permissive,novel,0,0.005383942,True,Roth32
TSB,permissive,novel,0,0.005383942,True,Roth32
TSB,permissive,novel,0,0.005383942,True,Roth32
TSB,permissive,novel,0,0.005383942,True,Roth32
TSB,permissive,novel,0,0.005383942,True,Roth32
TSB,permissive,novel,0,0.0007571992,True,Roth32
TSB,permissive,novel,0,0.0067176097,True,Roth32
TSB,permissive,novel,0,0.0067176097,True,Roth32
TSB,permissive,novel,0,0.0007571992,True,Roth32
TSB,permissive,novel,0,0.0123888,True,Roth32
TSB,permissive,novel,0,0.0123888,True,Roth32
TSB,permissive,novel,0,0.0123888,True,Roth32
TSB,permissive,novel,0,0.0123888,True,Roth32
TSB,permissive,novel,0,0.0123888,True,Roth32
TSB,permissive,novel,0,0.0123888,True,Roth32
TSB,permissive,novel,0,0.0123888,True,Roth32
TSB,permissive,novel,0,0.0123888,True,Roth32
TSB,permissive,related,0,0.06909864,True,RothG
TSB,permissive,related,0,0.06909864,True,RothG
TSB,permissive,related,0,0.06909864,True,RothG
TSB,permissive,related,0,0.36133373,False,RothG
TSB,permissive,related,1,0.0037444422,True,RothG
TSB,permissive,related,0,0.0015940451,True,RothG
TSB,permissive,related,0,0.36133373,False,RothG
TSB,permissive,related,0,0.078829415,True,RothG
TSB,permissive,related,0,0.010625207,True,RothG
TSB,permissive,related,0,0.36133373,False,RothG
TSB,permissive,related,0,0.009977921,True,RothG
TSB,permissive,related,1,0.0010289958,True,RothG
TSB,permissive,related,0,0.06483084,True,RothG
TSB,permissive,related,0,0.06483084,True,RothG
TSB,permissive,related,0,0.0013533417,True,RothG
TSB,permissive,related,0,0.0013533417,True,RothG
TSB,permissive,related,0,0.0011480259,True,RothG
TSB,permissive,related,0,0.0013533417,True,RothG
TSB,permissive,related,0,0.36133373,False,RothG
TSB,permissive,related,0,0.36133373,False,RothG
TSB,permissive,related,0,0.005833121,True,RothG
TSB,permissive,related,0,0.36133373,False,RothG
TSB,permissive,related,0,0.36133373,False,RothG
TSB,permissive,related,0,0.005833121,True,RothG
TSB,permissive,related,0,0.005833121,True,RothG
TSB,permissive,related,0,0.36133373,False,RothG
TSB,permissive,related,0,0.36133373,False,RothG
TSB,permissive,related,0,0.0043322016,True,RothG
TSB,permissive,related,0,0.0019957866,True,RothG
TSB,permissive,related,0,0.025837315,True,RothG
TSB,permissive,related,0,0.3472311,True,RothG
TSB,permissive,related,0,0.0066781896,True,RothG
TSB,permissive,related,0,0.36133373,False,RothG
TSB,permissive,related,0,0.36133373,False,RothG
TSB,permissive,related,0,0.36133373,False,RothG
TSB,permissive,related,0,0.06483084,True,RothG
TSB,permissive,related,1,0.0037444422,True,RothG
TSB,permissive,related,1,0.0037444422,True,RothG
TSB,permissive,related,0,0.0011318674,True,RothG
TSB,permissive,related,0,0.36133373,False,RothG
TSB,permissive,related,1,0.0012059761,True,RothG
TSB,permissive,related,0,0.026914107,True,RothG
TSB,permissive,related,0,0.026914107,True,RothG
TSB,permissive,related,0,0.010625207,True,RothG
TSB,permissive,related,0,0.06483084,True,RothG
TSB,permissive,related,0,0.0013533417,True,RothG
TSB,permissive,related,0,0.030591713,True,RothG
TSB,permissive,related,0,0.36133373,False,RothG
TSB,permissive,related,0,0.010625207,True,RothG
TSB,permissive,related,0,0.017459532,True,RothG
TSB,permissive,related,0,0.017459532,True,RothG
TSB,permissive,related,0,0.35589752,True,RothG
TSB,permissive,related,0,0.0043322016,True,RothG
TSB,permissive,related,0,0.0043322016,True,RothG
TSB,permissive,related,0,0.36133373,False,RothG
TSB,permissive,related,0,0.36133373,False,RothG
TSB,permissive,related,0,0.004601248,True,RothG
TSB,permissive,related,0,0.0029630177,True,RothG
TSB,permissive,related,0,0.0029630177,True,RothG
TSB,permissive,related,0,0.0029630177,True,RothG
TSB,permissive,related,0,0.0029630177,True,RothG
TSB,permissive,related,0,0.0029630177,True,RothG
TSB,permissive,related,0,0.0018035414,True,RothG
TSB,permissive,related,0,0.06483084,True,RothG
TSB,permissive,related,0,0.06483084,True,RothG
TSB,permissive,related,0,0.0018035414,True,RothG
TSB,permissive,related,0,0.026914107,True,RothG
TSB,permissive,related,0,0.026914107,True,RothG
TSB,permissive,related,0,0.026914107,True,RothG
TSB,permissive,related,0,0.026914107,True,RothG
TSB,permissive,related,0,0.026914107,True,RothG
TSB,permissive,related,0,0.026914107,True,RothG
TSB,permissive,related,0,0.026914107,True,RothG
TSB,permissive,related,0,0.026914107,True,RothG
TSB,permissive,related,0,0.067762665,True,RothJ
TSB,permissive,related,0,0.067762665,True,RothJ
TSB,permissive,related,0,0.067762665,True,RothJ
TSB,permissive,related,0,0.3271599,False,RothJ
TSB,permissive,related,1,0.0032198033,True,RothJ
TSB,permissive,related,0,0.0013702876,True,RothJ
TSB,permissive,related,0,0.3271599,False,RothJ
TSB,permissive,related,0,0.038293656,True,RothJ
TSB,permissive,related,0,0.00914535,True,RothJ
TSB,permissive,related,0,0.3271599,False,RothJ
TSB,permissive,related,0,0.008587446,True,RothJ
TSB,permissive,related,1,0.0008844845,True,RothJ
TSB,permissive,related,0,0.037369456,True,RothJ
TSB,permissive,related,0,0.037369456,True,RothJ
TSB,permissive,related,0,0.001163332,True,RothJ
TSB,permissive,related,0,0.001163332,True,RothJ
TSB,permissive,related,0,0.0008565684,True,RothJ
TSB,permissive,related,0,0.001163332,True,RothJ
TSB,permissive,related,0,0.3271599,False,RothJ
TSB,permissive,related,0,0.3271599,False,RothJ
TSB,permissive,related,0,0.005017306,True,RothJ
TSB,permissive,related,0,0.3271599,False,RothJ
TSB,permissive,related,0,0.3271599,False,RothJ
TSB,permissive,related,0,0.005017306,True,RothJ
TSB,permissive,related,0,0.005017306,True,RothJ
TSB,permissive,related,0,0.3271599,False,RothJ
TSB,permissive,related,0,0.3271599,False,RothJ
TSB,permissive,related,0,0.0037255208,True,RothJ
TSB,permissive,related,0,0.0017157315,True,RothJ
TSB,permissive,related,0,0.028243285,True,RothJ
TSB,permissive,related,0,0.4862301,True,RothJ
TSB,permissive,related,0,0.0057448675,True,RothJ
TSB,permissive,related,0,0.3271599,False,RothJ
TSB,permissive,related,0,0.3271599,False,RothJ
TSB,permissive,related,0,0.3271599,False,RothJ
TSB,permissive,related,0,0.037369456,True,RothJ
TSB,permissive,related,1,0.0032198033,True,RothJ
TSB,permissive,related,1,0.0032198033,True,RothJ
TSB,permissive,related,0,0.00084450876,True,RothJ
TSB,permissive,related,0,0.3271599,False,RothJ
TSB,permissive,related,0,0.0010366357,True,RothJ
TSB,permissive,related,0,0.02321882,True,RothJ
TSB,permissive,related,0,0.02321882,True,RothJ
TSB,permissive,related,0,0.00914535,True,RothJ
TSB,permissive,related,0,0.037369456,True,RothJ
TSB,permissive,related,0,0.001163332,True,RothJ
TSB,permissive,related,0,0.02640518,True,RothJ
TSB,permissive,related,0,0.3271599,False,RothJ
TSB,permissive,related,0,0.00914535,True,RothJ
TSB,permissive,related,0,0.015042283,True,RothJ
TSB,permissive,related,0,0.015042283,True,RothJ
TSB,permissive,related,0,0.53966594,True,RothJ
TSB,permissive,related,0,0.0037255208,True,RothJ
TSB,permissive,related,0,0.0037255208,True,RothJ
TSB,permissive,related,0,0.3271599,False,RothJ
TSB,permissive,related,0,0.3271599,False,RothJ
TSB,permissive,related,0,0.00395704,True,RothJ
TSB,permissive,related,0,0.002547588,True,RothJ
TSB,permissive,related,0,0.002547588,True,RothJ
TSB,permissive,related,0,0.002547588,True,RothJ
TSB,permissive,related,0,0.002547588,True,RothJ
TSB,permissive,related,0,0.002547588,True,RothJ
TSB,permissive,related,0,0.0015504218,True,RothJ
TSB,permissive,related,0,0.037369456,True,RothJ
TSB,permissive,related,0,0.037369456,True,RothJ
TSB,permissive,related,0,0.0015504218,True,RothJ
TSB,permissive,related,0,0.02321882,True,RothJ
TSB,permissive,related,0,0.02321882,True,RothJ
TSB,permissive,related,0,0.02321882,True,RothJ
TSB,permissive,related,0,0.02321882,True,RothJ
TSB,permissive,related,0,0.02321882,True,RothJ
TSB,permissive,related,0,0.02321882,True,RothJ
TSB,permissive,related,0,0.02321882,True,RothJ
TSB,permissive,related,0,0.02321882,True,RothJ
TSB,permissive,related,0,0.084019035,True,RothI
TSB,permissive,related,0,0.084019035,True,RothI
TSB,permissive,related,0,0.084019035,True,RothI
TSB,permissive,related,0,0.38026232,False,RothI
TSB,permissive,related,0,0.0037984394,True,RothI
TSB,permissive,related,0,0.0017508175,True,RothI
TSB,permissive,related,0,0.38026232,False,RothI
TSB,permissive,related,0,0.062065396,True,RothI
TSB,permissive,related,0,0.011512988,True,RothI
TSB,permissive,related,0,0.38026232,False,RothI
TSB,permissive,related,0,0.010812235,True,RothI
TSB,permissive,related,1,0.0011158776,True,RothI
TSB,permissive,related,0,0.0699276,True,RothI
TSB,permissive,related,0,0.0699276,True,RothI
TSB,permissive,related,0,0.0014864772,True,RothI
TSB,permissive,related,0,0.0014864772,True,RothI
TSB,permissive,related,0,0.0012449446,True,RothI
TSB,permissive,related,0,0.0014864772,True,RothI
TSB,permissive,related,0,0.38026232,False,RothI
TSB,permissive,related,0,0.38026232,False,RothI
TSB,permissive,related,0,0.0064041275,True,RothI
TSB,permissive,related,0,0.38026232,False,RothI
TSB,permissive,related,0,0.38026232,False,RothI
TSB,permissive,related,0,0.0064041275,True,RothI
TSB,permissive,related,0,0.0064041275,True,RothI
TSB,permissive,related,0,0.38026232,False,RothI
TSB,permissive,related,0,0.38026232,False,RothI
TSB,permissive,related,0,0.004696678,True,RothI
TSB,permissive,related,0,0.002164121,True,RothI
TSB,permissive,related,0,0.035378657,True,RothI
TSB,permissive,related,0,0.5647564,True,RothI
TSB,permissive,related,0,0.0072385836,True,RothI
TSB,permissive,related,0,0.38026232,False,RothI
TSB,permissive,related,0,0.38026232,False,RothI
TSB,permissive,related,0,0.38026232,False,RothI
TSB,permissive,related,0,0.0699276,True,RothI
TSB,permissive,related,1,0.0037984394,True,RothI
TSB,permissive,related,0,0.0037984394,True,RothI
TSB,permissive,related,0,0.0012274244,True,RothI
TSB,permissive,related,0,0.38026232,False,RothI
TSB,permissive,related,0,0.0013077814,True,RothI
TSB,permissive,related,0,0.018170092,True,RothI
TSB,permissive,related,0,0.018170092,True,RothI
TSB,permissive,related,0,0.011512988,True,RothI
TSB,permissive,related,0,0.0699276,True,RothI
TSB,permissive,related,0,0.0014864772,True,RothI
TSB,permissive,related,0,0.03941174,True,RothI
TSB,permissive,related,0,0.38026232,False,RothI
TSB,permissive,related,0,0.011512988,True,RothI
TSB,permissive,related,0,0.011750097,True,RothI
TSB,permissive,related,0,0.011750097,True,RothI
TSB,permissive,related,0,0.58187765,True,RothI
TSB,permissive,related,0,0.004696678,True,RothI
TSB,permissive,related,0,0.004696678,True,RothI
TSB,permissive,related,0,0.38026232,False,RothI
TSB,permissive,related,0,0.38026232,False,RothI
TSB,permissive,related,0,0.0049882466,True,RothI
TSB,permissive,related,0,0.0035346835,True,RothI
TSB,permissive,related,0,0.0035346835,True,RothI
TSB,permissive,related,0,0.0035346835,True,RothI
TSB,permissive,related,0,0.0035346835,True,RothI
TSB,permissive,related,0,0.0035346835,True,RothI
TSB,permissive,related,0,0.0019808759,True,RothI
TSB,permissive,related,0,0.0699276,True,RothI
TSB,permissive,related,0,0.0699276,True,RothI
TSB,permissive,related,0,0.0019808759,True,RothI
TSB,permissive,related,0,0.018170092,True,RothI
TSB,permissive,related,0,0.018170092,True,RothI
TSB,permissive,related,0,0.018170092,True,RothI
TSB,permissive,related,0,0.018170092,True,RothI
TSB,permissive,related,0,0.018170092,True,RothI
TSB,permissive,related,0,0.018170092,True,RothI
TSB,permissive,related,0,0.018170092,True,RothI
TSB,permissive,related,0,0.018170092,True,RothI
TSB,permissive,novel,1,0.2291066,True,Roth88
TSB,permissive,novel,1,0.2291066,True,Roth88
TSB,permissive,novel,1,0.2291066,True,Roth88
TSB,permissive,novel,0,0.45841157,False,Roth88
TSB,permissive,novel,1,0.0016465558,True,Roth88
TSB,permissive,novel,1,0.00051433925,True,Roth88
TSB,permissive,novel,0,0.45841157,False,Roth88
TSB,permissive,novel,1,0.072110854,True,Roth88
TSB,permissive,novel,1,0.07831333,True,Roth88
TSB,permissive,novel,0,0.45841157,False,Roth88
TSB,permissive,novel,1,0.36229432,True,Roth88
TSB,permissive,novel,1,0.0008528632,True,Roth88
TSB,permissive,novel,0,0.043709822,True,Roth88
TSB,permissive,novel,1,0.043709822,True,Roth88
TSB,permissive,novel,0,0.00096163247,True,Roth88
TSB,permissive,novel,0,0.00096163247,True,Roth88
TSB,permissive,novel,1,0.00044536253,True,Roth88
TSB,permissive,novel,1,0.00096163247,True,Roth88
TSB,permissive,novel,0,0.45841157,False,Roth88
TSB,permissive,novel,1,0.45841157,False,Roth88
TSB,permissive,novel,0,0.004249051,True,Roth88
TSB,permissive,novel,0,0.45841157,False,Roth88
TSB,permissive,novel,0,0.45841157,False,Roth88
TSB,permissive,novel,1,0.004249051,True,Roth88
TSB,permissive,novel,0,0.004249051,True,Roth88
TSB,permissive,novel,1,0.45841157,False,Roth88
TSB,permissive,novel,0,0.45841157,False,Roth88
TSB,permissive,novel,0,0.0032117805,True,Roth88
TSB,permissive,novel,1,0.0051123127,True,Roth88
TSB,permissive,novel,1,0.36624837,True,Roth88
TSB,permissive,novel,1,0.06646945,True,Roth88
TSB,permissive,novel,0,0.0035601738,True,Roth88
TSB,permissive,novel,1,0.45841157,False,Roth88
TSB,permissive,novel,1,0.45841157,False,Roth88
TSB,permissive,novel,1,0.45841157,False,Roth88
TSB,permissive,novel,0,0.043709822,True,Roth88
TSB,permissive,novel,1,0.0016465558,True,Roth88
TSB,permissive,novel,1,0.0016465558,True,Roth88
TSB,permissive,novel,1,0.00078859046,True,Roth88
TSB,permissive,novel,0,0.45841157,False,Roth88
TSB,permissive,novel,0,0.0004349741,True,Roth88
TSB,permissive,novel,1,0.07842935,True,Roth88
TSB,permissive,novel,0,0.07842935,True,Roth88
TSB,permissive,novel,0,0.07831333,True,Roth88
TSB,permissive,novel,0,0.043709822,True,Roth88
TSB,permissive,novel,0,0.00096163247,True,Roth88
TSB,permissive,novel,0,0.7441557,True,Roth88
TSB,permissive,novel,1,0.45841157,False,Roth88
TSB,permissive,novel,0,0.07831333,True,Roth88
TSB,permissive,novel,0,0.0055883853,True,Roth88
TSB,permissive,novel,1,0.0055883853,True,Roth88
TSB,permissive,novel,1,0.12720983,True,Roth88
TSB,permissive,novel,0,0.0032117805,True,Roth88
TSB,permissive,novel,1,0.0032117805,True,Roth88
TSB,permissive,novel,1,0.45841157,False,Roth88
TSB,permissive,novel,1,0.45841157,False,Roth88
TSB,permissive,novel,1,0.004332839,True,Roth88
TSB,permissive,novel,0,0.00094154244,True,Roth88
TSB,permissive,novel,0,0.00094154244,True,Roth88
TSB,permissive,novel,0,0.00094154244,True,Roth88
TSB,permissive,novel,0,0.00094154244,True,Roth88
TSB,permissive,novel,0,0.00094154244,True,Roth88
TSB,permissive,novel,1,0.0012065041,True,Roth88
TSB,permissive,novel,0,0.043709822,True,Roth88
TSB,permissive,novel,1,0.043709822,True,Roth88
TSB,permissive,novel,1,0.0012065041,True,Roth88
TSB,permissive,novel,1,0.07842935,True,Roth88
TSB,permissive,novel,1,0.07842935,True,Roth88
TSB,permissive,novel,1,0.07842935,True,Roth88
TSB,permissive,novel,0,0.07842935,True,Roth88
TSB,permissive,novel,1,0.07842935,True,Roth88
TSB,permissive,novel,1,0.07842935,True,Roth88
TSB,permissive,novel,0,0.07842935,True,Roth88
TSB,permissive,novel,0,0.07842935,True,Roth88
TSB,permissive,novel,1,0.2291066,True,Roth27
TSB,permissive,novel,1,0.2291066,True,Roth27
TSB,permissive,novel,1,0.2291066,True,Roth27
TSB,permissive,novel,1,0.45841157,False,Roth27
TSB,permissive,novel,1,0.0016465558,True,Roth27
TSB,permissive,novel,1,0.00051433925,True,Roth27
TSB,permissive,novel,0,0.45841157,False,Roth27
TSB,permissive,novel,1,0.072110854,True,Roth27
TSB,permissive,novel,1,0.07831333,True,Roth27
TSB,permissive,novel,0,0.45841157,False,Roth27
TSB,permissive,novel,1,0.36229432,True,Roth27
TSB,permissive,novel,1,0.0008528632,True,Roth27
TSB,permissive,novel,0,0.043709822,True,Roth27
TSB,permissive,novel,1,0.043709822,True,Roth27
TSB,permissive,novel,0,0.00096163247,True,Roth27
TSB,permissive,novel,0,0.00096163247,True,Roth27
TSB,permissive,novel,1,0.00044536253,True,Roth27
TSB,permissive,novel,1,0.00096163247,True,Roth27
TSB,permissive,novel,0,0.45841157,False,Roth27
TSB,permissive,novel,1,0.45841157,False,Roth27
TSB,permissive,novel,0,0.004249051,True,Roth27
TSB,permissive,novel,0,0.45841157,False,Roth27
TSB,permissive,novel,0,0.45841157,False,Roth27
TSB,permissive,novel,1,0.004249051,True,Roth27
TSB,permissive,novel,0,0.004249051,True,Roth27
TSB,permissive,novel,1,0.45841157,False,Roth27
TSB,permissive,novel,0,0.45841157,False,Roth27
TSB,permissive,novel,0,0.0032117805,True,Roth27
TSB,permissive,novel,1,0.0051123127,True,Roth27
TSB,permissive,novel,1,0.36624837,True,Roth27
TSB,permissive,novel,1,0.06646945,True,Roth27
TSB,permissive,novel,0,0.0035601738,True,Roth27
TSB,permissive,novel,1,0.45841157,False,Roth27
TSB,permissive,novel,1,0.45841157,False,Roth27
TSB,permissive,novel,0,0.45841157,False,Roth27
TSB,permissive,novel,0,0.043709822,True,Roth27
TSB,permissive,novel,1,0.0016465558,True,Roth27
TSB,permissive,novel,1,0.0016465558,True,Roth27
TSB,permissive,novel,1,0.00078859046,True,Roth27
TSB,permissive,novel,0,0.45841157,False,Roth27
TSB,permissive,novel,0,0.0004349741,True,Roth27
TSB,permissive,novel,1,0.07842935,True,Roth27
TSB,permissive,novel,0,0.07842935,True,Roth27
TSB,permissive,novel,0,0.07831333,True,Roth27
TSB,permissive,novel,0,0.043709822,True,Roth27
TSB,permissive,novel,0,0.00096163247,True,Roth27
TSB,permissive,novel,1,0.7441557,True,Roth27
TSB,permissive,novel,1,0.45841157,False,Roth27
TSB,permissive,novel,0,0.07831333,True,Roth27
TSB,permissive,novel,0,0.0055883853,True,Roth27
TSB,permissive,novel,1,0.0055883853,True,Roth27
TSB,permissive,novel,1,0.12720983,True,Roth27
TSB,permissive,novel,0,0.0032117805,True,Roth27
TSB,permissive,novel,1,0.0032117805,True,Roth27
TSB,permissive,novel,1,0.45841157,False,Roth27
TSB,permissive,novel,1,0.45841157,False,Roth27
TSB,permissive,novel,1,0.004332839,True,Roth27
TSB,permissive,novel,0,0.00094154244,True,Roth27
TSB,permissive,novel,0,0.00094154244,True,Roth27
TSB,permissive,novel,0,0.00094154244,True,Roth27
TSB,permissive,novel,1,0.00094154244,True,Roth27
TSB,permissive,novel,0,0.00094154244,True,Roth27
TSB,permissive,novel,1,0.0012065041,True,Roth27
TSB,permissive,novel,0,0.043709822,True,Roth27
TSB,permissive,novel,1,0.043709822,True,Roth27
TSB,permissive,novel,1,0.0012065041,True,Roth27
TSB,permissive,novel,1,0.07842935,True,Roth27
TSB,permissive,novel,1,0.07842935,True,Roth27
TSB,permissive,novel,1,0.07842935,True,Roth27
TSB,permissive,novel,0,0.07842935,True,Roth27
TSB,permissive,novel,1,0.07842935,True,Roth27
TSB,permissive,novel,1,0.07842935,True,Roth27
TSB,permissive,novel,0,0.07842935,True,Roth27
TSB,permissive,novel,0,0.07842935,True,Roth27
TSB,permissive,novel,1,0.2291066,True,Roth22
TSB,permissive,novel,1,0.2291066,True,Roth22
TSB,permissive,novel,1,0.2291066,True,Roth22
TSB,permissive,novel,1,0.45841157,False,Roth22
TSB,permissive,novel,0,0.0016465558,True,Roth22
TSB,permissive,novel,1,0.00051433925,True,Roth22
TSB,permissive,novel,0,0.45841157,False,Roth22
TSB,permissive,novel,0,0.072110854,True,Roth22
TSB,permissive,novel,1,0.07831333,True,Roth22
TSB,permissive,novel,0,0.45841157,False,Roth22
TSB,permissive,novel,1,0.36229432,True,Roth22
TSB,permissive,novel,1,0.0008528632,True,Roth22
TSB,permissive,novel,0,0.043709822,True,Roth22
TSB,permissive,novel,1,0.043709822,True,Roth22
TSB,permissive,novel,0,0.00096163247,True,Roth22
TSB,permissive,novel,0,0.00096163247,True,Roth22
TSB,permissive,novel,1,0.00044536253,True,Roth22
TSB,permissive,novel,1,0.00096163247,True,Roth22
TSB,permissive,novel,0,0.45841157,False,Roth22
TSB,permissive,novel,1,0.45841157,False,Roth22
TSB,permissive,novel,0,0.004249051,True,Roth22
TSB,permissive,novel,0,0.45841157,False,Roth22
TSB,permissive,novel,0,0.45841157,False,Roth22
TSB,permissive,novel,1,0.004249051,True,Roth22
TSB,permissive,novel,0,0.004249051,True,Roth22
TSB,permissive,novel,1,0.45841157,False,Roth22
TSB,permissive,novel,0,0.45841157,False,Roth22
TSB,permissive,novel,0,0.0032117805,True,Roth22
TSB,permissive,novel,0,0.0051123127,True,Roth22
TSB,permissive,novel,1,0.36624837,True,Roth22
TSB,permissive,novel,1,0.06646945,True,Roth22
TSB,permissive,novel,0,0.0035601738,True,Roth22
TSB,permissive,novel,1,0.45841157,False,Roth22
TSB,permissive,novel,1,0.45841157,False,Roth22
TSB,permissive,novel,0,0.45841157,False,Roth22
TSB,permissive,novel,0,0.043709822,True,Roth22
TSB,permissive,novel,1,0.0016465558,True,Roth22
TSB,permissive,novel,1,0.0016465558,True,Roth22
TSB,permissive,novel,1,0.00078859046,True,Roth22
TSB,permissive,novel,0,0.45841157,False,Roth22
TSB,permissive,novel,0,0.0004349741,True,Roth22
TSB,permissive,novel,1,0.07842935,True,Roth22
TSB,permissive,novel,0,0.07842935,True,Roth22
TSB,permissive,novel,0,0.07831333,True,Roth22
TSB,permissive,novel,0,0.043709822,True,Roth22
TSB,permissive,novel,0,0.00096163247,True,Roth22
TSB,permissive,novel,1,0.7441557,True,Roth22
TSB,permissive,novel,1,0.45841157,False,Roth22
TSB,permissive,novel,0,0.07831333,True,Roth22
TSB,permissive,novel,0,0.0055883853,True,Roth22
TSB,permissive,novel,1,0.0055883853,True,Roth22
TSB,permissive,novel,1,0.12720983,True,Roth22
TSB,permissive,novel,0,0.0032117805,True,Roth22
TSB,permissive,novel,1,0.0032117805,True,Roth22
TSB,permissive,novel,1,0.45841157,False,Roth22
TSB,permissive,novel,1,0.45841157,False,Roth22
TSB,permissive,novel,1,0.004332839,True,Roth22
TSB,permissive,novel,0,0.00094154244,True,Roth22
TSB,permissive,novel,0,0.00094154244,True,Roth22
TSB,permissive,novel,0,0.00094154244,True,Roth22
TSB,permissive,novel,0,0.00094154244,True,Roth22
TSB,permissive,novel,0,0.00094154244,True,Roth22
TSB,permissive,novel,1,0.0012065041,True,Roth22
TSB,permissive,novel,0,0.043709822,True,Roth22
TSB,permissive,novel,1,0.043709822,True,Roth22
TSB,permissive,novel,1,0.0012065041,True,Roth22
TSB,permissive,novel,0,0.07842935,True,Roth22
TSB,permissive,novel,1,0.07842935,True,Roth22
TSB,permissive,novel,1,0.07842935,True,Roth22
TSB,permissive,novel,0,0.07842935,True,Roth22
TSB,permissive,novel,1,0.07842935,True,Roth22
TSB,permissive,novel,1,0.07842935,True,Roth22
TSB,permissive,novel,0,0.07842935,True,Roth22
TSB,permissive,novel,0,0.07842935,True,Roth22
TSB,permissive,novel,1,0.2291066,True,Roth90
TSB,permissive,novel,1,0.2291066,True,Roth90
TSB,permissive,novel,1,0.2291066,True,Roth90
TSB,permissive,novel,1,0.45841157,False,Roth90
TSB,permissive,novel,0,0.0016465558,True,Roth90
TSB,permissive,novel,1,0.00051433925,True,Roth90
TSB,permissive,novel,0,0.45841157,False,Roth90
TSB,permissive,novel,0,0.072110854,True,Roth90
TSB,permissive,novel,1,0.07831333,True,Roth90
TSB,permissive,novel,0,0.45841157,False,Roth90
TSB,permissive,novel,1,0.36229432,True,Roth90
TSB,permissive,novel,1,0.0008528632,True,Roth90
TSB,permissive,novel,0,0.043709822,True,Roth90
TSB,permissive,novel,1,0.043709822,True,Roth90
TSB,permissive,novel,0,0.00096163247,True,Roth90
TSB,permissive,novel,0,0.00096163247,True,Roth90
TSB,permissive,novel,1,0.00044536253,True,Roth90
TSB,permissive,novel,1,0.00096163247,True,Roth90
TSB,permissive,novel,0,0.45841157,False,Roth90
TSB,permissive,novel,1,0.45841157,False,Roth90
TSB,permissive,novel,0,0.004249051,True,Roth90
TSB,permissive,novel,0,0.45841157,False,Roth90
TSB,permissive,novel,0,0.45841157,False,Roth90
TSB,permissive,novel,0,0.004249051,True,Roth90
TSB,permissive,novel,0,0.004249051,True,Roth90
TSB,permissive,novel,0,0.45841157,False,Roth90
TSB,permissive,novel,0,0.45841157,False,Roth90
TSB,permissive,novel,0,0.0032117805,True,Roth90
TSB,permissive,novel,0,0.0051123127,True,Roth90
TSB,permissive,novel,1,0.36624837,True,Roth90
TSB,permissive,novel,1,0.06646945,True,Roth90
TSB,permissive,novel,0,0.0035601738,True,Roth90
TSB,permissive,novel,1,0.45841157,False,Roth90
TSB,permissive,novel,1,0.45841157,False,Roth90
TSB,permissive,novel,0,0.45841157,False,Roth90
TSB,permissive,novel,0,0.043709822,True,Roth90
TSB,permissive,novel,1,0.0016465558,True,Roth90
TSB,permissive,novel,0,0.0016465558,True,Roth90
TSB,permissive,novel,1,0.00078859046,True,Roth90
TSB,permissive,novel,0,0.45841157,False,Roth90
TSB,permissive,novel,0,0.0004349741,True,Roth90
TSB,permissive,novel,1,0.07842935,True,Roth90
TSB,permissive,novel,0,0.07842935,True,Roth90
TSB,permissive,novel,0,0.07831333,True,Roth90
TSB,permissive,novel,0,0.043709822,True,Roth90
TSB,permissive,novel,0,0.00096163247,True,Roth90
TSB,permissive,novel,0,0.7441557,True,Roth90
TSB,permissive,novel,0,0.45841157,False,Roth90
TSB,permissive,novel,0,0.07831333,True,Roth90
TSB,permissive,novel,0,0.0055883853,True,Roth90
TSB,permissive,novel,1,0.0055883853,True,Roth90
TSB,permissive,novel,1,0.12720983,True,Roth90
TSB,permissive,novel,0,0.0032117805,True,Roth90
TSB,permissive,novel,0,0.0032117805,True,Roth90
TSB,permissive,novel,1,0.45841157,False,Roth90
TSB,permissive,novel,1,0.45841157,False,Roth90
TSB,permissive,novel,1,0.004332839,True,Roth90
TSB,permissive,novel,0,0.00094154244,True,Roth90
TSB,permissive,novel,0,0.00094154244,True,Roth90
TSB,permissive,novel,0,0.00094154244,True,Roth90
TSB,permissive,novel,0,0.00094154244,True,Roth90
TSB,permissive,novel,0,0.00094154244,True,Roth90
TSB,permissive,novel,0,0.0012065041,True,Roth90
TSB,permissive,novel,0,0.043709822,True,Roth90
TSB,permissive,novel,1,0.043709822,True,Roth90
TSB,permissive,novel,1,0.0012065041,True,Roth90
TSB,permissive,novel,0,0.07842935,True,Roth90
TSB,permissive,novel,1,0.07842935,True,Roth90
TSB,permissive,novel,1,0.07842935,True,Roth90
TSB,permissive,novel,0,0.07842935,True,Roth90
TSB,permissive,novel,1,0.07842935,True,Roth90
TSB,permissive,novel,1,0.07842935,True,Roth90
TSB,permissive,novel,0,0.07842935,True,Roth90
TSB,permissive,novel,0,0.07842935,True,Roth90
TSB,permissive,novel,1,0.2291066,True,Roth26
TSB,permissive,novel,1,0.2291066,True,Roth26
TSB,permissive,novel,1,0.2291066,True,Roth26
TSB,permissive,novel,1,0.45841157,False,Roth26
TSB,permissive,novel,1,0.0016465558,True,Roth26
TSB,permissive,novel,1,0.00051433925,True,Roth26
TSB,permissive,novel,0,0.45841157,False,Roth26
TSB,permissive,novel,1,0.072110854,True,Roth26
TSB,permissive,novel,1,0.07831333,True,Roth26
TSB,permissive,novel,0,0.45841157,False,Roth26
TSB,permissive,novel,1,0.36229432,True,Roth26
TSB,permissive,novel,1,0.0008528632,True,Roth26
TSB,permissive,novel,0,0.043709822,True,Roth26
TSB,permissive,novel,1,0.043709822,True,Roth26
TSB,permissive,novel,0,0.00096163247,True,Roth26
TSB,permissive,novel,0,0.00096163247,True,Roth26
TSB,permissive,novel,1,0.00044536253,True,Roth26
TSB,permissive,novel,1,0.00096163247,True,Roth26
TSB,permissive,novel,0,0.45841157,False,Roth26
TSB,permissive,novel,1,0.45841157,False,Roth26
TSB,permissive,novel,0,0.004249051,True,Roth26
TSB,permissive,novel,0,0.45841157,False,Roth26
TSB,permissive,novel,0,0.45841157,False,Roth26
TSB,permissive,novel,1,0.004249051,True,Roth26
TSB,permissive,novel,0,0.004249051,True,Roth26
TSB,permissive,novel,1,0.45841157,False,Roth26
TSB,permissive,novel,0,0.45841157,False,Roth26
TSB,permissive,novel,0,0.0032117805,True,Roth26
TSB,permissive,novel,1,0.0051123127,True,Roth26
TSB,permissive,novel,1,0.36624837,True,Roth26
TSB,permissive,novel,1,0.06646945,True,Roth26
TSB,permissive,novel,0,0.0035601738,True,Roth26
TSB,permissive,novel,1,0.45841157,False,Roth26
TSB,permissive,novel,1,0.45841157,False,Roth26
TSB,permissive,novel,0,0.45841157,False,Roth26
TSB,permissive,novel,0,0.043709822,True,Roth26
TSB,permissive,novel,1,0.0016465558,True,Roth26
TSB,permissive,novel,1,0.0016465558,True,Roth26
TSB,permissive,novel,1,0.00078859046,True,Roth26
TSB,permissive,novel,0,0.45841157,False,Roth26
TSB,permissive,novel,0,0.0004349741,True,Roth26
TSB,permissive,novel,1,0.07842935,True,Roth26
TSB,permissive,novel,0,0.07842935,True,Roth26
TSB,permissive,novel,0,0.07831333,True,Roth26
TSB,permissive,novel,0,0.043709822,True,Roth26
TSB,permissive,novel,1,0.00096163247,True,Roth26
TSB,permissive,novel,1,0.7441557,True,Roth26
TSB,permissive,novel,1,0.45841157,False,Roth26
TSB,permissive,novel,0,0.07831333,True,Roth26
TSB,permissive,novel,0,0.0055883853,True,Roth26
TSB,permissive,novel,1,0.0055883853,True,Roth26
TSB,permissive,novel,1,0.12720983,True,Roth26
TSB,permissive,novel,0,0.0032117805,True,Roth26
TSB,permissive,novel,1,0.0032117805,True,Roth26
TSB,permissive,novel,1,0.45841157,False,Roth26
TSB,permissive,novel,1,0.45841157,False,Roth26
TSB,permissive,novel,1,0.004332839,True,Roth26
TSB,permissive,novel,0,0.00094154244,True,Roth26
TSB,permissive,novel,0,0.00094154244,True,Roth26
TSB,permissive,novel,0,0.00094154244,True,Roth26
TSB,permissive,novel,0,0.00094154244,True,Roth26
TSB,permissive,novel,0,0.00094154244,True,Roth26
TSB,permissive,novel,1,0.0012065041,True,Roth26
TSB,permissive,novel,0,0.043709822,True,Roth26
TSB,permissive,novel,1,0.043709822,True,Roth26
TSB,permissive,novel,1,0.0012065041,True,Roth26
TSB,permissive,novel,1,0.07842935,True,Roth26
TSB,permissive,novel,1,0.07842935,True,Roth26
TSB,permissive,novel,1,0.07842935,True,Roth26
TSB,permissive,novel,0,0.07842935,True,Roth26
TSB,permissive,novel,1,0.07842935,True,Roth26
TSB,permissive,novel,1,0.07842935,True,Roth26
TSB,permissive,novel,0,0.07842935,True,Roth26
TSB,permissive,novel,0,0.07842935,True,Roth26
TSB,permissive,novel,1,0.2291066,True,Roth41
TSB,permissive,novel,1,0.2291066,True,Roth41
TSB,permissive,novel,1,0.2291066,True,Roth41
TSB,permissive,novel,1,0.45841157,False,Roth41
TSB,permissive,novel,1,0.0016465558,True,Roth41
TSB,permissive,novel,0,0.00051433925,True,Roth41
TSB,permissive,novel,1,0.45841157,False,Roth41
TSB,permissive,novel,1,0.072110854,True,Roth41
TSB,permissive,novel,1,0.07831333,True,Roth41
TSB,permissive,novel,0,0.45841157,False,Roth41
TSB,permissive,novel,1,0.36229432,True,Roth41
TSB,permissive,novel,1,0.0008528632,True,Roth41
TSB,permissive,novel,0,0.043709822,True,Roth41
TSB,permissive,novel,1,0.043709822,True,Roth41
TSB,permissive,novel,0,0.00096163247,True,Roth41
TSB,permissive,novel,0,0.00096163247,True,Roth41
TSB,permissive,novel,1,0.00044536253,True,Roth41
TSB,permissive,novel,1,0.00096163247,True,Roth41
TSB,permissive,novel,0,0.45841157,False,Roth41
TSB,permissive,novel,1,0.45841157,False,Roth41
TSB,permissive,novel,0,0.004249051,True,Roth41
TSB,permissive,novel,0,0.45841157,False,Roth41
TSB,permissive,novel,0,0.45841157,False,Roth41
TSB,permissive,novel,1,0.004249051,True,Roth41
TSB,permissive,novel,0,0.004249051,True,Roth41
TSB,permissive,novel,1,0.45841157,False,Roth41
TSB,permissive,novel,0,0.45841157,False,Roth41
TSB,permissive,novel,0,0.0032117805,True,Roth41
TSB,permissive,novel,1,0.0051123127,True,Roth41
TSB,permissive,novel,1,0.36624837,True,Roth41
TSB,permissive,novel,1,0.06646945,True,Roth41
TSB,permissive,novel,0,0.0035601738,True,Roth41
TSB,permissive,novel,1,0.45841157,False,Roth41
TSB,permissive,novel,1,0.45841157,False,Roth41
TSB,permissive,novel,1,0.45841157,False,Roth41
TSB,permissive,novel,0,0.043709822,True,Roth41
TSB,permissive,novel,1,0.0016465558,True,Roth41
TSB,permissive,novel,1,0.0016465558,True,Roth41
TSB,permissive,novel,1,0.00078859046,True,Roth41
TSB,permissive,novel,0,0.45841157,False,Roth41
TSB,permissive,novel,0,0.0004349741,True,Roth41
TSB,permissive,novel,1,0.07842935,True,Roth41
TSB,permissive,novel,0,0.07842935,True,Roth41
TSB,permissive,novel,0,0.07831333,True,Roth41
TSB,permissive,novel,0,0.043709822,True,Roth41
TSB,permissive,novel,0,0.00096163247,True,Roth41
TSB,permissive,novel,1,0.7441557,True,Roth41
TSB,permissive,novel,1,0.45841157,False,Roth41
TSB,permissive,novel,0,0.07831333,True,Roth41
TSB,permissive,novel,0,0.0055883853,True,Roth41
TSB,permissive,novel,1,0.0055883853,True,Roth41
TSB,permissive,novel,1,0.12720983,True,Roth41
TSB,permissive,novel,0,0.0032117805,True,Roth41
TSB,permissive,novel,1,0.0032117805,True,Roth41
TSB,permissive,novel,1,0.45841157,False,Roth41
TSB,permissive,novel,1,0.45841157,False,Roth41
TSB,permissive,novel,1,0.004332839,True,Roth41
TSB,permissive,novel,0,0.00094154244,True,Roth41
TSB,permissive,novel,0,0.00094154244,True,Roth41
TSB,permissive,novel,1,0.00094154244,True,Roth41
TSB,permissive,novel,1,0.00094154244,True,Roth41
TSB,permissive,novel,0,0.00094154244,True,Roth41
TSB,permissive,novel,1,0.0012065041,True,Roth41
TSB,permissive,novel,0,0.043709822,True,Roth41
TSB,permissive,novel,1,0.043709822,True,Roth41
TSB,permissive,novel,1,0.0012065041,True,Roth41
TSB,permissive,novel,1,0.07842935,True,Roth41
TSB,permissive,novel,1,0.07842935,True,Roth41
TSB,permissive,novel,1,0.07842935,True,Roth41
TSB,permissive,novel,0,0.07842935,True,Roth41
TSB,permissive,novel,1,0.07842935,True,Roth41
TSB,permissive,novel,1,0.07842935,True,Roth41
TSB,permissive,novel,0,0.07842935,True,Roth41
TSB,permissive,novel,0,0.07842935,True,Roth41
TSB,permissive,novel,1,0.2291066,True,Roth23
TSB,permissive,novel,1,0.2291066,True,Roth23
TSB,permissive,novel,1,0.2291066,True,Roth23
TSB,permissive,novel,1,0.45841157,False,Roth23
TSB,permissive,novel,1,0.0016465558,True,Roth23
TSB,permissive,novel,1,0.00051433925,True,Roth23
TSB,permissive,novel,1,0.45841157,False,Roth23
TSB,permissive,novel,1,0.072110854,True,Roth23
TSB,permissive,novel,1,0.07831333,True,Roth23
TSB,permissive,novel,0,0.45841157,False,Roth23
TSB,permissive,novel,1,0.36229432,True,Roth23
TSB,permissive,novel,1,0.0008528632,True,Roth23
TSB,permissive,novel,0,0.043709822,True,Roth23
TSB,permissive,novel,1,0.043709822,True,Roth23
TSB,permissive,novel,0,0.00096163247,True,Roth23
TSB,permissive,novel,0,0.00096163247,True,Roth23
TSB,permissive,novel,1,0.00044536253,True,Roth23
TSB,permissive,novel,1,0.00096163247,True,Roth23
TSB,permissive,novel,0,0.45841157,False,Roth23
TSB,permissive,novel,1,0.45841157,False,Roth23
TSB,permissive,novel,0,0.004249051,True,Roth23
TSB,permissive,novel,0,0.45841157,False,Roth23
TSB,permissive,novel,0,0.45841157,False,Roth23
TSB,permissive,novel,1,0.004249051,True,Roth23
TSB,permissive,novel,0,0.004249051,True,Roth23
TSB,permissive,novel,1,0.45841157,False,Roth23
TSB,permissive,novel,0,0.45841157,False,Roth23
TSB,permissive,novel,0,0.0032117805,True,Roth23
TSB,permissive,novel,1,0.0051123127,True,Roth23
TSB,permissive,novel,1,0.36624837,True,Roth23
TSB,permissive,novel,1,0.06646945,True,Roth23
TSB,permissive,novel,0,0.0035601738,True,Roth23
TSB,permissive,novel,1,0.45841157,False,Roth23
TSB,permissive,novel,1,0.45841157,False,Roth23
TSB,permissive,novel,1,0.45841157,False,Roth23
TSB,permissive,novel,0,0.043709822,True,Roth23
TSB,permissive,novel,1,0.0016465558,True,Roth23
TSB,permissive,novel,1,0.0016465558,True,Roth23
TSB,permissive,novel,1,0.00078859046,True,Roth23
TSB,permissive,novel,0,0.45841157,False,Roth23
TSB,permissive,novel,0,0.0004349741,True,Roth23
TSB,permissive,novel,1,0.07842935,True,Roth23
TSB,permissive,novel,0,0.07842935,True,Roth23
TSB,permissive,novel,0,0.07831333,True,Roth23
TSB,permissive,novel,0,0.043709822,True,Roth23
TSB,permissive,novel,0,0.00096163247,True,Roth23
TSB,permissive,novel,0,0.7441557,True,Roth23
TSB,permissive,novel,1,0.45841157,False,Roth23
TSB,permissive,novel,0,0.07831333,True,Roth23
TSB,permissive,novel,0,0.0055883853,True,Roth23
TSB,permissive,novel,1,0.0055883853,True,Roth23
TSB,permissive,novel,1,0.12720983,True,Roth23
TSB,permissive,novel,0,0.0032117805,True,Roth23
TSB,permissive,novel,1,0.0032117805,True,Roth23
TSB,permissive,novel,1,0.45841157,False,Roth23
TSB,permissive,novel,1,0.45841157,False,Roth23
TSB,permissive,novel,1,0.004332839,True,Roth23
TSB,permissive,novel,0,0.00094154244,True,Roth23
TSB,permissive,novel,0,0.00094154244,True,Roth23
TSB,permissive,novel,0,0.00094154244,True,Roth23
TSB,permissive,novel,1,0.00094154244,True,Roth23
TSB,permissive,novel,0,0.00094154244,True,Roth23
TSB,permissive,novel,1,0.0012065041,True,Roth23
TSB,permissive,novel,0,0.043709822,True,Roth23
TSB,permissive,novel,1,0.043709822,True,Roth23
TSB,permissive,novel,1,0.0012065041,True,Roth23
TSB,permissive,novel,1,0.07842935,True,Roth23
TSB,permissive,novel,1,0.07842935,True,Roth23
TSB,permissive,novel,1,0.07842935,True,Roth23
TSB,permissive,novel,0,0.07842935,True,Roth23
TSB,permissive,novel,1,0.07842935,True,Roth23
TSB,permissive,novel,1,0.07842935,True,Roth23
TSB,permissive,novel,0,0.07842935,True,Roth23
TSB,permissive,novel,0,0.07842935,True,Roth23
TSB,permissive,novel,0,0.16797939,True,Roth19
TSB,permissive,novel,0,0.16797939,True,Roth19
TSB,permissive,novel,0,0.16797939,True,Roth19
TSB,permissive,novel,1,0.36642292,False,Roth19
TSB,permissive,novel,0,0.0017960108,True,Roth19
TSB,permissive,novel,0,0.00047482483,True,Roth19
TSB,permissive,novel,0,0.36642292,False,Roth19
TSB,permissive,novel,0,0.11605978,True,Roth19
TSB,permissive,novel,1,0.07081676,True,Roth19
TSB,permissive,novel,0,0.36642292,False,Roth19
TSB,permissive,novel,0,0.069815174,True,Roth19
TSB,permissive,novel,0,0.00053351687,True,Roth19
TSB,permissive,novel,0,0.028360134,True,Roth19
TSB,permissive,novel,0,0.028360134,True,Roth19
TSB,permissive,novel,0,0.0010756012,True,Roth19
TSB,permissive,novel,0,0.0010756012,True,Roth19
TSB,permissive,novel,0,0.0015965324,True,Roth19
TSB,permissive,novel,1,0.0010756012,True,Roth19
TSB,permissive,novel,0,0.36642292,False,Roth19
TSB,permissive,novel,0,0.36642292,False,Roth19
TSB,permissive,novel,0,0.0048010508,True,Roth19
TSB,permissive,novel,0,0.36642292,False,Roth19
TSB,permissive,novel,0,0.36642292,False,Roth19
TSB,permissive,novel,0,0.0048010508,True,Roth19
TSB,permissive,novel,0,0.0048010508,True,Roth19
TSB,permissive,novel,0,0.36642292,False,Roth19
TSB,permissive,novel,0,0.36642292,False,Roth19
TSB,permissive,novel,0,0.003376927,True,Roth19
TSB,permissive,novel,0,0.028211148,True,Roth19
TSB,permissive,novel,0,0.06767739,True,Roth19
TSB,permissive,novel,0,0.03609298,True,Roth19
TSB,permissive,novel,0,0.010363363,True,Roth19
TSB,permissive,novel,0,0.36642292,False,Roth19
TSB,permissive,novel,0,0.36642292,False,Roth19
TSB,permissive,novel,0,0.36642292,False,Roth19
TSB,permissive,novel,0,0.028360134,True,Roth19
TSB,permissive,novel,0,0.0017960108,True,Roth19
TSB,permissive,novel,0,0.0017960108,True,Roth19
TSB,permissive,novel,0,0.0015651964,True,Roth19
TSB,permissive,novel,0,0.36642292,False,Roth19
TSB,permissive,novel,0,0.0008405946,True,Roth19
TSB,permissive,novel,1,0.014740437,True,Roth19
TSB,permissive,novel,0,0.014740437,True,Roth19
TSB,permissive,novel,0,0.07081676,True,Roth19
TSB,permissive,novel,0,0.028360134,True,Roth19
TSB,permissive,novel,0,0.0010756012,True,Roth19
TSB,permissive,novel,0,0.017440949,True,Roth19
TSB,permissive,novel,0,0.36642292,False,Roth19
TSB,permissive,novel,0,0.07081676,True,Roth19
TSB,permissive,novel,0,0.032860223,True,Roth19
TSB,permissive,novel,0,0.032860223,True,Roth19
TSB,permissive,novel,1,0.16098498,True,Roth19
TSB,permissive,novel,0,0.003376927,True,Roth19
TSB,permissive,novel,0,0.003376927,True,Roth19
TSB,permissive,novel,0,0.36642292,False,Roth19
TSB,permissive,novel,0,0.36642292,False,Roth19
TSB,permissive,novel,0,0.0036485968,True,Roth19
TSB,permissive,novel,0,0.011788015,True,Roth19
TSB,permissive,novel,0,0.011788015,True,Roth19
TSB,permissive,novel,0,0.011788015,True,Roth19
TSB,permissive,novel,0,0.011788015,True,Roth19
TSB,permissive,novel,0,0.011788015,True,Roth19
TSB,permissive,novel,0,0.0013506757,True,Roth19
TSB,permissive,novel,0,0.028360134,True,Roth19
TSB,permissive,novel,0,0.028360134,True,Roth19
TSB,permissive,novel,0,0.0013506757,True,Roth19
TSB,permissive,novel,0,0.014740437,True,Roth19
TSB,permissive,novel,0,0.014740437,True,Roth19
TSB,permissive,novel,0,0.014740437,True,Roth19
TSB,permissive,novel,0,0.014740437,True,Roth19
TSB,permissive,novel,1,0.014740437,True,Roth19
TSB,permissive,novel,0,0.014740437,True,Roth19
TSB,permissive,novel,0,0.014740437,True,Roth19
TSB,permissive,novel,0,0.014740437,True,Roth19
TSB,permissive,novel,1,0.16797939,True,Roth20
TSB,permissive,novel,1,0.16797939,True,Roth20
TSB,permissive,novel,0,0.16797939,True,Roth20
TSB,permissive,novel,1,0.36642292,False,Roth20
TSB,permissive,novel,0,0.0017960108,True,Roth20
TSB,permissive,novel,0,0.00047482483,True,Roth20
TSB,permissive,novel,0,0.36642292,False,Roth20
TSB,permissive,novel,0,0.11605978,True,Roth20
TSB,permissive,novel,1,0.07081676,True,Roth20
TSB,permissive,novel,0,0.36642292,False,Roth20
TSB,permissive,novel,0,0.069815174,True,Roth20
TSB,permissive,novel,0,0.00053351687,True,Roth20
TSB,permissive,novel,0,0.028360134,True,Roth20
TSB,permissive,novel,0,0.028360134,True,Roth20
TSB,permissive,novel,0,0.0010756012,True,Roth20
TSB,permissive,novel,0,0.0010756012,True,Roth20
TSB,permissive,novel,1,0.0015965324,True,Roth20
TSB,permissive,novel,1,0.0010756012,True,Roth20
TSB,permissive,novel,0,0.36642292,False,Roth20
TSB,permissive,novel,0,0.36642292,False,Roth20
TSB,permissive,novel,0,0.0048010508,True,Roth20
TSB,permissive,novel,0,0.36642292,False,Roth20
TSB,permissive,novel,0,0.36642292,False,Roth20
TSB,permissive,novel,1,0.0048010508,True,Roth20
TSB,permissive,novel,0,0.0048010508,True,Roth20
TSB,permissive,novel,1,0.36642292,False,Roth20
TSB,permissive,novel,0,0.36642292,False,Roth20
TSB,permissive,novel,0,0.003376927,True,Roth20
TSB,permissive,novel,0,0.028211148,True,Roth20
TSB,permissive,novel,0,0.06767739,True,Roth20
TSB,permissive,novel,1,0.03609298,True,Roth20
TSB,permissive,novel,0,0.010363363,True,Roth20
TSB,permissive,novel,0,0.36642292,False,Roth20
TSB,permissive,novel,0,0.36642292,False,Roth20
TSB,permissive,novel,0,0.36642292,False,Roth20
TSB,permissive,novel,0,0.028360134,True,Roth20
TSB,permissive,novel,0,0.0017960108,True,Roth20
TSB,permissive,novel,0,0.0017960108,True,Roth20
TSB,permissive,novel,0,0.0015651964,True,Roth20
TSB,permissive,novel,0,0.36642292,False,Roth20
TSB,permissive,novel,0,0.0008405946,True,Roth20
TSB,permissive,novel,1,0.014740437,True,Roth20
TSB,permissive,novel,0,0.014740437,True,Roth20
TSB,permissive,novel,0,0.07081676,True,Roth20
TSB,permissive,novel,0,0.028360134,True,Roth20
TSB,permissive,novel,0,0.0010756012,True,Roth20
TSB,permissive,novel,0,0.017440949,True,Roth20
TSB,permissive,novel,0,0.36642292,False,Roth20
TSB,permissive,novel,1,0.07081676,True,Roth20
TSB,permissive,novel,0,0.032860223,True,Roth20
TSB,permissive,novel,0,0.032860223,True,Roth20
TSB,permissive,novel,1,0.16098498,True,Roth20
TSB,permissive,novel,0,0.003376927,True,Roth20
TSB,permissive,novel,0,0.003376927,True,Roth20
TSB,permissive,novel,0,0.36642292,False,Roth20
TSB,permissive,novel,0,0.36642292,False,Roth20
TSB,permissive,novel,0,0.0036485968,True,Roth20
TSB,permissive,novel,0,0.011788015,True,Roth20
TSB,permissive,novel,0,0.011788015,True,Roth20
TSB,permissive,novel,0,0.011788015,True,Roth20
TSB,permissive,novel,0,0.011788015,True,Roth20
TSB,permissive,novel,0,0.011788015,True,Roth20
TSB,permissive,novel,0,0.0013506757,True,Roth20
TSB,permissive,novel,0,0.028360134,True,Roth20
TSB,permissive,novel,0,0.028360134,True,Roth20
TSB,permissive,novel,1,0.0013506757,True,Roth20
TSB,permissive,novel,0,0.014740437,True,Roth20
TSB,permissive,novel,0,0.014740437,True,Roth20
TSB,permissive,novel,0,0.014740437,True,Roth20
TSB,permissive,novel,0,0.014740437,True,Roth20
TSB,permissive,novel,1,0.014740437,True,Roth20
TSB,permissive,novel,0,0.014740437,True,Roth20
TSB,permissive,novel,0,0.014740437,True,Roth20
TSB,permissive,novel,0,0.014740437,True,Roth20
TSB,permissive,novel,1,0.23346981,True,Roth04
TSB,permissive,novel,1,0.23346981,True,Roth04
TSB,permissive,novel,0,0.23346981,True,Roth04
TSB,permissive,novel,0,0.3260062,False,Roth04
TSB,permissive,novel,0,0.0009605158,True,Roth04
TSB,permissive,novel,0,0.0007677038,True,Roth04
TSB,permissive,novel,0,0.3260062,False,Roth04
TSB,permissive,novel,0,0.08956151,True,Roth04
TSB,permissive,novel,1,0.054016914,True,Roth04
TSB,permissive,novel,0,0.3260062,False,Roth04
TSB,permissive,novel,0,0.13786322,True,Roth04
TSB,permissive,novel,0,0.0006900198,True,Roth04
TSB,permissive,novel,0,0.39887217,True,Roth04
TSB,permissive,novel,1,0.39887217,True,Roth04
TSB,permissive,novel,0,0.000567723,True,Roth04
TSB,permissive,novel,0,0.000567723,True,Roth04
TSB,permissive,novel,1,0.0011966394,True,Roth04
TSB,permissive,novel,0,0.000567723,True,Roth04
TSB,permissive,novel,1,0.3260062,False,Roth04
TSB,permissive,novel,1,0.3260062,False,Roth04
TSB,permissive,novel,0,0.0025072442,True,Roth04
TSB,permissive,novel,0,0.3260062,False,Roth04
TSB,permissive,novel,0,0.3260062,False,Roth04
TSB,permissive,novel,1,0.0025072442,True,Roth04
TSB,permissive,novel,0,0.0025072442,True,Roth04
TSB,permissive,novel,1,0.3260062,False,Roth04
TSB,permissive,novel,0,0.3260062,False,Roth04
TSB,permissive,novel,0,0.0018073269,True,Roth04
TSB,permissive,novel,0,0.022341365,True,Roth04
TSB,permissive,novel,0,0.06928774,True,Roth04
TSB,permissive,novel,1,0.054096892,True,Roth04
TSB,permissive,novel,0,0.005242481,True,Roth04
TSB,permissive,novel,0,0.3260062,False,Roth04
TSB,permissive,novel,1,0.3260062,False,Roth04
TSB,permissive,novel,0,0.3260062,False,Roth04
TSB,permissive,novel,0,0.39887217,True,Roth04
TSB,permissive,novel,0,0.0009605158,True,Roth04
TSB,permissive,novel,0,0.0009605158,True,Roth04
TSB,permissive,novel,0,0.0011731426,True,Roth04
TSB,permissive,novel,0,0.3260062,False,Roth04
TSB,permissive,novel,0,0.0005656656,True,Roth04
TSB,permissive,novel,1,0.038453195,True,Roth04
TSB,permissive,novel,0,0.038453195,True,Roth04
TSB,permissive,novel,0,0.054016914,True,Roth04
TSB,permissive,novel,0,0.39887217,True,Roth04
TSB,permissive,novel,0,0.000567723,True,Roth04
TSB,permissive,novel,0,0.009396038,True,Roth04
TSB,permissive,novel,1,0.3260062,False,Roth04
TSB,permissive,novel,0,0.054016914,True,Roth04
TSB,permissive,novel,0,0.013618798,True,Roth04
TSB,permissive,novel,0,0.013618798,True,Roth04
TSB,permissive,novel,1,0.090294525,True,Roth04
TSB,permissive,novel,0,0.0018073269,True,Roth04
TSB,permissive,novel,0,0.0018073269,True,Roth04
TSB,permissive,novel,0,0.3260062,False,Roth04
TSB,permissive,novel,0,0.3260062,False,Roth04
TSB,permissive,novel,0,0.0019198696,True,Roth04
TSB,permissive,novel,0,0.013751831,True,Roth04
TSB,permissive,novel,0,0.013751831,True,Roth04
TSB,permissive,novel,0,0.013751831,True,Roth04
TSB,permissive,novel,0,0.013751831,True,Roth04
TSB,permissive,novel,0,0.013751831,True,Roth04
TSB,permissive,novel,0,0.0007130053,True,Roth04
TSB,permissive,novel,0,0.39887217,True,Roth04
TSB,permissive,novel,1,0.39887217,True,Roth04
TSB,permissive,novel,0,0.0007130053,True,Roth04
TSB,permissive,novel,0,0.038453195,True,Roth04
TSB,permissive,novel,1,0.038453195,True,Roth04
TSB,permissive,novel,0,0.038453195,True,Roth04
TSB,permissive,novel,0,0.038453195,True,Roth04
TSB,permissive,novel,1,0.038453195,True,Roth04
TSB,permissive,novel,0,0.038453195,True,Roth04
TSB,permissive,novel,0,0.038453195,True,Roth04
TSB,permissive,novel,0,0.038453195,True,Roth04
TSB,permissive,novel,1,0.23346981,True,Roth78
TSB,permissive,novel,1,0.23346981,True,Roth78
TSB,permissive,novel,0,0.23346981,True,Roth78
TSB,permissive,novel,0,0.3260062,False,Roth78
TSB,permissive,novel,0,0.0009605158,True,Roth78
TSB,permissive,novel,0,0.0007677038,True,Roth78
TSB,permissive,novel,0,0.3260062,False,Roth78
TSB,permissive,novel,0,0.08956151,True,Roth78
TSB,permissive,novel,1,0.054016914,True,Roth78
TSB,permissive,novel,0,0.3260062,False,Roth78
TSB,permissive,novel,0,0.13786322,True,Roth78
TSB,permissive,novel,0,0.0006900198,True,Roth78
TSB,permissive,novel,0,0.39887217,True,Roth78
TSB,permissive,novel,1,0.39887217,True,Roth78
TSB,permissive,novel,0,0.000567723,True,Roth78
TSB,permissive,novel,0,0.000567723,True,Roth78
TSB,permissive,novel,1,0.0011966394,True,Roth78
TSB,permissive,novel,0,0.000567723,True,Roth78
TSB,permissive,novel,1,0.3260062,False,Roth78
TSB,permissive,novel,1,0.3260062,False,Roth78
TSB,permissive,novel,0,0.0025072442,True,Roth78
TSB,permissive,novel,1,0.3260062,False,Roth78
TSB,permissive,novel,0,0.3260062,False,Roth78
TSB,permissive,novel,1,0.0025072442,True,Roth78
TSB,permissive,novel,0,0.0025072442,True,Roth78
TSB,permissive,novel,1,0.3260062,False,Roth78
TSB,permissive,novel,0,0.3260062,False,Roth78
TSB,permissive,novel,0,0.0018073269,True,Roth78
TSB,permissive,novel,0,0.022341365,True,Roth78
TSB,permissive,novel,0,0.06928774,True,Roth78
TSB,permissive,novel,1,0.04934352,True,Roth78
TSB,permissive,novel,0,0.005242481,True,Roth78
TSB,permissive,novel,1,0.3260062,False,Roth78
TSB,permissive,novel,0,0.3260062,False,Roth78
TSB,permissive,novel,0,0.3260062,False,Roth78
TSB,permissive,novel,0,0.39887217,True,Roth78
TSB,permissive,novel,0,0.0009605158,True,Roth78
TSB,permissive,novel,0,0.0009605158,True,Roth78
TSB,permissive,novel,0,0.0011731426,True,Roth78
TSB,permissive,novel,0,0.3260062,False,Roth78
TSB,permissive,novel,0,0.0005656656,True,Roth78
TSB,permissive,novel,1,0.038453195,True,Roth78
TSB,permissive,novel,0,0.038453195,True,Roth78
TSB,permissive,novel,0,0.054016914,True,Roth78
TSB,permissive,novel,0,0.39887217,True,Roth78
TSB,permissive,novel,0,0.000567723,True,Roth78
TSB,permissive,novel,0,0.009396038,True,Roth78
TSB,permissive,novel,0,0.3260062,False,Roth78
TSB,permissive,novel,1,0.054016914,True,Roth78
TSB,permissive,novel,0,0.013618798,True,Roth78
TSB,permissive,novel,0,0.013618798,True,Roth78
TSB,permissive,novel,1,0.090294525,True,Roth78
TSB,permissive,novel,0,0.0018073269,True,Roth78
TSB,permissive,novel,0,0.0018073269,True,Roth78
TSB,permissive,novel,0,0.3260062,False,Roth78
TSB,permissive,novel,1,0.3260062,False,Roth78
TSB,permissive,novel,0,0.0019198696,True,Roth78
TSB,permissive,novel,1,0.013751831,True,Roth78
TSB,permissive,novel,0,0.013751831,True,Roth78
TSB,permissive,novel,0,0.013751831,True,Roth78
TSB,permissive,novel,1,0.013751831,True,Roth78
TSB,permissive,novel,0,0.013751831,True,Roth78
TSB,permissive,novel,0,0.0007130053,True,Roth78
TSB,permissive,novel,0,0.39887217,True,Roth78
TSB,permissive,novel,1,0.39887217,True,Roth78
TSB,permissive,novel,1,0.0007130053,True,Roth78
TSB,permissive,novel,1,0.038453195,True,Roth78
TSB,permissive,novel,1,0.038453195,True,Roth78
TSB,permissive,novel,0,0.038453195,True,Roth78
TSB,permissive,novel,0,0.038453195,True,Roth78
TSB,permissive,novel,1,0.038453195,True,Roth78
TSB,permissive,novel,0,0.038453195,True,Roth78
TSB,permissive,novel,0,0.038453195,True,Roth78
TSB,permissive,novel,0,0.038453195,True,Roth78
TSB,permissive,novel,1,0.23346981,True,Roth67
TSB,permissive,novel,1,0.23346981,True,Roth67
TSB,permissive,novel,0,0.23346981,True,Roth67
TSB,permissive,novel,0,0.3260062,False,Roth67
TSB,permissive,novel,0,0.0009605158,True,Roth67
TSB,permissive,novel,0,0.0007677038,True,Roth67
TSB,permissive,novel,0,0.3260062,False,Roth67
TSB,permissive,novel,0,0.08956151,True,Roth67
TSB,permissive,novel,0,0.054016914,True,Roth67
TSB,permissive,novel,0,0.3260062,False,Roth67
TSB,permissive,novel,0,0.13786322,True,Roth67
TSB,permissive,novel,0,0.0006900198,True,Roth67
TSB,permissive,novel,0,0.39887217,True,Roth67
TSB,permissive,novel,1,0.39887217,True,Roth67
TSB,permissive,novel,0,0.000567723,True,Roth67
TSB,permissive,novel,0,0.000567723,True,Roth67
TSB,permissive,novel,1,0.0011966394,True,Roth67
TSB,permissive,novel,0,0.000567723,True,Roth67
TSB,permissive,novel,1,0.3260062,False,Roth67
TSB,permissive,novel,1,0.3260062,False,Roth67
TSB,permissive,novel,0,0.0025072442,True,Roth67
TSB,permissive,novel,0,0.3260062,False,Roth67
TSB,permissive,novel,0,0.3260062,False,Roth67
TSB,permissive,novel,1,0.0025072442,True,Roth67
TSB,permissive,novel,0,0.0025072442,True,Roth67
TSB,permissive,novel,1,0.3260062,False,Roth67
TSB,permissive,novel,0,0.3260062,False,Roth67
TSB,permissive,novel,0,0.0018073269,True,Roth67
TSB,permissive,novel,0,0.022341365,True,Roth67
TSB,permissive,novel,0,0.06928774,True,Roth67
TSB,permissive,novel,1,0.054096892,True,Roth67
TSB,permissive,novel,0,0.005242481,True,Roth67
TSB,permissive,novel,1,0.3260062,False,Roth67
TSB,permissive,novel,0,0.3260062,False,Roth67
TSB,permissive,novel,0,0.3260062,False,Roth67
TSB,permissive,novel,0,0.39887217,True,Roth67
TSB,permissive,novel,0,0.0009605158,True,Roth67
TSB,permissive,novel,0,0.0009605158,True,Roth67
TSB,permissive,novel,0,0.0011731426,True,Roth67
TSB,permissive,novel,0,0.3260062,False,Roth67
TSB,permissive,novel,0,0.0005656656,True,Roth67
TSB,permissive,novel,1,0.038453195,True,Roth67
TSB,permissive,novel,0,0.038453195,True,Roth67
TSB,permissive,novel,0,0.054016914,True,Roth67
TSB,permissive,novel,0,0.39887217,True,Roth67
TSB,permissive,novel,0,0.000567723,True,Roth67
TSB,permissive,novel,0,0.009396038,True,Roth67
TSB,permissive,novel,0,0.3260062,False,Roth67
TSB,permissive,novel,1,0.054016914,True,Roth67
TSB,permissive,novel,0,0.013618798,True,Roth67
TSB,permissive,novel,0,0.013618798,True,Roth67
TSB,permissive,novel,1,0.090294525,True,Roth67
TSB,permissive,novel,0,0.0018073269,True,Roth67
TSB,permissive,novel,0,0.0018073269,True,Roth67
TSB,permissive,novel,1,0.3260062,False,Roth67
TSB,permissive,novel,1,0.3260062,False,Roth67
TSB,permissive,novel,0,0.0019198696,True,Roth67
TSB,permissive,novel,0,0.013751831,True,Roth67
TSB,permissive,novel,0,0.013751831,True,Roth67
TSB,permissive,novel,0,0.013751831,True,Roth67
TSB,permissive,novel,1,0.013751831,True,Roth67
TSB,permissive,novel,0,0.013751831,True,Roth67
TSB,permissive,novel,1,0.0007130053,True,Roth67
TSB,permissive,novel,0,0.39887217,True,Roth67
TSB,permissive,novel,0,0.39887217,True,Roth67
TSB,permissive,novel,1,0.0007130053,True,Roth67
TSB,permissive,novel,0,0.038453195,True,Roth67
TSB,permissive,novel,1,0.038453195,True,Roth67
TSB,permissive,novel,0,0.038453195,True,Roth67
TSB,permissive,novel,0,0.038453195,True,Roth67
TSB,permissive,novel,1,0.038453195,True,Roth67
TSB,permissive,novel,0,0.038453195,True,Roth67
TSB,permissive,novel,0,0.038453195,True,Roth67
TSB,permissive,novel,0,0.038453195,True,Roth67
TSB,permissive,novel,1,0.23346981,True,Roth77
TSB,permissive,novel,1,0.23346981,True,Roth77
TSB,permissive,novel,0,0.23346981,True,Roth77
TSB,permissive,novel,0,0.3260062,False,Roth77
TSB,permissive,novel,0,0.0009605158,True,Roth77
TSB,permissive,novel,0,0.0007677038,True,Roth77
TSB,permissive,novel,0,0.3260062,False,Roth77
TSB,permissive,novel,0,0.08956151,True,Roth77
TSB,permissive,novel,1,0.054016914,True,Roth77
TSB,permissive,novel,0,0.3260062,False,Roth77
TSB,permissive,novel,0,0.13786322,True,Roth77
TSB,permissive,novel,0,0.0006900198,True,Roth77
TSB,permissive,novel,0,0.39887217,True,Roth77
TSB,permissive,novel,1,0.39887217,True,Roth77
TSB,permissive,novel,0,0.000567723,True,Roth77
TSB,permissive,novel,0,0.000567723,True,Roth77
TSB,permissive,novel,1,0.0011966394,True,Roth77
TSB,permissive,novel,0,0.000567723,True,Roth77
TSB,permissive,novel,0,0.3260062,False,Roth77
TSB,permissive,novel,1,0.3260062,False,Roth77
TSB,permissive,novel,0,0.0025072442,True,Roth77
TSB,permissive,novel,1,0.3260062,False,Roth77
TSB,permissive,novel,0,0.3260062,False,Roth77
TSB,permissive,novel,1,0.0025072442,True,Roth77
TSB,permissive,novel,0,0.0025072442,True,Roth77
TSB,permissive,novel,1,0.3260062,False,Roth77
TSB,permissive,novel,0,0.3260062,False,Roth77
TSB,permissive,novel,0,0.0018073269,True,Roth77
TSB,permissive,novel,0,0.022341365,True,Roth77
TSB,permissive,novel,0,0.06928774,True,Roth77
TSB,permissive,novel,1,0.054096892,True,Roth77
TSB,permissive,novel,0,0.005242481,True,Roth77
TSB,permissive,novel,1,0.3260062,False,Roth77
TSB,permissive,novel,0,0.3260062,False,Roth77
TSB,permissive,novel,0,0.3260062,False,Roth77
TSB,permissive,novel,0,0.39887217,True,Roth77
TSB,permissive,novel,0,0.0009605158,True,Roth77
TSB,permissive,novel,0,0.0009605158,True,Roth77
TSB,permissive,novel,0,0.0011731426,True,Roth77
TSB,permissive,novel,0,0.3260062,False,Roth77
TSB,permissive,novel,0,0.0005656656,True,Roth77
TSB,permissive,novel,1,0.038453195,True,Roth77
TSB,permissive,novel,0,0.038453195,True,Roth77
TSB,permissive,novel,0,0.054016914,True,Roth77
TSB,permissive,novel,0,0.39887217,True,Roth77
TSB,permissive,novel,0,0.000567723,True,Roth77
TSB,permissive,novel,0,0.009396038,True,Roth77
TSB,permissive,novel,0,0.3260062,False,Roth77
TSB,permissive,novel,1,0.054016914,True,Roth77
TSB,permissive,novel,0,0.013618798,True,Roth77
TSB,permissive,novel,0,0.013618798,True,Roth77
TSB,permissive,novel,1,0.090294525,True,Roth77
TSB,permissive,novel,0,0.0018073269,True,Roth77
TSB,permissive,novel,0,0.0018073269,True,Roth77
TSB,permissive,novel,0,0.3260062,False,Roth77
TSB,permissive,novel,0,0.3260062,False,Roth77
TSB,permissive,novel,0,0.0019198696,True,Roth77
TSB,permissive,novel,0,0.013751831,True,Roth77
TSB,permissive,novel,0,0.013751831,True,Roth77
TSB,permissive,novel,0,0.013751831,True,Roth77
TSB,permissive,novel,1,0.013751831,True,Roth77
TSB,permissive,novel,0,0.013751831,True,Roth77
TSB,permissive,novel,1,0.0007130053,True,Roth77
TSB,permissive,novel,0,0.39887217,True,Roth77
TSB,permissive,novel,0,0.39887217,True,Roth77
TSB,permissive,novel,0,0.0007130053,True,Roth77
TSB,permissive,novel,1,0.038453195,True,Roth77
TSB,permissive,novel,1,0.038453195,True,Roth77
TSB,permissive,novel,0,0.038453195,True,Roth77
TSB,permissive,novel,0,0.038453195,True,Roth77
TSB,permissive,novel,1,0.038453195,True,Roth77
TSB,permissive,novel,0,0.038453195,True,Roth77
TSB,permissive,novel,0,0.038453195,True,Roth77
TSB,permissive,novel,0,0.038453195,True,Roth77
TSB,permissive,novel,1,0.53548986,True,Roth16
TSB,permissive,novel,1,0.53548986,True,Roth16
TSB,permissive,novel,1,0.53548986,True,Roth16
TSB,permissive,novel,1,0.557893,False,Roth16
TSB,permissive,novel,1,0.0013065371,True,Roth16
TSB,permissive,novel,1,0.0013092783,True,Roth16
TSB,permissive,novel,1,0.557893,False,Roth16
TSB,permissive,novel,0,0.11978584,True,Roth16
TSB,permissive,novel,1,0.113934636,True,Roth16
TSB,permissive,novel,0,0.557893,False,Roth16
TSB,permissive,novel,1,0.38791013,True,Roth16
TSB,permissive,novel,1,0.001885943,True,Roth16
TSB,permissive,novel,1,0.5213097,True,Roth16
TSB,permissive,novel,1,0.5213097,True,Roth16
TSB,permissive,novel,1,0.000772352,True,Roth16
TSB,permissive,novel,1,0.000772352,True,Roth16
TSB,permissive,novel,1,0.0015486409,True,Roth16
TSB,permissive,novel,1,0.000772352,True,Roth16
TSB,permissive,novel,1,0.557893,False,Roth16
TSB,permissive,novel,1,0.557893,False,Roth16
TSB,permissive,novel,1,0.0033112797,True,Roth16
TSB,permissive,novel,1,0.557893,False,Roth16
TSB,permissive,novel,1,0.557893,False,Roth16
TSB,permissive,novel,1,0.0033112797,True,Roth16
TSB,permissive,novel,0,0.0033112797,True,Roth16
TSB,permissive,novel,1,0.557893,False,Roth16
TSB,permissive,novel,0,0.557893,False,Roth16
TSB,permissive,novel,0,0.0024576588,True,Roth16
TSB,permissive,novel,0,0.027386786,True,Roth16
TSB,permissive,novel,1,0.19537602,True,Roth16
TSB,permissive,novel,1,0.055626206,True,Roth16
TSB,permissive,novel,0,0.027959447,True,Roth16
TSB,permissive,novel,1,0.557893,False,Roth16
TSB,permissive,novel,0,0.557893,False,Roth16
TSB,permissive,novel,0,0.557893,False,Roth16
TSB,permissive,novel,1,0.5213097,True,Roth16
TSB,permissive,novel,1,0.0013065371,True,Roth16
TSB,permissive,novel,0,0.0013065371,True,Roth16
TSB,permissive,novel,1,0.0015182435,True,Roth16
TSB,permissive,novel,0,0.557893,False,Roth16
TSB,permissive,novel,0,0.0011108023,True,Roth16
TSB,permissive,novel,1,0.08957022,True,Roth16
TSB,permissive,novel,0,0.08957022,True,Roth16
TSB,permissive,novel,0,0.113934636,True,Roth16
TSB,permissive,novel,1,0.5213097,True,Roth16
TSB,permissive,novel,0,0.000772352,True,Roth16
TSB,permissive,novel,0,0.75985914,True,Roth16
TSB,permissive,novel,1,0.557893,False,Roth16
TSB,permissive,novel,1,0.113934636,True,Roth16
TSB,permissive,novel,0,0.031904474,True,Roth16
TSB,permissive,novel,1,0.031904474,True,Roth16
TSB,permissive,novel,1,0.12243236,True,Roth16
TSB,permissive,novel,0,0.0024576588,True,Roth16
TSB,permissive,novel,0,0.0024576588,True,Roth16
TSB,permissive,novel,0,0.557893,False,Roth16
TSB,permissive,novel,1,0.557893,False,Roth16
TSB,permissive,novel,0,0.0024864906,True,Roth16
TSB,permissive,novel,1,0.0150513705,True,Roth16
TSB,permissive,novel,1,0.0150513705,True,Roth16
TSB,permissive,novel,1,0.0150513705,True,Roth16
TSB,permissive,novel,1,0.0150513705,True,Roth16
TSB,permissive,novel,0,0.0150513705,True,Roth16
TSB,permissive,novel,0,0.00096994784,True,Roth16
TSB,permissive,novel,0,0.5213097,True,Roth16
TSB,permissive,novel,0,0.5213097,True,Roth16
TSB,permissive,novel,1,0.00096994784,True,Roth16
TSB,permissive,novel,1,0.08957022,True,Roth16
TSB,permissive,novel,0,0.08957022,True,Roth16
TSB,permissive,novel,0,0.08957022,True,Roth16
TSB,permissive,novel,0,0.08957022,True,Roth16
TSB,permissive,novel,0,0.08957022,True,Roth16
TSB,permissive,novel,1,0.08957022,True,Roth16
TSB,permissive,novel,1,0.08957022,True,Roth16
TSB,permissive,novel,0,0.08957022,True,Roth16
TSB,permissive,novel,1,0.53548986,True,Roth17
TSB,permissive,novel,1,0.53548986,True,Roth17
TSB,permissive,novel,0,0.53548986,True,Roth17
TSB,permissive,novel,1,0.557893,False,Roth17
TSB,permissive,novel,0,0.0013065371,True,Roth17
TSB,permissive,novel,0,0.0013092783,True,Roth17
TSB,permissive,novel,1,0.557893,False,Roth17
TSB,permissive,novel,0,0.11978584,True,Roth17
TSB,permissive,novel,1,0.113934636,True,Roth17
TSB,permissive,novel,0,0.557893,False,Roth17
TSB,permissive,novel,1,0.38791013,True,Roth17
TSB,permissive,novel,0,0.001885943,True,Roth17
TSB,permissive,novel,0,0.5213097,True,Roth17
TSB,permissive,novel,0,0.5213097,True,Roth17
TSB,permissive,novel,1,0.000772352,True,Roth17
TSB,permissive,novel,0,0.000772352,True,Roth17
TSB,permissive,novel,1,0.0015486409,True,Roth17
TSB,permissive,novel,1,0.000772352,True,Roth17
TSB,permissive,novel,1,0.557893,False,Roth17
TSB,permissive,novel,1,0.557893,False,Roth17
TSB,permissive,novel,1,0.0033112797,True,Roth17
TSB,permissive,novel,0,0.557893,False,Roth17
TSB,permissive,novel,1,0.557893,False,Roth17
TSB,permissive,novel,1,0.0033112797,True,Roth17
TSB,permissive,novel,0,0.0033112797,True,Roth17
TSB,permissive,novel,1,0.557893,False,Roth17
TSB,permissive,novel,0,0.557893,False,Roth17
TSB,permissive,novel,0,0.0024576588,True,Roth17
TSB,permissive,novel,0,0.027386786,True,Roth17
TSB,permissive,novel,1,0.19537602,True,Roth17
TSB,permissive,novel,1,0.055626206,True,Roth17
TSB,permissive,novel,0,0.027959447,True,Roth17
TSB,permissive,novel,1,0.557893,False,Roth17
TSB,permissive,novel,0,0.557893,False,Roth17
TSB,permissive,novel,0,0.557893,False,Roth17
TSB,permissive,novel,0,0.5213097,True,Roth17
TSB,permissive,novel,1,0.0013065371,True,Roth17
TSB,permissive,novel,0,0.0013065371,True,Roth17
TSB,permissive,novel,0,0.0015182435,True,Roth17
TSB,permissive,novel,0,0.557893,False,Roth17
TSB,permissive,novel,0,0.0011108023,True,Roth17
TSB,permissive,novel,0,0.08957022,True,Roth17
TSB,permissive,novel,0,0.08957022,True,Roth17
TSB,permissive,novel,0,0.113934636,True,Roth17
TSB,permissive,novel,1,0.5213097,True,Roth17
TSB,permissive,novel,0,0.000772352,True,Roth17
TSB,permissive,novel,0,0.75985914,True,Roth17
TSB,permissive,novel,0,0.557893,False,Roth17
TSB,permissive,novel,0,0.113934636,True,Roth17
TSB,permissive,novel,0,0.031904474,True,Roth17
TSB,permissive,novel,1,0.031904474,True,Roth17
TSB,permissive,novel,1,0.12243236,True,Roth17
TSB,permissive,novel,0,0.0024576588,True,Roth17
TSB,permissive,novel,0,0.0024576588,True,Roth17
TSB,permissive,novel,0,0.557893,False,Roth17
TSB,permissive,novel,1,0.557893,False,Roth17
TSB,permissive,novel,0,0.0024864906,True,Roth17
TSB,permissive,novel,0,0.0150513705,True,Roth17
TSB,permissive,novel,0,0.0150513705,True,Roth17
TSB,permissive,novel,0,0.0150513705,True,Roth17
TSB,permissive,novel,0,0.0150513705,True,Roth17
TSB,permissive,novel,0,0.0150513705,True,Roth17
TSB,permissive,novel,0,0.00096994784,True,Roth17
TSB,permissive,novel,0,0.5213097,True,Roth17
TSB,permissive,novel,0,0.5213097,True,Roth17
TSB,permissive,novel,1,0.00096994784,True,Roth17
TSB,permissive,novel,1,0.08957022,True,Roth17
TSB,permissive,novel,0,0.08957022,True,Roth17
TSB,permissive,novel,0,0.08957022,True,Roth17
TSB,permissive,novel,0,0.08957022,True,Roth17
TSB,permissive,novel,0,0.08957022,True,Roth17
TSB,permissive,novel,1,0.08957022,True,Roth17
TSB,permissive,novel,0,0.08957022,True,Roth17
TSB,permissive,novel,1,0.08957022,True,Roth17
TSB,permissive,novel,1,0.53548986,True,Roth21
TSB,permissive,novel,1,0.53548986,True,Roth21
TSB,permissive,novel,0,0.53548986,True,Roth21
TSB,permissive,novel,1,0.557893,False,Roth21
TSB,permissive,novel,0,0.0013065371,True,Roth21
TSB,permissive,novel,0,0.0013092783,True,Roth21
TSB,permissive,novel,1,0.557893,False,Roth21
TSB,permissive,novel,0,0.11978584,True,Roth21
TSB,permissive,novel,1,0.113934636,True,Roth21
TSB,permissive,novel,0,0.557893,False,Roth21
TSB,permissive,novel,1,0.38791013,True,Roth21
TSB,permissive,novel,0,0.001885943,True,Roth21
TSB,permissive,novel,1,0.5213097,True,Roth21
TSB,permissive,novel,1,0.5213097,True,Roth21
TSB,permissive,novel,1,0.000772352,True,Roth21
TSB,permissive,novel,1,0.000772352,True,Roth21
TSB,permissive,novel,1,0.0015486409,True,Roth21
TSB,permissive,novel,1,0.000772352,True,Roth21
TSB,permissive,novel,1,0.557893,False,Roth21
TSB,permissive,novel,1,0.557893,False,Roth21
TSB,permissive,novel,1,0.0033112797,True,Roth21
TSB,permissive,novel,1,0.557893,False,Roth21
TSB,permissive,novel,1,0.557893,False,Roth21
TSB,permissive,novel,1,0.0033112797,True,Roth21
TSB,permissive,novel,0,0.0033112797,True,Roth21
TSB,permissive,novel,1,0.557893,False,Roth21
TSB,permissive,novel,0,0.557893,False,Roth21
TSB,permissive,novel,0,0.0024576588,True,Roth21
TSB,permissive,novel,0,0.027386786,True,Roth21
TSB,permissive,novel,1,0.19537602,True,Roth21
TSB,permissive,novel,1,0.055626206,True,Roth21
TSB,permissive,novel,0,0.027959447,True,Roth21
TSB,permissive,novel,1,0.557893,False,Roth21
TSB,permissive,novel,0,0.557893,False,Roth21
TSB,permissive,novel,0,0.557893,False,Roth21
TSB,permissive,novel,1,0.5213097,True,Roth21
TSB,permissive,novel,1,0.0013065371,True,Roth21
TSB,permissive,novel,0,0.0013065371,True,Roth21
TSB,permissive,novel,1,0.0015182435,True,Roth21
TSB,permissive,novel,0,0.557893,False,Roth21
TSB,permissive,novel,0,0.0011108023,True,Roth21
TSB,permissive,novel,0,0.08957022,True,Roth21
TSB,permissive,novel,0,0.08957022,True,Roth21
TSB,permissive,novel,0,0.113934636,True,Roth21
TSB,permissive,novel,1,0.5213097,True,Roth21
TSB,permissive,novel,0,0.000772352,True,Roth21
TSB,permissive,novel,0,0.75985914,True,Roth21
TSB,permissive,novel,0,0.557893,False,Roth21
TSB,permissive,novel,0,0.113934636,True,Roth21
TSB,permissive,novel,0,0.031904474,True,Roth21
TSB,permissive,novel,1,0.031904474,True,Roth21
TSB,permissive,novel,1,0.12243236,True,Roth21
TSB,permissive,novel,0,0.0024576588,True,Roth21
TSB,permissive,novel,0,0.0024576588,True,Roth21
TSB,permissive,novel,0,0.557893,False,Roth21
TSB,permissive,novel,1,0.557893,False,Roth21
TSB,permissive,novel,1,0.0024864906,True,Roth21
TSB,permissive,novel,0,0.0150513705,True,Roth21
TSB,permissive,novel,0,0.0150513705,True,Roth21
TSB,permissive,novel,1,0.0150513705,True,Roth21
TSB,permissive,novel,1,0.0150513705,True,Roth21
TSB,permissive,novel,0,0.0150513705,True,Roth21
TSB,permissive,novel,0,0.00096994784,True,Roth21
TSB,permissive,novel,0,0.5213097,True,Roth21
TSB,permissive,novel,0,0.5213097,True,Roth21
TSB,permissive,novel,1,0.00096994784,True,Roth21
TSB,permissive,novel,1,0.08957022,True,Roth21
TSB,permissive,novel,0,0.08957022,True,Roth21
TSB,permissive,novel,0,0.08957022,True,Roth21
TSB,permissive,novel,0,0.08957022,True,Roth21
TSB,permissive,novel,0,0.08957022,True,Roth21
TSB,permissive,novel,1,0.08957022,True,Roth21
TSB,permissive,novel,0,0.08957022,True,Roth21
TSB,permissive,novel,1,0.08957022,True,Roth21
TSB,permissive,novel,1,0.30818033,True,Roth51
TSB,permissive,novel,1,0.30818033,True,Roth51
TSB,permissive,novel,0,0.30818033,True,Roth51
TSB,permissive,novel,1,0.32778427,False,Roth51
TSB,permissive,novel,0,0.0008813991,True,Roth51
TSB,permissive,novel,1,0.0005063335,True,Roth51
TSB,permissive,novel,1,0.32778427,False,Roth51
TSB,permissive,novel,0,0.09799873,True,Roth51
TSB,permissive,novel,0,0.057122394,True,Roth51
TSB,permissive,novel,0,0.32778427,False,Roth51
TSB,permissive,novel,1,0.14724192,True,Roth51
TSB,permissive,novel,1,0.0007296048,True,Roth51
TSB,permissive,novel,1,0.094725184,True,Roth51
TSB,permissive,novel,1,0.094725184,True,Roth51
TSB,permissive,novel,0,0.000527662,True,Roth51
TSB,permissive,novel,0,0.000527662,True,Roth51
TSB,permissive,novel,1,0.0012367512,True,Roth51
TSB,permissive,novel,0,0.000527662,True,Roth51
TSB,permissive,novel,1,0.32778427,False,Roth51
TSB,permissive,novel,1,0.32778427,False,Roth51
TSB,permissive,novel,1,0.0023597504,True,Roth51
TSB,permissive,novel,1,0.32778427,False,Roth51
TSB,permissive,novel,0,0.32778427,False,Roth51
TSB,permissive,novel,0,0.0023597504,True,Roth51
TSB,permissive,novel,0,0.0023597504,True,Roth51
TSB,permissive,novel,1,0.32778427,False,Roth51
TSB,permissive,novel,0,0.32778427,False,Roth51
TSB,permissive,novel,0,0.001658576,True,Roth51
TSB,permissive,novel,0,0.023073873,True,Roth51
TSB,permissive,novel,0,0.21719797,True,Roth51
TSB,permissive,novel,1,0.036210254,True,Roth51
TSB,permissive,novel,0,0.017355517,True,Roth51
TSB,permissive,novel,1,0.32778427,False,Roth51
TSB,permissive,novel,0,0.32778427,False,Roth51
TSB,permissive,novel,1,0.32778427,False,Roth51
TSB,permissive,novel,1,0.094725184,True,Roth51
TSB,permissive,novel,1,0.0008813991,True,Roth51
TSB,permissive,novel,0,0.0008813991,True,Roth51
TSB,permissive,novel,0,0.0012124683,True,Roth51
TSB,permissive,novel,0,0.32778427,False,Roth51
TSB,permissive,novel,0,0.00065105443,True,Roth51
TSB,permissive,novel,0,0.0203978,True,Roth51
TSB,permissive,novel,0,0.0203978,True,Roth51
TSB,permissive,novel,0,0.057122394,True,Roth51
TSB,permissive,novel,1,0.094725184,True,Roth51
TSB,permissive,novel,0,0.000527662,True,Roth51
TSB,permissive,novel,0,0.5500984,True,Roth51
TSB,permissive,novel,0,0.32778427,False,Roth51
TSB,permissive,novel,0,0.057122394,True,Roth51
TSB,permissive,novel,0,0.025636023,True,Roth51
TSB,permissive,novel,0,0.025636023,True,Roth51
TSB,permissive,novel,1,0.15523356,True,Roth51
TSB,permissive,novel,0,0.001658576,True,Roth51
TSB,permissive,novel,0,0.001658576,True,Roth51
TSB,permissive,novel,0,0.32778427,False,Roth51
TSB,permissive,novel,1,0.32778427,False,Roth51
TSB,permissive,novel,0,0.0017922549,True,Roth51
TSB,permissive,novel,1,0.009504634,True,Roth51
TSB,permissive,novel,1,0.009504634,True,Roth51
TSB,permissive,novel,1,0.009504634,True,Roth51
TSB,permissive,novel,1,0.009504634,True,Roth51
TSB,permissive,novel,1,0.009504634,True,Roth51
TSB,permissive,novel,1,0.00066269864,True,Roth51
TSB,permissive,novel,0,0.094725184,True,Roth51
TSB,permissive,novel,0,0.094725184,True,Roth51
TSB,permissive,novel,1,0.00066269864,True,Roth51
TSB,permissive,novel,0,0.0203978,True,Roth51
TSB,permissive,novel,0,0.0203978,True,Roth51
TSB,permissive,novel,0,0.0203978,True,Roth51
TSB,permissive,novel,0,0.0203978,True,Roth51
TSB,permissive,novel,0,0.0203978,True,Roth51
TSB,permissive,novel,0,0.0203978,True,Roth51
TSB,permissive,novel,0,0.0203978,True,Roth51
TSB,permissive,novel,0,0.0203978,True,Roth51
TSB,permissive,novel,1,0.30818033,True,Roth80
TSB,permissive,novel,1,0.30818033,True,Roth80
TSB,permissive,novel,0,0.30818033,True,Roth80
TSB,permissive,novel,1,0.32778427,False,Roth80
TSB,permissive,novel,1,0.0008813991,True,Roth80
TSB,permissive,novel,1,0.0005063335,True,Roth80
TSB,permissive,novel,1,0.32778427,False,Roth80
TSB,permissive,novel,0,0.09799873,True,Roth80
TSB,permissive,novel,1,0.057122394,True,Roth80
TSB,permissive,novel,0,0.32778427,False,Roth80
TSB,permissive,novel,1,0.14724192,True,Roth80
TSB,permissive,novel,1,0.0007296048,True,Roth80
TSB,permissive,novel,1,0.094725184,True,Roth80
TSB,permissive,novel,1,0.094725184,True,Roth80
TSB,permissive,novel,0,0.000527662,True,Roth80
TSB,permissive,novel,0,0.000527662,True,Roth80
TSB,permissive,novel,1,0.0012367512,True,Roth80
TSB,permissive,novel,0,0.000527662,True,Roth80
TSB,permissive,novel,1,0.32778427,False,Roth80
TSB,permissive,novel,1,0.32778427,False,Roth80
TSB,permissive,novel,0,0.0023597504,True,Roth80
TSB,permissive,novel,1,0.32778427,False,Roth80
TSB,permissive,novel,0,0.32778427,False,Roth80
TSB,permissive,novel,1,0.0023597504,True,Roth80
TSB,permissive,novel,0,0.0023597504,True,Roth80
TSB,permissive,novel,1,0.32778427,False,Roth80
TSB,permissive,novel,0,0.32778427,False,Roth80
TSB,permissive,novel,0,0.001658576,True,Roth80
TSB,permissive,novel,0,0.023073873,True,Roth80
TSB,permissive,novel,1,0.21719797,True,Roth80
TSB,permissive,novel,1,0.036210254,True,Roth80
TSB,permissive,novel,0,0.017355517,True,Roth80
TSB,permissive,novel,1,0.32778427,False,Roth80
TSB,permissive,novel,1,0.32778427,False,Roth80
TSB,permissive,novel,1,0.32778427,False,Roth80
TSB,permissive,novel,1,0.094725184,True,Roth80
TSB,permissive,novel,1,0.0008813991,True,Roth80
TSB,permissive,novel,0,0.0008813991,True,Roth80
TSB,permissive,novel,0,0.0012124683,True,Roth80
TSB,permissive,novel,0,0.32778427,False,Roth80
TSB,permissive,novel,0,0.00065105443,True,Roth80
TSB,permissive,novel,1,0.0203978,True,Roth80
TSB,permissive,novel,0,0.0203978,True,Roth80
TSB,permissive,novel,0,0.057122394,True,Roth80
TSB,permissive,novel,1,0.094725184,True,Roth80
TSB,permissive,novel,0,0.000527662,True,Roth80
TSB,permissive,novel,0,0.5500984,True,Roth80
TSB,permissive,novel,0,0.32778427,False,Roth80
TSB,permissive,novel,1,0.057122394,True,Roth80
TSB,permissive,novel,1,0.025636023,True,Roth80
TSB,permissive,novel,1,0.025636023,True,Roth80
TSB,permissive,novel,1,0.15523356,True,Roth80
TSB,permissive,novel,0,0.001658576,True,Roth80
TSB,permissive,novel,0,0.001658576,True,Roth80
TSB,permissive,novel,0,0.32778427,False,Roth80
TSB,permissive,novel,1,0.32778427,False,Roth80
TSB,permissive,novel,1,0.0017922549,True,Roth80
TSB,permissive,novel,1,0.009504634,True,Roth80
TSB,permissive,novel,1,0.009504634,True,Roth80
TSB,permissive,novel,1,0.009504634,True,Roth80
TSB,permissive,novel,1,0.009504634,True,Roth80
TSB,permissive,novel,1,0.009504634,True,Roth80
TSB,permissive,novel,1,0.00066269864,True,Roth80
TSB,permissive,novel,0,0.094725184,True,Roth80
TSB,permissive,novel,0,0.094725184,True,Roth80
TSB,permissive,novel,1,0.00066269864,True,Roth80
TSB,permissive,novel,0,0.0203978,True,Roth80
TSB,permissive,novel,0,0.0203978,True,Roth80
TSB,permissive,novel,0,0.0203978,True,Roth80
TSB,permissive,novel,0,0.0203978,True,Roth80
TSB,permissive,novel,0,0.0203978,True,Roth80
TSB,permissive,novel,0,0.0203978,True,Roth80
TSB,permissive,novel,0,0.0203978,True,Roth80
TSB,permissive,novel,0,0.0203978,True,Roth80
TSB,permissive,novel,1,0.30818033,True,Roth66
TSB,permissive,novel,1,0.30818033,True,Roth66
TSB,permissive,novel,1,0.30818033,True,Roth66
TSB,permissive,novel,1,0.32778427,False,Roth66
TSB,permissive,novel,1,0.0008813991,True,Roth66
TSB,permissive,novel,1,0.0005063335,True,Roth66
TSB,permissive,novel,1,0.32778427,False,Roth66
TSB,permissive,novel,0,0.09799873,True,Roth66
TSB,permissive,novel,1,0.057122394,True,Roth66
TSB,permissive,novel,0,0.32778427,False,Roth66
TSB,permissive,novel,1,0.14724192,True,Roth66
TSB,permissive,novel,1,0.0007296048,True,Roth66
TSB,permissive,novel,1,0.094725184,True,Roth66
TSB,permissive,novel,1,0.094725184,True,Roth66
TSB,permissive,novel,0,0.000527662,True,Roth66
TSB,permissive,novel,0,0.000527662,True,Roth66
TSB,permissive,novel,1,0.0012367512,True,Roth66
TSB,permissive,novel,0,0.000527662,True,Roth66
TSB,permissive,novel,1,0.32778427,False,Roth66
TSB,permissive,novel,1,0.32778427,False,Roth66
TSB,permissive,novel,0,0.0023597504,True,Roth66
TSB,permissive,novel,1,0.32778427,False,Roth66
TSB,permissive,novel,0,0.32778427,False,Roth66
TSB,permissive,novel,1,0.0023597504,True,Roth66
TSB,permissive,novel,0,0.0023597504,True,Roth66
TSB,permissive,novel,1,0.32778427,False,Roth66
TSB,permissive,novel,0,0.32778427,False,Roth66
TSB,permissive,novel,0,0.001658576,True,Roth66
TSB,permissive,novel,0,0.023073873,True,Roth66
TSB,permissive,novel,1,0.21719797,True,Roth66
TSB,permissive,novel,1,0.036210254,True,Roth66
TSB,permissive,novel,0,0.017355517,True,Roth66
TSB,permissive,novel,1,0.32778427,False,Roth66
TSB,permissive,novel,1,0.32778427,False,Roth66
TSB,permissive,novel,1,0.32778427,False,Roth66
TSB,permissive,novel,1,0.094725184,True,Roth66
TSB,permissive,novel,1,0.0008813991,True,Roth66
TSB,permissive,novel,0,0.0008813991,True,Roth66
TSB,permissive,novel,1,0.0012124683,True,Roth66
TSB,permissive,novel,0,0.32778427,False,Roth66
TSB,permissive,novel,0,0.00065105443,True,Roth66
TSB,permissive,novel,0,0.0203978,True,Roth66
TSB,permissive,novel,0,0.0203978,True,Roth66
TSB,permissive,novel,0,0.057122394,True,Roth66
TSB,permissive,novel,1,0.094725184,True,Roth66
TSB,permissive,novel,0,0.000527662,True,Roth66
TSB,permissive,novel,0,0.5500984,True,Roth66
TSB,permissive,novel,0,0.32778427,False,Roth66
TSB,permissive,novel,1,0.057122394,True,Roth66
TSB,permissive,novel,1,0.025636023,True,Roth66
TSB,permissive,novel,1,0.025636023,True,Roth66
TSB,permissive,novel,1,0.15523356,True,Roth66
TSB,permissive,novel,0,0.001658576,True,Roth66
TSB,permissive,novel,0,0.001658576,True,Roth66
TSB,permissive,novel,0,0.32778427,False,Roth66
TSB,permissive,novel,1,0.32778427,False,Roth66
TSB,permissive,novel,1,0.0017922549,True,Roth66
TSB,permissive,novel,1,0.009504634,True,Roth66
TSB,permissive,novel,1,0.009504634,True,Roth66
TSB,permissive,novel,1,0.009504634,True,Roth66
TSB,permissive,novel,1,0.009504634,True,Roth66
TSB,permissive,novel,1,0.009504634,True,Roth66
TSB,permissive,novel,1,0.00066269864,True,Roth66
TSB,permissive,novel,0,0.094725184,True,Roth66
TSB,permissive,novel,0,0.094725184,True,Roth66
TSB,permissive,novel,1,0.00066269864,True,Roth66
TSB,permissive,novel,0,0.0203978,True,Roth66
TSB,permissive,novel,0,0.0203978,True,Roth66
TSB,permissive,novel,0,0.0203978,True,Roth66
TSB,permissive,novel,0,0.0203978,True,Roth66
TSB,permissive,novel,0,0.0203978,True,Roth66
TSB,permissive,novel,0,0.0203978,True,Roth66
TSB,permissive,novel,0,0.0203978,True,Roth66
TSB,permissive,novel,0,0.0203978,True,Roth66
TSB,permissive,novel,1,0.30818033,True,Roth68
TSB,permissive,novel,1,0.30818033,True,Roth68
TSB,permissive,novel,1,0.30818033,True,Roth68
TSB,permissive,novel,1,0.32778427,False,Roth68
TSB,permissive,novel,1,0.0008813991,True,Roth68
TSB,permissive,novel,1,0.0005063335,True,Roth68
TSB,permissive,novel,1,0.32778427,False,Roth68
TSB,permissive,novel,0,0.09799873,True,Roth68
TSB,permissive,novel,1,0.057122394,True,Roth68
TSB,permissive,novel,0,0.32778427,False,Roth68
TSB,permissive,novel,0,0.14724192,True,Roth68
TSB,permissive,novel,1,0.0007296048,True,Roth68
TSB,permissive,novel,1,0.094725184,True,Roth68
TSB,permissive,novel,1,0.094725184,True,Roth68
TSB,permissive,novel,0,0.000527662,True,Roth68
TSB,permissive,novel,0,0.000527662,True,Roth68
TSB,permissive,novel,1,0.0012367512,True,Roth68
TSB,permissive,novel,0,0.000527662,True,Roth68
TSB,permissive,novel,1,0.32778427,False,Roth68
TSB,permissive,novel,1,0.32778427,False,Roth68
TSB,permissive,novel,1,0.0023597504,True,Roth68
TSB,permissive,novel,1,0.32778427,False,Roth68
TSB,permissive,novel,0,0.32778427,False,Roth68
TSB,permissive,novel,1,0.0023597504,True,Roth68
TSB,permissive,novel,0,0.0023597504,True,Roth68
TSB,permissive,novel,1,0.32778427,False,Roth68
TSB,permissive,novel,0,0.32778427,False,Roth68
TSB,permissive,novel,0,0.001658576,True,Roth68
TSB,permissive,novel,0,0.023073873,True,Roth68
TSB,permissive,novel,1,0.21719797,True,Roth68
TSB,permissive,novel,1,0.036210254,True,Roth68
TSB,permissive,novel,0,0.017355517,True,Roth68
TSB,permissive,novel,1,0.32778427,False,Roth68
TSB,permissive,novel,0,0.32778427,False,Roth68
TSB,permissive,novel,1,0.32778427,False,Roth68
TSB,permissive,novel,1,0.094725184,True,Roth68
TSB,permissive,novel,1,0.0008813991,True,Roth68
TSB,permissive,novel,0,0.0008813991,True,Roth68
TSB,permissive,novel,0,0.0012124683,True,Roth68
TSB,permissive,novel,0,0.32778427,False,Roth68
TSB,permissive,novel,0,0.00065105443,True,Roth68
TSB,permissive,novel,0,0.0203978,True,Roth68
TSB,permissive,novel,0,0.0203978,True,Roth68
TSB,permissive,novel,0,0.057122394,True,Roth68
TSB,permissive,novel,1,0.094725184,True,Roth68
TSB,permissive,novel,0,0.000527662,True,Roth68
TSB,permissive,novel,0,0.5500984,True,Roth68
TSB,permissive,novel,0,0.32778427,False,Roth68
TSB,permissive,novel,1,0.057122394,True,Roth68
TSB,permissive,novel,1,0.025636023,True,Roth68
TSB,permissive,novel,1,0.025636023,True,Roth68
TSB,permissive,novel,1,0.15523356,True,Roth68
TSB,permissive,novel,0,0.001658576,True,Roth68
TSB,permissive,novel,0,0.001658576,True,Roth68
TSB,permissive,novel,0,0.32778427,False,Roth68
TSB,permissive,novel,1,0.32778427,False,Roth68
TSB,permissive,novel,1,0.0017922549,True,Roth68
TSB,permissive,novel,1,0.009504634,True,Roth68
TSB,permissive,novel,1,0.009504634,True,Roth68
TSB,permissive,novel,1,0.009504634,True,Roth68
TSB,permissive,novel,1,0.009504634,True,Roth68
TSB,permissive,novel,1,0.009504634,True,Roth68
TSB,permissive,novel,1,0.00066269864,True,Roth68
TSB,permissive,novel,0,0.094725184,True,Roth68
TSB,permissive,novel,0,0.094725184,True,Roth68
TSB,permissive,novel,1,0.00066269864,True,Roth68
TSB,permissive,novel,0,0.0203978,True,Roth68
TSB,permissive,novel,0,0.0203978,True,Roth68
TSB,permissive,novel,0,0.0203978,True,Roth68
TSB,permissive,novel,0,0.0203978,True,Roth68
TSB,permissive,novel,0,0.0203978,True,Roth68
TSB,permissive,novel,0,0.0203978,True,Roth68
TSB,permissive,novel,0,0.0203978,True,Roth68
TSB,permissive,novel,0,0.0203978,True,Roth68
TSB,permissive,novel,0,0.30818033,True,Roth76
TSB,permissive,novel,1,0.30818033,True,Roth76
TSB,permissive,novel,1,0.30818033,True,Roth76
TSB,permissive,novel,1,0.32778427,False,Roth76
TSB,permissive,novel,1,0.0008813991,True,Roth76
TSB,permissive,novel,0,0.0005063335,True,Roth76
TSB,permissive,novel,1,0.32778427,False,Roth76
TSB,permissive,novel,0,0.09799873,True,Roth76
TSB,permissive,novel,1,0.057122394,True,Roth76
TSB,permissive,novel,0,0.32778427,False,Roth76
TSB,permissive,novel,1,0.14724192,True,Roth76
TSB,permissive,novel,1,0.0007296048,True,Roth76
TSB,permissive,novel,1,0.094725184,True,Roth76
TSB,permissive,novel,1,0.094725184,True,Roth76
TSB,permissive,novel,0,0.000527662,True,Roth76
TSB,permissive,novel,0,0.000527662,True,Roth76
TSB,permissive,novel,1,0.0012367512,True,Roth76
TSB,permissive,novel,0,0.000527662,True,Roth76
TSB,permissive,novel,1,0.32778427,False,Roth76
TSB,permissive,novel,1,0.32778427,False,Roth76
TSB,permissive,novel,1,0.0023597504,True,Roth76
TSB,permissive,novel,1,0.32778427,False,Roth76
TSB,permissive,novel,1,0.32778427,False,Roth76
TSB,permissive,novel,1,0.0023597504,True,Roth76
TSB,permissive,novel,0,0.0023597504,True,Roth76
TSB,permissive,novel,1,0.32778427,False,Roth76
TSB,permissive,novel,0,0.32778427,False,Roth76
TSB,permissive,novel,0,0.001658576,True,Roth76
TSB,permissive,novel,0,0.023073873,True,Roth76
TSB,permissive,novel,1,0.21719797,True,Roth76
TSB,permissive,novel,1,0.036210254,True,Roth76
TSB,permissive,novel,0,0.017355517,True,Roth76
TSB,permissive,novel,1,0.32778427,False,Roth76
TSB,permissive,novel,1,0.32778427,False,Roth76
TSB,permissive,novel,1,0.32778427,False,Roth76
TSB,permissive,novel,1,0.094725184,True,Roth76
TSB,permissive,novel,1,0.0008813991,True,Roth76
TSB,permissive,novel,0,0.0008813991,True,Roth76
TSB,permissive,novel,1,0.0012124683,True,Roth76
TSB,permissive,novel,0,0.32778427,False,Roth76
TSB,permissive,novel,0,0.00065105443,True,Roth76
TSB,permissive,novel,0,0.0203978,True,Roth76
TSB,permissive,novel,0,0.0203978,True,Roth76
TSB,permissive,novel,0,0.057122394,True,Roth76
TSB,permissive,novel,1,0.094725184,True,Roth76
TSB,permissive,novel,0,0.000527662,True,Roth76
TSB,permissive,novel,0,0.5500984,True,Roth76
TSB,permissive,novel,0,0.32778427,False,Roth76
TSB,permissive,novel,1,0.057122394,True,Roth76
TSB,permissive,novel,1,0.025636023,True,Roth76
TSB,permissive,novel,1,0.025636023,True,Roth76
TSB,permissive,novel,1,0.15523356,True,Roth76
TSB,permissive,novel,0,0.001658576,True,Roth76
TSB,permissive,novel,0,0.001658576,True,Roth76
TSB,permissive,novel,0,0.32778427,False,Roth76
TSB,permissive,novel,1,0.32778427,False,Roth76
TSB,permissive,novel,1,0.0017922549,True,Roth76
TSB,permissive,novel,1,0.009504634,True,Roth76
TSB,permissive,novel,1,0.009504634,True,Roth76
TSB,permissive,novel,1,0.009504634,True,Roth76
TSB,permissive,novel,1,0.009504634,True,Roth76
TSB,permissive,novel,1,0.009504634,True,Roth76
TSB,permissive,novel,1,0.00066269864,True,Roth76
TSB,permissive,novel,0,0.094725184,True,Roth76
TSB,permissive,novel,0,0.094725184,True,Roth76
TSB,permissive,novel,1,0.00066269864,True,Roth76
TSB,permissive,novel,1,0.0203978,True,Roth76
TSB,permissive,novel,0,0.0203978,True,Roth76
TSB,permissive,novel,0,0.0203978,True,Roth76
TSB,permissive,novel,0,0.0203978,True,Roth76
TSB,permissive,novel,0,0.0203978,True,Roth76
TSB,permissive,novel,0,0.0203978,True,Roth76
TSB,permissive,novel,0,0.0203978,True,Roth76
TSB,permissive,novel,0,0.0203978,True,Roth76
TSB,permissive,novel,1,0.30818033,True,Roth34
TSB,permissive,novel,1,0.30818033,True,Roth34
TSB,permissive,novel,0,0.30818033,True,Roth34
TSB,permissive,novel,1,0.32778427,False,Roth34
TSB,permissive,novel,1,0.0008813991,True,Roth34
TSB,permissive,novel,1,0.0005063335,True,Roth34
TSB,permissive,novel,1,0.32778427,False,Roth34
TSB,permissive,novel,0,0.09799873,True,Roth34
TSB,permissive,novel,1,0.057122394,True,Roth34
TSB,permissive,novel,0,0.32778427,False,Roth34
TSB,permissive,novel,1,0.14724192,True,Roth34
TSB,permissive,novel,0,0.0007296048,True,Roth34
TSB,permissive,novel,1,0.094725184,True,Roth34
TSB,permissive,novel,1,0.094725184,True,Roth34
TSB,permissive,novel,0,0.000527662,True,Roth34
TSB,permissive,novel,0,0.000527662,True,Roth34
TSB,permissive,novel,1,0.0012367512,True,Roth34
TSB,permissive,novel,0,0.000527662,True,Roth34
TSB,permissive,novel,1,0.32778427,False,Roth34
TSB,permissive,novel,0,0.32778427,False,Roth34
TSB,permissive,novel,1,0.0023597504,True,Roth34
TSB,permissive,novel,1,0.32778427,False,Roth34
TSB,permissive,novel,0,0.32778427,False,Roth34
TSB,permissive,novel,1,0.0023597504,True,Roth34
TSB,permissive,novel,0,0.0023597504,True,Roth34
TSB,permissive,novel,1,0.32778427,False,Roth34
TSB,permissive,novel,0,0.32778427,False,Roth34
TSB,permissive,novel,0,0.001658576,True,Roth34
TSB,permissive,novel,0,0.023073873,True,Roth34
TSB,permissive,novel,1,0.21719797,True,Roth34
TSB,permissive,novel,1,0.036210254,True,Roth34
TSB,permissive,novel,0,0.017355517,True,Roth34
TSB,permissive,novel,1,0.32778427,False,Roth34
TSB,permissive,novel,0,0.32778427,False,Roth34
TSB,permissive,novel,0,0.32778427,False,Roth34
TSB,permissive,novel,1,0.094725184,True,Roth34
TSB,permissive,novel,0,0.0008813991,True,Roth34
TSB,permissive,novel,0,0.0008813991,True,Roth34
TSB,permissive,novel,0,0.0012124683,True,Roth34
TSB,permissive,novel,0,0.32778427,False,Roth34
TSB,permissive,novel,0,0.00065105443,True,Roth34
TSB,permissive,novel,0,0.0203978,True,Roth34
TSB,permissive,novel,0,0.0203978,True,Roth34
TSB,permissive,novel,0,0.057122394,True,Roth34
TSB,permissive,novel,1,0.094725184,True,Roth34
TSB,permissive,novel,0,0.000527662,True,Roth34
TSB,permissive,novel,0,0.5500984,True,Roth34
TSB,permissive,novel,0,0.32778427,False,Roth34
TSB,permissive,novel,0,0.057122394,True,Roth34
TSB,permissive,novel,0,0.025636023,True,Roth34
TSB,permissive,novel,0,0.025636023,True,Roth34
TSB,permissive,novel,1,0.15523356,True,Roth34
TSB,permissive,novel,0,0.001658576,True,Roth34
TSB,permissive,novel,0,0.001658576,True,Roth34
TSB,permissive,novel,0,0.32778427,False,Roth34
TSB,permissive,novel,0,0.32778427,False,Roth34
TSB,permissive,novel,0,0.0017922549,True,Roth34
TSB,permissive,novel,1,0.009504634,True,Roth34
TSB,permissive,novel,0,0.009504634,True,Roth34
TSB,permissive,novel,1,0.009504634,True,Roth34
TSB,permissive,novel,0,0.009504634,True,Roth34
TSB,permissive,novel,0,0.009504634,True,Roth34
TSB,permissive,novel,0,0.00066269864,True,Roth34
TSB,permissive,novel,0,0.094725184,True,Roth34
TSB,permissive,novel,0,0.094725184,True,Roth34
TSB,permissive,novel,1,0.00066269864,True,Roth34
TSB,permissive,novel,0,0.0203978,True,Roth34
TSB,permissive,novel,0,0.0203978,True,Roth34
TSB,permissive,novel,0,0.0203978,True,Roth34
TSB,permissive,novel,0,0.0203978,True,Roth34
TSB,permissive,novel,0,0.0203978,True,Roth34
TSB,permissive,novel,0,0.0203978,True,Roth34
TSB,permissive,novel,0,0.0203978,True,Roth34
TSB,permissive,novel,0,0.0203978,True,Roth34
TSB,permissive,novel,1,0.30818033,True,Roth79
TSB,permissive,novel,1,0.30818033,True,Roth79
TSB,permissive,novel,1,0.30818033,True,Roth79
TSB,permissive,novel,1,0.32778427,False,Roth79
TSB,permissive,novel,1,0.0008813991,True,Roth79
TSB,permissive,novel,1,0.0005063335,True,Roth79
TSB,permissive,novel,1,0.32778427,False,Roth79
TSB,permissive,novel,0,0.09799873,True,Roth79
TSB,permissive,novel,1,0.057122394,True,Roth79
TSB,permissive,novel,0,0.32778427,False,Roth79
TSB,permissive,novel,1,0.14724192,True,Roth79
TSB,permissive,novel,1,0.0007296048,True,Roth79
TSB,permissive,novel,1,0.094725184,True,Roth79
TSB,permissive,novel,1,0.094725184,True,Roth79
TSB,permissive,novel,0,0.000527662,True,Roth79
TSB,permissive,novel,0,0.000527662,True,Roth79
TSB,permissive,novel,1,0.0012367512,True,Roth79
TSB,permissive,novel,0,0.000527662,True,Roth79
TSB,permissive,novel,1,0.32778427,False,Roth79
TSB,permissive,novel,1,0.32778427,False,Roth79
TSB,permissive,novel,1,0.0023597504,True,Roth79
TSB,permissive,novel,1,0.32778427,False,Roth79
TSB,permissive,novel,0,0.32778427,False,Roth79
TSB,permissive,novel,1,0.0023597504,True,Roth79
TSB,permissive,novel,0,0.0023597504,True,Roth79
TSB,permissive,novel,1,0.32778427,False,Roth79
TSB,permissive,novel,0,0.32778427,False,Roth79
TSB,permissive,novel,0,0.001658576,True,Roth79
TSB,permissive,novel,0,0.023073873,True,Roth79
TSB,permissive,novel,1,0.21719797,True,Roth79
TSB,permissive,novel,1,0.036210254,True,Roth79
TSB,permissive,novel,0,0.017355517,True,Roth79
TSB,permissive,novel,1,0.32778427,False,Roth79
TSB,permissive,novel,1,0.32778427,False,Roth79
TSB,permissive,novel,1,0.32778427,False,Roth79
TSB,permissive,novel,1,0.094725184,True,Roth79
TSB,permissive,novel,1,0.0008813991,True,Roth79
TSB,permissive,novel,0,0.0008813991,True,Roth79
TSB,permissive,novel,1,0.0012124683,True,Roth79
TSB,permissive,novel,0,0.32778427,False,Roth79
TSB,permissive,novel,0,0.00065105443,True,Roth79
TSB,permissive,novel,0,0.0203978,True,Roth79
TSB,permissive,novel,0,0.0203978,True,Roth79
TSB,permissive,novel,0,0.057122394,True,Roth79
TSB,permissive,novel,1,0.094725184,True,Roth79
TSB,permissive,novel,0,0.000527662,True,Roth79
TSB,permissive,novel,0,0.5500984,True,Roth79
TSB,permissive,novel,0,0.32778427,False,Roth79
TSB,permissive,novel,1,0.057122394,True,Roth79
TSB,permissive,novel,1,0.025636023,True,Roth79
TSB,permissive,novel,1,0.025636023,True,Roth79
TSB,permissive,novel,1,0.15523356,True,Roth79
TSB,permissive,novel,0,0.001658576,True,Roth79
TSB,permissive,novel,0,0.001658576,True,Roth79
TSB,permissive,novel,0,0.32778427,False,Roth79
TSB,permissive,novel,1,0.32778427,False,Roth79
TSB,permissive,novel,1,0.0017922549,True,Roth79
TSB,permissive,novel,1,0.009504634,True,Roth79
TSB,permissive,novel,1,0.009504634,True,Roth79
TSB,permissive,novel,1,0.009504634,True,Roth79
TSB,permissive,novel,1,0.009504634,True,Roth79
TSB,permissive,novel,1,0.009504634,True,Roth79
TSB,permissive,novel,1,0.00066269864,True,Roth79
TSB,permissive,novel,0,0.094725184,True,Roth79
TSB,permissive,novel,0,0.094725184,True,Roth79
TSB,permissive,novel,1,0.00066269864,True,Roth79
TSB,permissive,novel,1,0.0203978,True,Roth79
TSB,permissive,novel,0,0.0203978,True,Roth79
TSB,permissive,novel,0,0.0203978,True,Roth79
TSB,permissive,novel,0,0.0203978,True,Roth79
TSB,permissive,novel,0,0.0203978,True,Roth79
TSB,permissive,novel,0,0.0203978,True,Roth79
TSB,permissive,novel,0,0.0203978,True,Roth79
TSB,permissive,novel,0,0.0203978,True,Roth79
TSB,permissive,novel,1,0.30818033,True,Roth01
TSB,permissive,novel,1,0.30818033,True,Roth01
TSB,permissive,novel,1,0.30818033,True,Roth01
TSB,permissive,novel,1,0.32778427,False,Roth01
TSB,permissive,novel,1,0.0008813991,True,Roth01
TSB,permissive,novel,1,0.0005063335,True,Roth01
TSB,permissive,novel,1,0.32778427,False,Roth01
TSB,permissive,novel,0,0.09799873,True,Roth01
TSB,permissive,novel,1,0.057122394,True,Roth01
TSB,permissive,novel,0,0.32778427,False,Roth01
TSB,permissive,novel,1,0.14724192,True,Roth01
TSB,permissive,novel,1,0.0007296048,True,Roth01
TSB,permissive,novel,1,0.094725184,True,Roth01
TSB,permissive,novel,1,0.094725184,True,Roth01
TSB,permissive,novel,0,0.000527662,True,Roth01
TSB,permissive,novel,0,0.000527662,True,Roth01
TSB,permissive,novel,1,0.0012367512,True,Roth01
TSB,permissive,novel,0,0.000527662,True,Roth01
TSB,permissive,novel,1,0.32778427,False,Roth01
TSB,permissive,novel,1,0.32778427,False,Roth01
TSB,permissive,novel,1,0.0023597504,True,Roth01
TSB,permissive,novel,1,0.32778427,False,Roth01
TSB,permissive,novel,1,0.32778427,False,Roth01
TSB,permissive,novel,1,0.0023597504,True,Roth01
TSB,permissive,novel,0,0.0023597504,True,Roth01
TSB,permissive,novel,1,0.32778427,False,Roth01
TSB,permissive,novel,0,0.32778427,False,Roth01
TSB,permissive,novel,0,0.001658576,True,Roth01
TSB,permissive,novel,0,0.023073873,True,Roth01
TSB,permissive,novel,1,0.21719797,True,Roth01
TSB,permissive,novel,1,0.036210254,True,Roth01
TSB,permissive,novel,0,0.017355517,True,Roth01
TSB,permissive,novel,1,0.32778427,False,Roth01
TSB,permissive,novel,1,0.32778427,False,Roth01
TSB,permissive,novel,1,0.32778427,False,Roth01
TSB,permissive,novel,1,0.094725184,True,Roth01
TSB,permissive,novel,1,0.0008813991,True,Roth01
TSB,permissive,novel,0,0.0008813991,True,Roth01
TSB,permissive,novel,1,0.0012124683,True,Roth01
TSB,permissive,novel,0,0.32778427,False,Roth01
TSB,permissive,novel,0,0.00065105443,True,Roth01
TSB,permissive,novel,0,0.0203978,True,Roth01
TSB,permissive,novel,0,0.0203978,True,Roth01
TSB,permissive,novel,0,0.057122394,True,Roth01
TSB,permissive,novel,0,0.094725184,True,Roth01
TSB,permissive,novel,0,0.000527662,True,Roth01
TSB,permissive,novel,0,0.5500984,True,Roth01
TSB,permissive,novel,0,0.32778427,False,Roth01
TSB,permissive,novel,1,0.057122394,True,Roth01
TSB,permissive,novel,0,0.025636023,True,Roth01
TSB,permissive,novel,1,0.025636023,True,Roth01
TSB,permissive,novel,1,0.15523356,True,Roth01
TSB,permissive,novel,0,0.001658576,True,Roth01
TSB,permissive,novel,0,0.001658576,True,Roth01
TSB,permissive,novel,0,0.32778427,False,Roth01
TSB,permissive,novel,1,0.32778427,False,Roth01
TSB,permissive,novel,1,0.0017922549,True,Roth01
TSB,permissive,novel,1,0.009504634,True,Roth01
TSB,permissive,novel,1,0.009504634,True,Roth01
TSB,permissive,novel,1,0.009504634,True,Roth01
TSB,permissive,novel,1,0.009504634,True,Roth01
TSB,permissive,novel,1,0.009504634,True,Roth01
TSB,permissive,novel,1,0.00066269864,True,Roth01
TSB,permissive,novel,0,0.094725184,True,Roth01
TSB,permissive,novel,0,0.094725184,True,Roth01
TSB,permissive,novel,1,0.00066269864,True,Roth01
TSB,permissive,novel,0,0.0203978,True,Roth01
TSB,permissive,novel,0,0.0203978,True,Roth01
TSB,permissive,novel,0,0.0203978,True,Roth01
TSB,permissive,novel,0,0.0203978,True,Roth01
TSB,permissive,novel,0,0.0203978,True,Roth01
TSB,permissive,novel,0,0.0203978,True,Roth01
TSB,permissive,novel,0,0.0203978,True,Roth01
TSB,permissive,novel,0,0.0203978,True,Roth01
